datetime,wind_speed_ms,wind_direction_deg,pressure_hpa,temperature_c,humidity
2024-01-01 00:00:00,0.09999999999999999,137.0,758.4666666666667,-1.0166666666666668,62.166666666666664
2024-01-01 01:00:00,0.2833333333333333,207.16666666666666,758.3833333333333,-1.5333333333333332,64.0
2024-01-01 02:00:00,0.20000000000000004,63.0,758.3833333333333,-1.1500000000000001,61.333333333333336
2024-01-01 03:00:00,0.5,181.16666666666666,758.7833333333333,-1.1666666666666667,58.666666666666664
2024-01-01 04:00:00,0.9666666666666667,109.66666666666667,759.0,-1.4833333333333334,62.166666666666664
2024-01-01 05:00:00,0.6333333333333334,96.0,759.1666666666666,0.6833333333333332,55.833333333333336
2024-01-01 06:00:00,1.45,200.66666666666666,759.4666666666667,2.1666666666666665,50.0
2024-01-01 07:00:00,0.3666666666666667,171.83333333333334,759.7333333333332,3.5666666666666664,43.333333333333336
2024-01-01 08:00:00,2.15,205.33333333333334,759.5333333333333,4.033333333333333,46.666666666666664
2024-01-01 09:00:00,2.316666666666667,230.33333333333334,759.1,4.483333333333333,46.0
2024-01-01 10:00:00,3.35,234.33333333333334,758.8333333333334,4.616666666666667,45.666666666666664
2024-01-01 11:00:00,3.6666666666666665,231.0,758.6833333333334,4.616666666666666,48.333333333333336
2024-01-01 12:00:00,3.3166666666666664,233.33333333333334,758.7166666666667,4.516666666666667,51.0
2024-01-01 13:00:00,2.9333333333333336,235.5,758.8833333333333,3.5,56.0
2024-01-01 14:00:00,2.216666666666667,231.66666666666666,759.2666666666668,1.9833333333333334,63.333333333333336
2024-01-01 15:00:00,0.48333333333333334,188.16666666666666,759.85,0.9666666666666667,67.5
2024-01-01 16:00:00,0.18333333333333332,143.66666666666666,760.3333333333334,-0.6666666666666666,73.5
2024-01-01 17:00:00,0.2333333333333333,50.5,760.5,-0.9833333333333334,77.16666666666667
2024-01-01 18:00:00,0.3333333333333333,60.333333333333336,760.5,-0.8666666666666667,76.0
2024-01-01 19:00:00,0.4666666666666666,183.16666666666666,760.5833333333334,-1.6333333333333335,81.5
2024-01-01 20:00:00,1.0,79.66666666666667,760.4499999999999,-1.4333333333333333,79.5
2024-01-01 21:00:00,0.3333333333333333,72.16666666666667,760.5500000000001,-1.5333333333333332,80.83333333333333
2024-01-01 22:00:00,0.9,91.0,760.3666666666667,-1.8499999999999999,85.16666666666667
2024-01-01 23:00:00,0.7166666666666667,62.0,760.4499999999999,-1.9666666666666668,88.16666666666667
2024-01-02 00:00:00,1.05,79.83333333333333,760.4,-1.9333333333333333,89.16666666666667
2024-01-02 01:00:00,0.9333333333333332,83.0,760.2166666666667,-2.183333333333333,89.66666666666667
2024-01-02 02:00:00,0.7000000000000001,69.16666666666667,760.1999999999999,-2.4166666666666665,84.66666666666667
2024-01-02 03:00:00,1.45,238.66666666666666,760.4333333333334,-2.9,81.5
2024-01-02 04:00:00,1.75,344.3333333333333,760.7166666666667,-2.6666666666666665,81.0
2024-01-02 05:00:00,0.08333333333333333,224.66666666666666,760.9,0.0,73.5
2024-01-02 06:00:00,1.1666666666666667,190.33333333333334,760.9833333333332,1.9000000000000001,62.833333333333336
2024-01-02 07:00:00,2.3000000000000003,225.83333333333334,761.0666666666666,2.4,61.5
2024-01-02 08:00:00,2.716666666666667,227.33333333333334,760.5333333333333,3.266666666666667,55.666666666666664
2024-01-02 09:00:00,3.533333333333333,225.0,759.8666666666667,3.5,55.166666666666664
2024-01-02 10:00:00,3.033333333333333,222.0,759.1666666666666,3.4166666666666665,54.0
2024-01-02 11:00:00,3.1166666666666667,223.5,758.7333333333332,3.6833333333333336,55.333333333333336
2024-01-02 12:00:00,2.6666666666666665,231.5,758.4499999999999,3.783333333333333,55.333333333333336
2024-01-02 13:00:00,3.15,240.33333333333334,758.4166666666666,2.716666666666667,59.166666666666664
2024-01-02 14:00:00,2.0500000000000003,243.0,758.3166666666666,0.3333333333333333,72.33333333333333
2024-01-02 15:00:00,0.2333333333333333,287.5,758.0666666666666,-0.6833333333333332,79.16666666666667
2024-01-02 16:00:00,0.06666666666666667,124.33333333333333,758.0500000000001,-1.0,76.5
2024-01-02 17:00:00,0.7666666666666666,319.0,758.1166666666667,-1.5166666666666666,79.5
2024-01-02 18:00:00,0.31666666666666665,102.83333333333333,757.9666666666667,-1.5166666666666666,80.0
2024-01-02 19:00:00,0.3666666666666667,172.5,757.7333333333332,-1.4833333333333334,80.66666666666667
2024-01-02 20:00:00,0.26666666666666666,307.1666666666667,757.25,-1.75,83.5
2024-01-02 21:00:00,0.21666666666666665,314.3333333333333,756.6833333333334,-1.95,82.33333333333333
2024-01-02 22:00:00,1.0,329.0,756.3499999999999,-2.0166666666666666,84.83333333333333
2024-01-02 23:00:00,0.7999999999999999,324.0,756.25,-2.066666666666667,87.33333333333333
2024-01-03 00:00:00,0.09999999999999999,324.6666666666667,755.6666666666666,-2.6166666666666667,91.33333333333333
2024-01-03 01:00:00,0.6166666666666667,302.5,755.1333333333333,-1.5833333333333333,77.0
2024-01-03 02:00:00,0.5,174.5,754.6333333333333,-1.2833333333333332,70.33333333333333
2024-01-03 03:00:00,0.03333333333333333,95.16666666666667,754.5166666666668,-1.8333333333333333,76.16666666666667
2024-01-03 04:00:00,0.11666666666666665,76.83333333333333,754.9499999999999,-0.9833333333333334,74.83333333333333
2024-01-03 05:00:00,0.5666666666666668,158.5,755.2166666666667,0.049999999999999996,71.83333333333333
2024-01-03 06:00:00,1.55,235.83333333333334,755.3166666666666,0.9333333333333332,68.0
2024-01-03 07:00:00,2.4,241.0,755.2166666666667,1.95,63.333333333333336
2024-01-03 08:00:00,3.3666666666666667,234.0,754.7333333333332,1.7666666666666666,66.33333333333333
2024-01-03 09:00:00,4.133333333333334,231.66666666666666,754.0166666666668,3.1,62.333333333333336
2024-01-03 10:00:00,4.216666666666667,239.33333333333334,753.3333333333334,3.533333333333333,57.5
2024-01-03 11:00:00,3.35,241.16666666666666,752.6999999999999,3.85,53.833333333333336
2024-01-03 12:00:00,4.533333333333333,244.83333333333334,752.6166666666667,2.8666666666666667,59.333333333333336
2024-01-03 13:00:00,3.25,246.0,752.4833333333332,1.55,70.0
2024-01-03 14:00:00,3.6333333333333333,249.66666666666666,752.8666666666667,1.0999999999999999,74.5
2024-01-03 15:00:00,4.3999999999999995,258.5,753.3333333333334,0.7333333333333334,75.83333333333333
2024-01-03 16:00:00,2.9333333333333336,262.1666666666667,753.5833333333334,0.39999999999999997,71.5
2024-01-03 17:00:00,1.8833333333333335,288.3333333333333,753.8333333333334,-0.16666666666666666,67.66666666666667
2024-01-03 18:00:00,0.43333333333333335,317.5,753.8333333333334,-1.0333333333333334,65.16666666666667
2024-01-03 19:00:00,0.6333333333333333,190.33333333333334,753.9833333333332,-1.7333333333333334,67.83333333333333
2024-01-03 20:00:00,4.483333333333333,33.666666666666664,753.8000000000001,-0.48333333333333334,57.833333333333336
2024-01-03 21:00:00,7.666666666666667,19.666666666666668,753.6666666666666,-0.5666666666666667,58.166666666666664
2024-01-03 22:00:00,6.716666666666666,20.666666666666668,753.6666666666666,-0.3833333333333333,55.333333333333336
2024-01-03 23:00:00,2.9166666666666665,110.0,754.0,-0.85,55.666666666666664
2024-01-04 00:00:00,0.7999999999999999,70.66666666666667,754.0166666666668,-1.9833333333333334,60.166666666666664
2024-01-04 01:00:00,1.6166666666666665,59.666666666666664,754.1166666666667,-2.6,64.66666666666667
2024-01-04 02:00:00,1.5666666666666667,58.166666666666664,754.25,-3.016666666666667,66.0
2024-01-04 03:00:00,0.7999999999999999,51.833333333333336,754.7666666666668,-3.0666666666666664,62.5
2024-01-04 04:00:00,1.7333333333333332,297.0,755.3000000000001,-3.1166666666666667,62.5
2024-01-04 05:00:00,0.8166666666666668,142.16666666666666,755.85,-0.0666666666666667,54.0
2024-01-04 06:00:00,1.3499999999999999,122.5,756.3333333333334,2.033333333333333,45.0
2024-01-04 07:00:00,1.3,121.0,756.6,3.25,42.5
2024-01-04 08:00:00,1.3833333333333335,189.83333333333334,756.3333333333334,3.8666666666666667,40.5
2024-01-04 09:00:00,2.85,229.33333333333334,755.75,4.1000000000000005,41.333333333333336
2024-01-04 10:00:00,3.216666666666667,229.83333333333334,755.4666666666667,4.116666666666666,41.333333333333336
2024-01-04 11:00:00,3.5833333333333335,238.5,755.3666666666667,4.083333333333333,43.333333333333336
2024-01-04 12:00:00,4.0,237.0,755.3833333333333,3.466666666666667,45.833333333333336
2024-01-04 13:00:00,3.733333333333333,239.66666666666666,755.4166666666666,2.05,50.333333333333336
2024-01-04 14:00:00,3.266666666666667,246.83333333333334,755.7166666666667,0.15,57.333333333333336
2024-01-04 15:00:00,1.55,253.5,756.0333333333333,-0.9,62.833333333333336
2024-01-04 16:00:00,0.6333333333333333,287.1666666666667,756.1166666666667,-1.3833333333333335,65.5
2024-01-04 17:00:00,0.45,259.0,756.25,-1.0,61.5
2024-01-04 18:00:00,0.06666666666666667,282.0,756.3833333333333,-1.1,54.333333333333336
2024-01-04 19:00:00,0.75,287.3333333333333,756.4166666666666,-0.9500000000000001,49.333333333333336
2024-01-04 20:00:00,0.31666666666666665,275.1666666666667,756.15,-1.2833333333333334,46.0
2024-01-04 21:00:00,0.39999999999999997,308.8333333333333,755.9333333333334,-1.4333333333333333,44.666666666666664
2024-01-04 22:00:00,0.8166666666666668,325.6666666666667,755.8833333333333,-2.75,50.5
2024-01-04 23:00:00,1.3333333333333333,288.6666666666667,755.6999999999999,-3.216666666666667,55.0
2024-01-05 00:00:00,0.4666666666666666,299.8333333333333,755.4333333333334,-2.65,53.333333333333336
2024-01-05 01:00:00,0.5666666666666668,317.8333333333333,755.1166666666667,-2.8000000000000003,50.166666666666664
2024-01-05 02:00:00,0.5499999999999999,269.6666666666667,755.1500000000001,-2.8666666666666667,49.5
2024-01-05 03:00:00,0.7833333333333333,106.16666666666667,755.5500000000001,-2.9499999999999997,48.166666666666664
2024-01-05 04:00:00,0.8833333333333333,150.83333333333334,755.9499999999999,-2.35,46.5
2024-01-05 05:00:00,0.9500000000000001,102.5,756.1166666666667,1.3333333333333333,37.833333333333336
2024-01-05 06:00:00,1.6833333333333333,110.16666666666667,756.15,3.766666666666667,32.166666666666664
2024-01-05 07:00:00,1.8333333333333333,157.0,755.9499999999999,4.05,31.833333333333332
2024-01-05 08:00:00,2.5,224.0,755.6,4.033333333333333,42.833333333333336
2024-01-05 09:00:00,2.966666666666667,238.66666666666666,755.15,4.316666666666666,44.5
2024-01-05 10:00:00,3.016666666666667,227.83333333333334,754.65,4.05,47.0
2024-01-05 11:00:00,2.3333333333333335,232.66666666666666,754.3666666666667,3.1333333333333333,49.5
2024-01-05 12:00:00,2.1666666666666665,240.83333333333334,754.4499999999999,2.6999999999999997,54.5
2024-01-05 13:00:00,2.3833333333333333,232.5,754.6999999999999,1.5833333333333333,61.166666666666664
2024-01-05 14:00:00,1.7333333333333334,238.66666666666666,754.7666666666668,0.43333333333333335,70.0
2024-01-05 15:00:00,1.45,254.66666666666666,755.0500000000001,-0.5,74.33333333333333
2024-01-05 16:00:00,3.3000000000000003,261.6666666666667,755.2666666666668,-0.3333333333333333,66.5
2024-01-05 17:00:00,3.4166666666666665,267.1666666666667,755.2166666666667,-0.3666666666666667,68.33333333333333
2024-01-05 18:00:00,3.533333333333333,269.5,754.9833333333332,-0.08333333333333333,65.16666666666667
2024-01-05 19:00:00,3.6333333333333333,269.5,754.8166666666666,-0.11666666666666665,64.16666666666667
2024-01-05 20:00:00,0.8833333333333333,269.8333333333333,754.65,-0.8166666666666668,67.16666666666667
2024-01-05 21:00:00,0.5833333333333334,282.3333333333333,754.3000000000001,-1.25,70.83333333333333
2024-01-05 22:00:00,0.19999999999999998,287.8333333333333,754.1333333333333,-1.8166666666666667,73.5
2024-01-05 23:00:00,0.21666666666666667,261.1666666666667,754.0833333333334,-2.1666666666666665,75.16666666666667
2024-01-06 00:00:00,0.48333333333333334,181.33333333333334,753.8666666666667,-2.6166666666666667,77.5
2024-01-06 01:00:00,0.35000000000000003,207.16666666666666,753.4499999999999,-2.6833333333333336,78.66666666666667
2024-01-06 02:00:00,0.11666666666666665,98.83333333333333,753.3666666666667,-2.516666666666667,75.83333333333333
2024-01-06 03:00:00,0.25,267.1666666666667,753.4166666666666,-2.033333333333333,71.5
2024-01-06 04:00:00,0.9166666666666666,188.83333333333334,753.6500000000001,-2.066666666666667,73.33333333333333
2024-01-06 05:00:00,2.283333333333333,257.6666666666667,753.9499999999999,0.15,64.5
2024-01-06 06:00:00,1.9000000000000001,254.0,754.6,0.0,71.0
2024-01-06 07:00:00,2.5333333333333337,261.8333333333333,754.9,-0.2833333333333333,85.16666666666667
2024-01-06 08:00:00,1.5,244.66666666666666,754.6333333333333,-1.6333333333333335,-99999.0
2024-01-06 09:00:00,0.8333333333333334,235.0,754.0333333333333,-1.4000000000000001,-99999.0
2024-01-06 10:00:00,1.0999999999999999,217.0,753.75,-1.0,-99999.0
2024-01-06 11:00:00,1.7,259.0,754.0,-1.2166666666666666,-99999.0
2024-01-06 12:00:00,6.8999999999999995,38.666666666666664,754.3166666666666,-1.9166666666666667,-33271.833333333336
2024-01-06 13:00:00,12.083333333333334,24.0,754.6833333333334,-2.6,83.83333333333333
2024-01-06 14:00:00,13.133333333333333,21.0,755.3333333333334,-2.85,78.16666666666667
2024-01-06 15:00:00,11.133333333333333,27.5,756.1,-3.25,83.5
2024-01-06 16:00:00,7.95,44.166666666666664,757.0,-3.3499999999999996,78.33333333333333
2024-01-06 17:00:00,10.233333333333334,45.166666666666664,757.0,-3.35,72.83333333333333
2024-01-06 18:00:00,10.65,45.0,757.1833333333334,-3.1666666666666665,68.5
2024-01-06 19:00:00,9.4,34.833333333333336,757.4333333333334,-3.3666666666666667,71.5
2024-01-06 20:00:00,10.866666666666667,40.166666666666664,757.4666666666667,-3.216666666666667,62.5
2024-01-06 21:00:00,11.35,30.666666666666668,757.6166666666667,-3.716666666666667,60.166666666666664
2024-01-06 22:00:00,11.15,26.5,757.85,-3.9499999999999997,56.833333333333336
2024-01-06 23:00:00,10.583333333333334,25.666666666666668,758.25,-3.6833333333333336,46.333333333333336
2024-01-07 00:00:00,9.916666666666666,27.0,758.5166666666668,-3.85,42.166666666666664
2024-01-07 01:00:00,6.8999999999999995,39.0,758.8000000000001,-3.6333333333333333,36.5
2024-01-07 02:00:00,3.9166666666666665,33.833333333333336,759.3833333333333,-3.9166666666666665,33.666666666666664
2024-01-07 03:00:00,1.9000000000000001,72.33333333333333,760.0666666666666,-5.05,36.333333333333336
2024-01-07 04:00:00,0.9500000000000001,31.5,760.9166666666666,-5.966666666666666,38.666666666666664
2024-01-07 05:00:00,0.13333333333333333,101.0,761.4333333333334,-2.2666666666666666,30.666666666666668
2024-01-07 06:00:00,1.1166666666666667,161.5,761.7333333333332,0.3333333333333333,24.5
2024-01-07 07:00:00,1.75,246.83333333333334,762.0166666666668,0.6166666666666666,27.0
2024-01-07 08:00:00,2.6833333333333336,222.5,761.7333333333332,0.7333333333333334,32.0
2024-01-07 09:00:00,2.433333333333333,221.0,761.25,1.45,33.666666666666664
2024-01-07 10:00:00,2.033333333333333,213.0,760.65,1.95,35.0
2024-01-07 11:00:00,3.1666666666666665,225.66666666666666,760.3666666666667,2.283333333333333,33.833333333333336
2024-01-07 12:00:00,3.6666666666666665,234.5,760.4166666666666,1.95,39.5
2024-01-07 13:00:00,3.25,233.16666666666666,760.4,0.5666666666666668,46.166666666666664
2024-01-07 14:00:00,2.216666666666667,245.33333333333334,760.5,-1.5999999999999999,55.833333333333336
2024-01-07 15:00:00,0.11666666666666668,205.0,760.5666666666666,-2.4499999999999997,59.666666666666664
2024-01-07 16:00:00,0.4666666666666666,60.833333333333336,760.6833333333334,-2.066666666666667,53.833333333333336
2024-01-07 17:00:00,0.35000000000000003,209.66666666666666,760.75,-2.733333333333333,52.5
2024-01-07 18:00:00,0.016666666666666666,304.1666666666667,760.7166666666667,-2.466666666666667,49.0
2024-01-07 19:00:00,0.45,332.1666666666667,760.8833333333333,-3.5666666666666664,54.666666666666664
2024-01-07 20:00:00,0.3,73.33333333333333,760.7333333333332,-3.533333333333333,52.833333333333336
2024-01-07 21:00:00,0.06666666666666667,105.16666666666667,760.4,-3.5833333333333335,49.5
2024-01-07 22:00:00,0.45,70.16666666666667,760.2166666666667,-2.4,40.166666666666664
2024-01-07 23:00:00,0.8666666666666667,68.83333333333333,759.9,-1.3333333333333333,34.833333333333336
2024-01-08 00:00:00,0.8666666666666666,103.16666666666667,759.8499999999999,-1.5666666666666667,36.833333333333336
2024-01-08 01:00:00,0.75,34.666666666666664,759.7333333333332,-1.3,35.833333333333336
2024-01-08 02:00:00,0.2333333333333333,230.66666666666666,759.6333333333333,-0.6333333333333333,33.333333333333336
2024-01-08 03:00:00,0.9500000000000001,97.0,759.8333333333334,-0.15000000000000002,32.5
2024-01-08 04:00:00,0.5,296.1666666666667,760.1666666666666,0.6499999999999999,31.666666666666668
2024-01-08 05:00:00,0.16666666666666666,274.3333333333333,760.5666666666666,4.55,23.833333333333332
2024-01-08 06:00:00,0.9333333333333332,212.33333333333334,760.9166666666666,6.583333333333333,21.333333333333332
2024-01-08 07:00:00,1.6833333333333333,235.16666666666666,761.0333333333333,6.866666666666667,21.666666666666668
2024-01-08 08:00:00,0.6666666666666666,211.0,760.5833333333334,7.516666666666667,20.833333333333332
2024-01-08 09:00:00,1.8666666666666665,253.0,760.0833333333334,6.966666666666666,21.833333333333332
2024-01-08 10:00:00,1.5,236.5,759.5833333333334,7.816666666666666,20.333333333333332
2024-01-08 11:00:00,0.6833333333333332,249.0,759.3000000000001,6.816666666666666,22.0
2024-01-08 12:00:00,0.5333333333333333,182.0,759.4,6.45,22.666666666666668
2024-01-08 13:00:00,0.8833333333333333,242.66666666666666,759.4833333333332,6.016666666666667,24.333333333333332
2024-01-08 14:00:00,0.21666666666666667,198.5,759.5,3.25,29.333333333333332
2024-01-08 15:00:00,0.23333333333333336,88.33333333333333,759.7166666666667,1.8833333333333335,31.833333333333332
2024-01-08 16:00:00,0.016666666666666666,259.6666666666667,760.0166666666668,2.1,28.333333333333332
2024-01-08 17:00:00,0.39999999999999997,208.16666666666666,760.1333333333333,1.7333333333333334,26.0
2024-01-08 18:00:00,0.6666666666666666,255.66666666666666,760.0500000000001,2.433333333333333,20.833333333333332
2024-01-08 19:00:00,0.3499999999999999,162.5,760.0833333333334,1.9666666666666668,18.166666666666668
2024-01-08 20:00:00,0.8833333333333333,181.66666666666666,759.9499999999999,0.9,20.666666666666668
2024-01-08 21:00:00,1.2166666666666666,295.3333333333333,759.7166666666667,2.1999999999999997,16.5
2024-01-08 22:00:00,1.4166666666666667,285.6666666666667,759.4499999999999,2.5833333333333335,16.0
2024-01-08 23:00:00,0.8333333333333334,278.1666666666667,759.25,2.3833333333333333,16.666666666666668
2024-01-09 00:00:00,0.03333333333333333,163.0,759.0333333333333,1.6666666666666667,17.666666666666668
2024-01-09 01:00:00,0.0,269.6666666666667,758.6833333333334,1.1500000000000001,18.333333333333332
2024-01-09 02:00:00,0.48333333333333334,293.8333333333333,758.6999999999999,1.1166666666666667,18.666666666666668
2024-01-09 03:00:00,0.3,278.0,758.7833333333333,1.3333333333333333,16.833333333333332
2024-01-09 04:00:00,1.75,270.6666666666667,758.9499999999999,1.2833333333333334,17.666666666666668
2024-01-09 05:00:00,1.2166666666666666,220.5,759.25,2.9333333333333336,17.333333333333332
2024-01-09 06:00:00,2.466666666666667,250.66666666666666,759.6166666666667,4.566666666666666,16.333333333333332
2024-01-09 07:00:00,3.033333333333333,238.16666666666666,759.8000000000001,5.933333333333334,16.166666666666668
2024-01-09 08:00:00,3.716666666666667,239.33333333333334,759.5,6.566666666666666,17.5
2024-01-09 09:00:00,4.433333333333333,236.5,759.15,7.116666666666667,18.333333333333332
2024-01-09 10:00:00,4.8999999999999995,236.83333333333334,758.6166666666667,7.533333333333334,19.0
2024-01-09 11:00:00,4.3,235.83333333333334,758.5,7.083333333333333,23.666666666666668
2024-01-09 12:00:00,4.116666666666666,236.16666666666666,758.6500000000001,6.233333333333333,25.833333333333332
2024-01-09 13:00:00,2.8666666666666667,246.5,758.7999999999998,5.25,28.0
2024-01-09 14:00:00,1.5833333333333333,263.1666666666667,758.8833333333333,3.1333333333333333,31.833333333333332
2024-01-09 15:00:00,0.7166666666666667,285.5,759.1,2.516666666666667,33.333333333333336
2024-01-09 16:00:00,0.06666666666666667,117.33333333333333,759.2333333333332,1.9666666666666668,33.666666666666664
2024-01-09 17:00:00,0.43333333333333335,204.0,759.3333333333334,2.533333333333333,30.5
2024-01-09 18:00:00,2.716666666666667,266.6666666666667,759.1833333333334,3.766666666666667,22.833333333333332
2024-01-09 19:00:00,0.35000000000000003,197.0,759.0833333333334,2.8666666666666667,22.166666666666668
2024-01-09 20:00:00,1.3333333333333333,268.8333333333333,758.8666666666667,2.533333333333333,23.166666666666668
2024-01-09 21:00:00,0.19999999999999998,183.0,758.7166666666667,1.7,24.5
2024-01-09 22:00:00,0.06666666666666667,116.5,758.5833333333334,1.3,24.166666666666668
2024-01-09 23:00:00,0.03333333333333333,183.83333333333334,758.3833333333333,1.3333333333333333,22.0
2024-01-10 00:00:00,0.26666666666666666,157.33333333333334,758.0,1.1333333333333333,22.166666666666668
2024-01-10 01:00:00,0.08333333333333333,209.0,757.6833333333334,1.2833333333333334,21.166666666666668
2024-01-10 02:00:00,0.016666666666666666,164.66666666666666,757.3666666666667,0.8666666666666667,22.0
2024-01-10 03:00:00,0.016666666666666666,266.5,757.2999999999998,0.6333333333333333,21.833333333333332
2024-01-10 04:00:00,0.03333333333333333,205.33333333333334,757.2166666666667,0.7000000000000001,22.0
2024-01-10 05:00:00,0.13333333333333333,157.66666666666666,757.2166666666667,3.716666666666667,19.0
2024-01-10 06:00:00,2.4166666666666665,242.33333333333334,757.1666666666666,5.233333333333333,16.5
2024-01-10 07:00:00,4.1499999999999995,237.16666666666666,756.9166666666666,5.916666666666667,15.333333333333334
2024-01-10 08:00:00,4.05,243.16666666666666,756.4666666666667,6.883333333333333,13.666666666666666
2024-01-10 09:00:00,4.3999999999999995,238.66666666666666,755.7666666666668,6.066666666666666,11.166666666666666
2024-01-10 10:00:00,5.016666666666667,250.33333333333334,755.2333333333332,6.05,12.5
2024-01-10 11:00:00,3.516666666666667,253.0,754.9,5.633333333333333,14.0
2024-01-10 12:00:00,3.1999999999999997,255.66666666666666,754.4833333333332,5.983333333333333,12.5
2024-01-10 13:00:00,3.5500000000000003,254.0,754.3333333333334,5.75,12.666666666666666
2024-01-10 14:00:00,1.2,275.3333333333333,754.5,3.25,15.0
2024-01-10 15:00:00,0.43333333333333335,289.8333333333333,754.6166666666667,2.4166666666666665,15.5
2024-01-10 16:00:00,0.75,313.5,754.8666666666667,1.0333333333333334,18.5
2024-01-10 17:00:00,0.6166666666666667,290.8333333333333,754.9833333333332,1.6500000000000001,18.5
2024-01-10 18:00:00,0.7999999999999999,241.0,755.3833333333333,1.8499999999999999,19.833333333333332
2024-01-10 19:00:00,1.0666666666666667,215.5,755.4833333333332,1.55,22.0
2024-01-10 20:00:00,6.1499999999999995,257.6666666666667,755.4833333333332,2.2333333333333334,28.833333333333332
2024-01-10 21:00:00,6.033333333333334,259.6666666666667,755.5500000000001,2.0,41.166666666666664
2024-01-10 22:00:00,4.733333333333333,253.0,755.6,1.1833333333333333,50.5
2024-01-10 23:00:00,4.683333333333334,257.3333333333333,755.6999999999999,0.8166666666666668,55.833333333333336
2024-01-11 00:00:00,4.05,253.33333333333334,755.3499999999999,0.6833333333333332,54.333333333333336
2024-01-11 01:00:00,1.383333333333333,273.8333333333333,755.2666666666668,-0.15,62.833333333333336
2024-01-11 02:00:00,1.0666666666666667,248.33333333333334,755.4166666666666,-0.21666666666666667,66.66666666666667
2024-01-11 03:00:00,1.4000000000000001,238.5,755.6166666666667,-0.016666666666666663,64.5
2024-01-11 04:00:00,1.8166666666666667,190.5,755.8833333333333,-0.13333333333333333,67.0
2024-01-11 05:00:00,0.7833333333333333,280.0,756.25,-0.05000000000000001,73.5
2024-01-11 06:00:00,1.5166666666666666,267.3333333333333,757.0500000000001,0.16666666666666666,79.0
2024-01-11 07:00:00,2.316666666666667,111.16666666666667,757.0500000000001,-0.3,90.16666666666667
2024-01-11 08:00:00,1.4833333333333334,77.5,756.9,-0.8666666666666667,100.0
2024-01-11 09:00:00,0.9833333333333334,105.16666666666667,756.2833333333333,-0.65,100.0
2024-01-11 10:00:00,0.9500000000000001,129.33333333333334,755.65,0.18333333333333335,99.83333333333333
2024-01-11 11:00:00,1.8166666666666667,255.5,755.0333333333333,1.05,85.33333333333333
2024-01-11 12:00:00,1.2,158.83333333333334,754.7833333333333,0.09999999999999999,99.83333333333333
2024-01-11 13:00:00,1.0999999999999999,89.5,754.8666666666667,-0.25,100.0
2024-01-11 14:00:00,0.3,179.0,754.8166666666666,-0.5499999999999999,99.93846153846154
2024-01-11 15:00:00,0.6,224.0,754.9499999999999,-1.0833333333333333,99.87692307692308
2024-01-11 16:00:00,1.1333333333333333,82.66666666666667,754.8333333333334,-1.3833333333333335,
2024-01-11 17:00:00,2.4499999999999997,72.16666666666667,754.4666666666667,-1.6166666666666665,
2024-01-11 18:00:00,2.533333333333333,70.0,753.9666666666667,-1.616666666666667,
2024-01-11 19:00:00,2.0166666666666666,204.16666666666666,753.6333333333333,-2.016666666666667,
2024-01-11 20:00:00,0.7666666666666666,153.66666666666666,753.0833333333334,-2.0,
2024-01-11 21:00:00,2.35,70.33333333333333,752.7166666666667,-1.8166666666666667,
2024-01-11 22:00:00,1.4166666666666667,197.66666666666666,752.1,-1.9166666666666667,
2024-01-11 23:00:00,3.3333333333333335,277.0,752.1166666666667,-2.1833333333333336,
2024-01-12 00:00:00,4.566666666666666,260.8333333333333,752.1,-2.533333333333333,
2024-01-12 01:00:00,2.6333333333333333,217.83333333333334,751.5666666666666,-2.8166666666666664,
2024-01-12 02:00:00,0.9333333333333332,123.83333333333333,751.3166666666666,-2.783333333333333,
2024-01-12 03:00:00,0.26666666666666666,187.66666666666666,751.5166666666668,-2.9,
2024-01-12 04:00:00,0.7833333333333333,94.16666666666667,751.5,-2.8000000000000003,
2024-01-12 05:00:00,0.5666666666666667,100.83333333333333,751.65,-2.3833333333333333,
2024-01-12 06:00:00,1.6333333333333335,88.0,751.6333333333333,-1.75,
2024-01-12 07:00:00,2.466666666666667,249.0,751.1999999999999,-1.8333333333333333,
2024-01-12 08:00:00,3.533333333333333,255.66666666666666,750.6333333333333,-2.15,
2024-01-12 09:00:00,2.3833333333333333,237.66666666666666,750.0833333333334,-1.883333333333333,
2024-01-12 10:00:00,0.21666666666666667,164.16666666666666,749.5666666666666,-1.2166666666666666,
2024-01-12 11:00:00,1.1333333333333333,115.83333333333333,749.4333333333334,-0.7333333333333334,
2024-01-12 12:00:00,1.2,248.16666666666666,749.6333333333333,-1.75,
2024-01-12 13:00:00,2.25,254.83333333333334,749.5,-2.733333333333333,
2024-01-12 14:00:00,3.15,271.5,749.6999999999999,-3.0,
2024-01-12 15:00:00,2.5166666666666666,273.8333333333333,750.0500000000001,-2.8333333333333335,98.4
2024-01-12 16:00:00,3.0500000000000003,286.0,750.1166666666667,-2.8666666666666667,88.33333333333333
2024-01-12 17:00:00,2.5166666666666666,286.8333333333333,750.2833333333333,-2.8666666666666667,88.5
2024-01-12 18:00:00,2.1166666666666667,271.8333333333333,750.5500000000001,-3.4499999999999997,99.83333333333333
2024-01-12 19:00:00,1.9833333333333334,268.3333333333333,750.6333333333333,-4.0,99.33333333333333
2024-01-12 20:00:00,0.23333333333333336,213.66666666666666,750.6666666666666,-4.35,100.0
2024-01-12 21:00:00,0.6,265.6666666666667,750.4833333333332,-4.416666666666667,100.0
2024-01-12 22:00:00,2.0,253.0,750.5,-4.316666666666666,100.0
2024-01-12 23:00:00,4.75,258.3333333333333,750.7666666666668,-3.1166666666666667,100.0
2024-01-13 00:00:00,5.083333333333333,275.8333333333333,750.6666666666666,-3.016666666666667,100.0
2024-01-13 01:00:00,3.516666666666667,266.8333333333333,750.6666666666666,-2.983333333333333,100.0
2024-01-13 02:00:00,1.55,261.6666666666667,750.9,-3.216666666666667,100.0
2024-01-13 03:00:00,3.4333333333333336,290.3333333333333,751.15,-2.8833333333333333,100.0
2024-01-13 04:00:00,3.3833333333333333,291.0,751.6999999999999,-2.5833333333333335,99.66666666666667
2024-01-13 05:00:00,2.5166666666666666,256.6666666666667,752.1,-2.1999999999999997,98.16666666666667
2024-01-13 06:00:00,2.1166666666666667,260.3333333333333,752.6,-1.3833333333333335,90.16666666666667
2024-01-13 07:00:00,4.133333333333334,266.0,752.8166666666666,-1.0,88.83333333333333
2024-01-13 08:00:00,3.0666666666666664,274.8333333333333,752.8333333333334,-0.8166666666666668,93.66666666666667
2024-01-13 09:00:00,2.9166666666666665,294.8333333333333,752.4,-0.25,86.5
2024-01-13 10:00:00,3.466666666666667,280.6666666666667,752.1166666666667,0.39999999999999997,73.16666666666667
2024-01-13 11:00:00,3.1999999999999997,268.6666666666667,752.0166666666668,0.6333333333333334,71.83333333333333
2024-01-13 12:00:00,2.966666666666667,263.1666666666667,752.2166666666667,0.26666666666666666,75.66666666666667
2024-01-13 13:00:00,2.3166666666666664,272.0,752.4499999999999,-0.2833333333333333,81.33333333333333
2024-01-13 14:00:00,3.35,262.1666666666667,752.6500000000001,-0.3333333333333333,83.16666666666667
2024-01-13 15:00:00,2.6999999999999997,274.5,752.9166666666666,-0.2833333333333333,87.33333333333333
2024-01-13 16:00:00,0.65,261.5,753.3333333333334,-0.6333333333333333,94.83333333333333
2024-01-13 17:00:00,1.4333333333333333,273.8333333333333,753.6166666666667,-1.4166666666666667,100.0
2024-01-13 18:00:00,0.8833333333333333,125.66666666666667,753.6833333333334,-1.45,100.0
2024-01-13 19:00:00,1.866666666666667,275.0,753.3666666666667,-0.049999999999999996,79.66666666666667
2024-01-13 20:00:00,0.6666666666666666,89.16666666666667,753.3833333333333,-1.0666666666666667,90.16666666666667
2024-01-13 21:00:00,0.5,60.333333333333336,753.3499999999999,-0.9500000000000001,83.66666666666667
2024-01-13 22:00:00,1.0333333333333332,55.0,753.4666666666667,-1.05,74.83333333333333
2024-01-13 23:00:00,1.1333333333333335,68.66666666666667,753.5166666666668,-1.0333333333333334,71.83333333333333
2024-01-14 00:00:00,0.7999999999999999,99.16666666666667,753.3166666666666,-0.8666666666666667,69.16666666666667
2024-01-14 01:00:00,0.5,268.0,753.1333333333333,-1.05,70.83333333333333
2024-01-14 02:00:00,2.0500000000000003,246.83333333333334,753.1,-0.39999999999999997,68.5
2024-01-14 03:00:00,3.1999999999999997,294.5,753.3000000000001,-0.13333333333333333,70.83333333333333
2024-01-14 04:00:00,0.3833333333333333,194.33333333333334,753.3666666666667,-0.48333333333333334,75.0
2024-01-14 05:00:00,0.6666666666666666,219.0,753.6666666666666,-0.3,73.0
2024-01-14 06:00:00,3.1833333333333336,254.5,754.1833333333334,0.10000000000000002,71.33333333333333
2024-01-14 07:00:00,4.3,254.83333333333334,754.5166666666668,0.19999999999999998,73.0
2024-01-14 08:00:00,3.466666666666667,253.83333333333334,754.3666666666667,0.3,75.5
2024-01-14 09:00:00,2.3000000000000003,274.6666666666667,754.2333333333332,0.4666666666666666,73.66666666666667
2024-01-14 10:00:00,1.9833333333333334,261.3333333333333,754.0500000000001,0.8166666666666668,72.16666666666667
2024-01-14 11:00:00,3.0,255.16666666666666,754.0166666666668,1.1666666666666667,72.0
2024-01-14 12:00:00,3.0833333333333335,256.6666666666667,754.1666666666666,1.5666666666666667,70.83333333333333
2024-01-14 13:00:00,3.5500000000000003,259.6666666666667,754.4333333333334,1.3833333333333335,72.5
2024-01-14 14:00:00,2.466666666666667,264.3333333333333,754.6833333333334,0.8333333333333334,77.66666666666667
2024-01-14 15:00:00,1.25,278.8333333333333,755.25,1.0666666666666667,77.0
2024-01-14 16:00:00,2.15,265.3333333333333,755.8166666666666,0.38333333333333336,91.4
2024-01-14 17:00:00,1.2666666666666666,225.33333333333334,756.0333333333333,-0.39999999999999997,94.26666666666667
2024-01-14 18:00:00,0.45,106.66666666666667,756.1500000000001,-0.43333333333333335,97.13333333333334
2024-01-14 19:00:00,1.8333333333333333,271.0,756.4666666666667,-0.3833333333333333,100.0
2024-01-14 20:00:00,1.1666666666666667,80.0,756.25,-0.8833333333333333,100.0
2024-01-14 21:00:00,1.1833333333333333,239.16666666666666,756.2666666666668,0.06666666666666667,100.0
2024-01-14 22:00:00,0.5166666666666667,113.33333333333333,756.2333333333332,-0.6333333333333333,100.0
2024-01-14 23:00:00,2.2333333333333334,255.0,756.3000000000001,-0.13333333333333333,100.0
2024-01-15 00:00:00,0.9,267.3333333333333,756.6166666666667,-0.85,100.0
2024-01-15 01:00:00,0.21666666666666667,231.83333333333334,756.3333333333334,-1.1500000000000001,100.0
2024-01-15 02:00:00,0.6833333333333335,237.5,756.2666666666668,-1.1666666666666667,100.0
2024-01-15 03:00:00,0.4166666666666667,180.0,756.4333333333334,-1.0,
2024-01-15 04:00:00,2.216666666666667,262.6666666666667,756.8000000000001,-0.45,
2024-01-15 05:00:00,2.6999999999999997,272.8333333333333,757.1333333333333,-0.06666666666666667,
2024-01-15 06:00:00,3.25,267.3333333333333,757.65,0.6166666666666667,100.0
2024-01-15 07:00:00,2.566666666666667,266.8333333333333,757.8000000000001,1.5166666666666666,100.0
2024-01-15 08:00:00,2.1666666666666665,263.5,757.4,1.9833333333333334,98.5
2024-01-15 09:00:00,1.5666666666666667,254.33333333333334,757.0333333333333,2.216666666666667,89.66666666666667
2024-01-15 10:00:00,2.3666666666666667,259.8333333333333,756.7666666666668,2.25,94.66666666666667
2024-01-15 11:00:00,2.9499999999999997,264.6666666666667,756.6166666666667,2.15,96.5
2024-01-15 12:00:00,4.5,258.8333333333333,756.5833333333334,2.216666666666667,85.5
2024-01-15 13:00:00,5.1499999999999995,255.0,756.9166666666666,1.7166666666666668,86.66666666666667
2024-01-15 14:00:00,3.1999999999999997,258.1666666666667,757.1500000000001,0.7166666666666667,83.16666666666667
2024-01-15 15:00:00,2.9166666666666665,283.6666666666667,757.5,0.6166666666666667,75.0
2024-01-15 16:00:00,1.25,281.1666666666667,757.8000000000001,0.25,67.5
2024-01-15 17:00:00,1.8166666666666667,290.1666666666667,757.9666666666667,1.0166666666666666,60.5
2024-01-15 18:00:00,0.65,263.8333333333333,757.9499999999999,-0.65,61.833333333333336
2024-01-15 19:00:00,0.7833333333333333,283.8333333333333,757.9166666666666,-1.5333333333333332,61.333333333333336
2024-01-15 20:00:00,0.5,62.166666666666664,757.8833333333333,-2.6333333333333333,60.0
2024-01-15 21:00:00,0.8666666666666666,314.5,757.75,-3.233333333333333,48.666666666666664
2024-01-15 22:00:00,1.1166666666666667,288.1666666666667,757.6833333333334,-2.5833333333333335,37.666666666666664
2024-01-15 23:00:00,0.9500000000000001,249.83333333333334,757.7833333333333,-3.016666666666667,36.833333333333336
2024-01-16 00:00:00,0.4000000000000001,169.16666666666666,757.6999999999999,-4.083333333333333,41.333333333333336
2024-01-16 01:00:00,0.4166666666666667,214.0,757.5500000000001,-3.5833333333333335,39.166666666666664
2024-01-16 02:00:00,0.8166666666666668,49.5,757.7833333333333,-4.983333333333333,42.333333333333336
2024-01-16 03:00:00,1.8166666666666667,79.33333333333333,757.8833333333333,-5.95,45.666666666666664
2024-01-16 04:00:00,1.4666666666666668,35.0,757.9833333333332,-5.8500000000000005,43.0
2024-01-16 05:00:00,1.45,73.0,758.3833333333333,-3.1333333333333333,39.0
2024-01-16 06:00:00,1.6166666666666665,92.33333333333333,758.6833333333334,-0.5,34.5
2024-01-16 07:00:00,1.7666666666666668,109.83333333333333,758.6666666666666,1.95,30.666666666666668
2024-01-16 08:00:00,2.033333333333333,118.0,758.3666666666667,2.0500000000000003,32.833333333333336
2024-01-16 09:00:00,1.4500000000000002,132.33333333333334,757.8833333333333,2.283333333333333,34.833333333333336
2024-01-16 10:00:00,0.5,118.16666666666667,757.5333333333333,3.1,36.0
2024-01-16 11:00:00,0.7000000000000001,246.16666666666666,757.3833333333333,3.0500000000000003,35.333333333333336
2024-01-16 12:00:00,1.4333333333333333,257.6666666666667,757.2166666666667,3.4,35.166666666666664
2024-01-16 13:00:00,1.9833333333333334,278.3333333333333,757.4,1.05,44.0
2024-01-16 14:00:00,1.3833333333333335,280.0,757.3499999999999,-0.7833333333333333,49.5
2024-01-16 15:00:00,0.7166666666666667,265.8333333333333,757.5,-2.216666666666667,54.0
2024-01-16 16:00:00,1.2666666666666666,288.1666666666667,757.4166666666666,-2.8166666666666664,67.33333333333333
2024-01-16 17:00:00,1.1833333333333333,322.8333333333333,757.3666666666667,-4.066666666666666,50.833333333333336
2024-01-16 18:00:00,0.6166666666666667,292.6666666666667,757.3333333333334,-3.6666666666666665,48.666666666666664
2024-01-16 19:00:00,1.6500000000000001,331.6666666666667,757.1,-4.866666666666666,48.833333333333336
2024-01-16 20:00:00,1.3166666666666667,287.3333333333333,756.85,-5.416666666666667,48.166666666666664
2024-01-16 21:00:00,1.2333333333333334,47.333333333333336,756.4499999999999,-4.683333333333334,44.5
2024-01-16 22:00:00,1.3833333333333335,61.333333333333336,756.0666666666666,-4.483333333333333,40.5
2024-01-16 23:00:00,1.3,49.0,755.8166666666666,-4.95,36.5
2024-01-17 00:00:00,1.2,29.666666666666668,755.6666666666666,-5.716666666666666,35.0
2024-01-17 01:00:00,1.1500000000000001,36.666666666666664,755.15,-5.6499999999999995,34.0
2024-01-17 02:00:00,1.7666666666666668,59.833333333333336,755.0,-4.083333333333333,27.5
2024-01-17 03:00:00,1.55,39.0,755.0666666666666,-3.6,25.666666666666668
2024-01-17 04:00:00,1.0,205.16666666666666,755.1666666666666,-2.6,22.5
2024-01-17 05:00:00,0.43333333333333335,99.5,755.3333333333334,-1.0166666666666668,24.666666666666668
2024-01-17 06:00:00,0.3166666666666667,133.83333333333334,755.7666666666668,2.3000000000000003,22.0
2024-01-17 07:00:00,0.11666666666666668,211.5,755.9333333333334,5.533333333333334,16.166666666666668
2024-01-17 08:00:00,0.9333333333333332,226.66666666666666,756.0166666666668,6.283333333333334,20.666666666666668
2024-01-17 09:00:00,0.75,246.0,756.0166666666668,5.933333333333334,27.0
2024-01-17 10:00:00,4.183333333333334,33.0,755.8499999999999,5.25,24.666666666666668
2024-01-17 11:00:00,5.883333333333333,29.333333333333332,756.0666666666666,3.966666666666667,25.5
2024-01-17 12:00:00,7.933333333333333,21.833333333333332,756.25,3.283333333333333,30.166666666666668
2024-01-17 13:00:00,7.733333333333333,16.5,756.65,2.75,32.5
2024-01-17 14:00:00,5.183333333333334,27.166666666666668,757.1833333333334,2.1166666666666667,34.666666666666664
2024-01-17 15:00:00,2.8166666666666664,75.0,757.9166666666666,1.0166666666666668,39.166666666666664
2024-01-17 16:00:00,2.25,70.0,758.2833333333333,-0.6,45.5
2024-01-17 17:00:00,1.9833333333333334,78.0,758.4499999999999,-0.8833333333333334,47.166666666666664
2024-01-17 18:00:00,1.9166666666666667,64.66666666666667,758.6833333333334,-0.7000000000000001,45.5
2024-01-17 19:00:00,2.85,56.5,758.7333333333332,0.11666666666666665,39.666666666666664
2024-01-17 20:00:00,3.65,32.833333333333336,758.5333333333333,0.35000000000000003,37.166666666666664
2024-01-17 21:00:00,2.5833333333333335,35.833333333333336,758.2166666666667,-0.31666666666666665,39.333333333333336
2024-01-17 22:00:00,2.233333333333333,44.0,758.1333333333333,-0.9833333333333334,41.666666666666664
2024-01-17 23:00:00,1.7666666666666666,39.0,758.4,-1.7666666666666666,46.0
2024-01-18 00:00:00,1.45,47.0,758.2666666666668,-3.6666666666666665,54.833333333333336
2024-01-18 01:00:00,1.3333333333333333,58.5,757.8000000000001,-2.3333333333333335,52.0
2024-01-18 02:00:00,0.6833333333333332,43.333333333333336,757.8833333333333,-2.283333333333333,53.0
2024-01-18 03:00:00,1.5999999999999999,56.0,758.1833333333334,-2.5833333333333335,54.166666666666664
2024-01-18 04:00:00,1.0166666666666666,46.0,758.4666666666667,-2.4,53.166666666666664
2024-01-18 05:00:00,0.43333333333333335,67.83333333333333,758.7333333333332,-1.5999999999999999,52.333333333333336
2024-01-18 06:00:00,0.08333333333333333,55.833333333333336,759.0333333333333,-0.35000000000000003,51.5
2024-01-18 07:00:00,0.8333333333333334,226.0,759.3666666666667,2.0166666666666666,45.166666666666664
2024-01-18 08:00:00,1.8499999999999999,224.66666666666666,759.3166666666666,1.95,44.166666666666664
2024-01-18 09:00:00,1.9833333333333334,223.5,758.8833333333333,2.6666666666666665,44.5
2024-01-18 10:00:00,1.6666666666666667,231.83333333333334,758.2666666666668,2.5,45.833333333333336
2024-01-18 11:00:00,1.7166666666666668,222.66666666666666,758.0500000000001,2.8666666666666667,46.166666666666664
2024-01-18 12:00:00,1.6500000000000001,232.33333333333334,758.25,2.716666666666667,48.0
2024-01-18 13:00:00,1.75,222.33333333333334,758.5166666666668,2.033333333333333,50.5
2024-01-18 14:00:00,1.0833333333333333,246.5,758.8666666666667,-0.16666666666666666,60.0
2024-01-18 15:00:00,0.25,171.33333333333334,759.2833333333333,-2.5833333333333335,70.83333333333333
2024-01-18 16:00:00,0.5166666666666667,95.0,759.3333333333334,-2.1166666666666667,64.66666666666667
2024-01-18 17:00:00,0.45,74.83333333333333,759.4666666666667,-2.316666666666667,57.166666666666664
2024-01-18 18:00:00,1.7,65.83333333333333,759.6666666666666,-2.5166666666666666,57.0
2024-01-18 19:00:00,1.4000000000000001,67.5,759.8000000000001,-2.8333333333333335,57.666666666666664
2024-01-18 20:00:00,1.3666666666666665,67.66666666666667,759.8333333333334,-2.733333333333333,62.166666666666664
2024-01-18 21:00:00,0.6833333333333335,78.33333333333333,759.7166666666667,-3.1166666666666667,65.16666666666667
2024-01-18 22:00:00,0.5833333333333334,67.5,759.7000000000002,-3.516666666666667,67.0
2024-01-18 23:00:00,1.3333333333333333,119.83333333333333,759.7999999999998,-4.033333333333333,67.83333333333333
2024-01-19 00:00:00,2.1,343.6666666666667,759.7000000000002,-3.766666666666667,66.5
2024-01-19 01:00:00,1.9333333333333333,234.5,759.6500000000001,-4.216666666666667,68.0
2024-01-19 02:00:00,2.183333333333333,342.1666666666667,759.7166666666667,-4.066666666666666,66.83333333333333
2024-01-19 03:00:00,2.1,338.5,759.8666666666667,-4.3999999999999995,66.5
2024-01-19 04:00:00,0.85,323.0,760.3166666666666,-4.783333333333333,70.16666666666667
2024-01-19 05:00:00,0.016666666666666666,268.3333333333333,760.7166666666667,-1.9166666666666667,61.0
2024-01-19 06:00:00,0.11666666666666665,170.5,761.0,1.0999999999999999,49.833333333333336
2024-01-19 07:00:00,1.0,226.83333333333334,761.2166666666667,2.233333333333333,48.166666666666664
2024-01-19 08:00:00,1.1333333333333333,226.5,760.9166666666666,3.1666666666666665,46.166666666666664
2024-01-19 09:00:00,1.8166666666666667,212.16666666666666,760.1833333333334,3.233333333333333,46.166666666666664
2024-01-19 10:00:00,2.3333333333333335,220.16666666666666,759.9,3.266666666666667,47.666666666666664
2024-01-19 11:00:00,2.216666666666667,219.5,759.8333333333334,3.4333333333333336,47.666666666666664
2024-01-19 12:00:00,2.25,242.0,759.7999999999998,3.3833333333333333,48.5
2024-01-19 13:00:00,2.35,221.66666666666666,759.8666666666667,2.2833333333333337,53.0
2024-01-19 14:00:00,1.2333333333333334,248.33333333333334,760.0166666666668,0.3833333333333333,61.5
2024-01-19 15:00:00,1.2333333333333334,321.0,760.2333333333332,-1.3833333333333335,68.0
2024-01-19 16:00:00,0.9,181.5,760.4833333333332,-1.9166666666666667,62.333333333333336
2024-01-19 17:00:00,0.39999999999999997,67.0,760.3833333333333,-1.5,54.833333333333336
2024-01-19 18:00:00,1.3,342.3333333333333,760.6999999999999,-2.9499999999999997,52.5
2024-01-19 19:00:00,0.7833333333333333,244.0,760.6833333333334,-3.1166666666666667,52.333333333333336
2024-01-19 20:00:00,1.3,230.66666666666666,760.6,-3.8000000000000003,49.833333333333336
2024-01-19 21:00:00,0.7666666666666666,201.5,760.4166666666666,-3.3833333333333333,44.833333333333336
2024-01-19 22:00:00,0.06666666666666667,177.83333333333334,760.1166666666667,-3.1833333333333336,40.833333333333336
2024-01-19 23:00:00,0.6666666666666666,293.3333333333333,760.1166666666667,-2.216666666666667,39.666666666666664
2024-01-20 00:00:00,0.10000000000000002,313.5,759.9,-3.516666666666667,49.333333333333336
2024-01-20 01:00:00,0.3833333333333333,260.5,759.8333333333334,-4.016666666666667,57.333333333333336
2024-01-20 02:00:00,0.5833333333333334,127.83333333333333,759.8166666666666,-3.65,42.5
2024-01-20 03:00:00,0.5333333333333333,213.66666666666666,760.1999999999999,-3.5833333333333335,40.166666666666664
2024-01-20 04:00:00,0.06666666666666667,89.5,760.4333333333334,-1.9666666666666668,34.833333333333336
2024-01-20 05:00:00,0.03333333333333333,273.6666666666667,760.75,0.0,32.5
2024-01-20 06:00:00,0.09999999999999999,221.5,761.1333333333333,2.1999999999999997,28.833333333333332
2024-01-20 07:00:00,0.7666666666666666,243.83333333333334,761.3333333333334,3.5666666666666664,28.333333333333332
2024-01-20 08:00:00,2.1666666666666665,226.83333333333334,761.0333333333333,4.016666666666667,30.333333333333332
2024-01-20 09:00:00,2.733333333333333,222.16666666666666,760.4833333333332,3.783333333333333,38.666666666666664
2024-01-20 10:00:00,2.65,217.66666666666666,759.9499999999999,3.9499999999999997,41.833333333333336
2024-01-20 11:00:00,2.966666666666667,220.83333333333334,759.7833333333333,3.5833333333333335,44.5
2024-01-20 12:00:00,2.6,220.5,759.9333333333334,2.783333333333333,46.333333333333336
2024-01-20 13:00:00,1.05,228.83333333333334,759.8666666666667,2.3666666666666667,48.833333333333336
2024-01-20 14:00:00,0.15,164.33333333333334,760.0166666666668,-0.2833333333333333,64.83333333333333
2024-01-20 15:00:00,0.13333333333333333,268.5,760.2666666666668,-0.75,58.666666666666664
2024-01-20 16:00:00,0.13333333333333333,315.3333333333333,760.4333333333334,-0.5166666666666667,50.333333333333336
2024-01-20 17:00:00,0.26666666666666666,243.5,760.4666666666667,-1.1333333333333333,50.333333333333336
2024-01-20 18:00:00,0.08333333333333333,167.5,760.2666666666668,-0.7333333333333334,44.0
2024-01-20 19:00:00,0.0,226.5,760.0333333333333,-1.1833333333333333,44.0
2024-01-20 20:00:00,0.09999999999999999,258.0,759.9,-2.1666666666666665,50.833333333333336
2024-01-20 21:00:00,0.21666666666666667,70.0,759.5333333333333,-1.6166666666666665,50.166666666666664
2024-01-20 22:00:00,0.06666666666666667,128.0,759.25,-1.8666666666666665,44.5
2024-01-20 23:00:00,0.7666666666666666,282.8333333333333,759.0833333333334,-3.266666666666667,47.833333333333336
2024-01-21 00:00:00,0.7166666666666667,313.3333333333333,758.75,-2.6166666666666667,48.166666666666664
2024-01-21 01:00:00,0.6333333333333333,301.1666666666667,758.4666666666667,-2.3333333333333335,48.166666666666664
2024-01-21 02:00:00,0.13333333333333333,300.3333333333333,758.2166666666667,-2.283333333333333,50.333333333333336
2024-01-21 03:00:00,0.3666666666666667,285.0,758.4333333333334,-1.9666666666666668,50.0
2024-01-21 04:00:00,0.75,202.5,758.85,-1.6500000000000001,47.666666666666664
2024-01-21 05:00:00,0.2333333333333333,86.5,759.1666666666666,-0.5166666666666667,44.833333333333336
2024-01-21 06:00:00,0.25,179.66666666666666,759.4333333333334,2.5833333333333335,38.0
2024-01-21 07:00:00,2.1,218.66666666666666,759.4833333333332,3.283333333333333,36.0
2024-01-21 08:00:00,2.5500000000000003,223.33333333333334,759.1666666666666,3.4333333333333336,38.833333333333336
2024-01-21 09:00:00,2.6666666666666665,219.33333333333334,758.7166666666667,3.5500000000000003,41.166666666666664
2024-01-21 10:00:00,2.6666666666666665,225.16666666666666,758.1833333333334,3.966666666666667,43.166666666666664
2024-01-21 11:00:00,3.0833333333333335,227.33333333333334,757.8333333333334,4.233333333333333,43.5
2024-01-21 12:00:00,3.6833333333333336,230.5,757.9499999999999,3.9166666666666665,45.0
2024-01-21 13:00:00,3.783333333333333,240.5,758.1166666666667,2.8333333333333335,51.833333333333336
2024-01-21 14:00:00,2.25,254.5,758.4,1.1500000000000001,61.333333333333336
2024-01-21 15:00:00,0.9666666666666668,275.6666666666667,758.5666666666666,-0.21666666666666667,69.33333333333333
2024-01-21 16:00:00,0.45,280.0,758.6999999999999,-0.45,69.0
2024-01-21 17:00:00,0.4166666666666667,288.8333333333333,758.8000000000001,-0.39999999999999997,66.33333333333333
2024-01-21 18:00:00,0.25,202.33333333333334,759.0500000000001,-1.1666666666666667,66.33333333333333
2024-01-21 19:00:00,0.7166666666666667,72.16666666666667,758.9,-1.3499999999999999,65.16666666666667
2024-01-21 20:00:00,0.6833333333333332,52.666666666666664,758.7833333333333,-1.366666666666667,64.16666666666667
2024-01-21 21:00:00,1.25,102.5,758.4666666666667,-1.5,59.5
2024-01-21 22:00:00,1.55,200.83333333333334,758.5666666666666,-1.9500000000000002,59.333333333333336
2024-01-21 23:00:00,0.7333333333333334,83.83333333333333,758.4499999999999,-1.5,56.0
2024-01-22 00:00:00,0.7999999999999999,72.83333333333333,758.4166666666666,-1.3166666666666667,58.666666666666664
2024-01-22 01:00:00,1.2833333333333334,234.0,758.0833333333334,-1.7666666666666666,51.833333333333336
2024-01-22 02:00:00,0.3,79.0,758.1833333333334,-1.7,48.833333333333336
2024-01-22 03:00:00,0.85,67.83333333333333,758.7833333333333,-1.8666666666666665,48.833333333333336
2024-01-22 04:00:00,1.3166666666666667,86.66666666666667,759.2833333333333,-1.9000000000000001,51.166666666666664
2024-01-22 05:00:00,1.75,102.5,759.75,0.3833333333333333,47.166666666666664
2024-01-22 06:00:00,0.8666666666666667,117.5,760.1666666666666,3.3000000000000003,42.666666666666664
2024-01-22 07:00:00,0.43333333333333335,124.33333333333333,760.4,4.716666666666667,36.5
2024-01-22 08:00:00,1.6666666666666667,207.33333333333334,760.2666666666668,5.25,38.666666666666664
2024-01-22 09:00:00,3.4499999999999997,226.5,760.0333333333333,4.066666666666666,47.666666666666664
2024-01-22 10:00:00,1.6666666666666667,184.16666666666666,759.6666666666666,4.8999999999999995,44.833333333333336
2024-01-22 11:00:00,2.1999999999999997,234.0,759.2333333333332,5.616666666666667,43.333333333333336
2024-01-22 12:00:00,4.0,233.16666666666666,759.5833333333334,4.533333333333333,48.666666666666664
2024-01-22 13:00:00,2.3833333333333333,243.16666666666666,759.7166666666667,3.6999999999999997,53.0
2024-01-22 14:00:00,1.6333333333333335,253.0,759.9166666666666,1.7,64.33333333333333
2024-01-22 15:00:00,1.1666666666666667,269.5,760.2833333333333,0.6666666666666666,71.0
2024-01-22 16:00:00,0.3,252.66666666666666,760.5333333333333,0.65,67.66666666666667
2024-01-22 17:00:00,0.08333333333333333,264.6666666666667,760.8000000000001,1.0833333333333333,65.0
2024-01-22 18:00:00,0.9666666666666667,93.16666666666667,760.5833333333334,0.75,68.16666666666667
2024-01-22 19:00:00,0.8833333333333333,74.16666666666667,760.4833333333332,-0.06666666666666667,69.16666666666667
2024-01-22 20:00:00,0.85,48.666666666666664,760.3833333333333,0.35000000000000003,65.5
2024-01-22 21:00:00,0.5,81.16666666666667,759.9833333333332,1.1500000000000001,62.833333333333336
2024-01-22 22:00:00,2.4499999999999997,256.8333333333333,760.6833333333334,1.0166666666666668,66.33333333333333
2024-01-22 23:00:00,1.8166666666666667,257.6666666666667,760.8833333333333,-0.8833333333333333,95.2
2024-01-23 00:00:00,0.9166666666666666,105.33333333333333,760.3666666666667,-1.2833333333333334,95.56923076923077
2024-01-23 01:00:00,1.1500000000000001,223.66666666666666,760.4499999999999,-1.3833333333333335,95.93846153846154
2024-01-23 02:00:00,2.4833333333333334,83.83333333333333,760.0833333333334,-1.7,
2024-01-23 03:00:00,2.233333333333333,80.16666666666667,760.0666666666666,-1.6500000000000001,
2024-01-23 04:00:00,0.9,104.66666666666667,760.0333333333333,-1.4000000000000001,
2024-01-23 05:00:00,0.25,98.5,760.2166666666667,-0.9333333333333335,
2024-01-23 06:00:00,0.5833333333333334,151.66666666666666,760.4,-0.4666666666666666,
2024-01-23 07:00:00,1.2666666666666666,249.83333333333334,760.5833333333334,-0.19999999999999998,
2024-01-23 08:00:00,1.5499999999999998,229.33333333333334,760.1999999999999,-0.3333333333333333,
2024-01-23 09:00:00,1.2333333333333334,237.33333333333334,759.4333333333334,-0.18333333333333335,
2024-01-23 10:00:00,1.5999999999999999,248.5,758.9166666666666,-0.15,
2024-01-23 11:00:00,1.45,207.33333333333334,758.5500000000001,0.20000000000000004,
2024-01-23 12:00:00,2.0,99.16666666666667,758.0666666666666,0.5666666666666667,100.0
2024-01-23 13:00:00,0.6333333333333334,248.33333333333334,758.15,0.31666666666666665,100.0
2024-01-23 14:00:00,0.85,115.33333333333333,757.9333333333334,0.13333333333333333,100.0
2024-01-23 15:00:00,0.016666666666666666,103.83333333333333,757.8000000000001,-0.21666666666666667,100.0
2024-01-23 16:00:00,0.0,202.16666666666666,757.7666666666668,-0.26666666666666666,100.0
2024-01-23 17:00:00,0.0,104.83333333333333,757.6666666666666,-0.3,100.0
2024-01-23 18:00:00,0.0,103.66666666666667,757.5333333333333,-0.5,
2024-01-23 19:00:00,0.049999999999999996,186.16666666666666,757.3666666666667,-0.3333333333333333,
2024-01-23 20:00:00,0.09999999999999999,90.83333333333333,757.1666666666666,-0.016666666666666666,
2024-01-23 21:00:00,1.3666666666666665,215.66666666666666,756.6833333333334,0.5833333333333334,
2024-01-23 22:00:00,2.6,250.83333333333334,756.3833333333333,0.7333333333333334,
2024-01-23 23:00:00,3.15,250.83333333333334,756.2666666666668,0.3,
2024-01-24 00:00:00,0.03333333333333333,279.8333333333333,755.7333333333332,-0.16666666666666666,
2024-01-24 01:00:00,0.16666666666666666,243.33333333333334,755.2833333333333,-0.3333333333333333,
2024-01-24 02:00:00,0.0,244.66666666666666,755.1166666666667,-0.48333333333333334,
2024-01-24 03:00:00,0.0,158.83333333333334,755.4166666666666,-0.8166666666666668,
2024-01-24 04:00:00,0.0,84.5,755.5,-0.7833333333333333,
2024-01-24 05:00:00,0.06666666666666667,89.0,755.3666666666667,0.20000000000000004,
2024-01-24 06:00:00,2.533333333333333,202.16666666666666,755.1833333333334,1.9166666666666667,100.0
2024-01-24 07:00:00,5.2,287.6666666666667,755.2166666666667,0.9166666666666666,100.0
2024-01-24 08:00:00,4.1499999999999995,281.5,755.0500000000001,0.3666666666666667,98.75
2024-01-24 09:00:00,3.0666666666666664,258.6666666666667,754.3166666666666,1.9666666666666668,97.5
2024-01-24 10:00:00,4.016666666666667,276.6666666666667,753.6833333333334,2.2333333333333334,98.5
2024-01-24 11:00:00,4.1499999999999995,280.6666666666667,753.5500000000001,1.6166666666666665,100.0
2024-01-24 12:00:00,3.6999999999999997,267.0,753.5333333333333,2.3333333333333335,95.83333333333333
2024-01-24 13:00:00,3.8000000000000003,266.3333333333333,753.2999999999998,2.2666666666666666,75.5
2024-01-24 14:00:00,3.0500000000000003,263.8333333333333,753.4833333333332,1.3333333333333333,88.16666666666667
2024-01-24 15:00:00,1.0333333333333334,258.1666666666667,753.9,0.65,97.66666666666667
2024-01-24 16:00:00,0.6166666666666666,246.0,754.0833333333334,0.5333333333333333,100.0
2024-01-24 17:00:00,1.9666666666666668,256.1666666666667,754.1166666666667,0.3,100.0
2024-01-24 18:00:00,2.6666666666666665,292.1666666666667,753.9833333333332,0.45,100.0
2024-01-24 19:00:00,4.1000000000000005,271.3333333333333,754.1500000000001,0.016666666666666666,99.61111111111111
2024-01-24 20:00:00,4.25,265.0,754.1833333333334,-0.25,99.22222222222223
2024-01-24 21:00:00,4.766666666666667,269.1666666666667,753.8666666666667,-0.7666666666666666,
2024-01-24 22:00:00,6.133333333333333,270.0,753.9499999999999,-1.4166666666666667,
2024-01-24 23:00:00,3.6666666666666665,259.0,754.2666666666668,-1.1666666666666667,
2024-01-25 00:00:00,3.9,252.0,754.1999999999999,-1.0833333333333333,97.66666666666667
2024-01-25 01:00:00,2.983333333333333,247.33333333333334,754.1333333333333,-1.6166666666666665,92.66666666666667
2024-01-25 02:00:00,0.4666666666666666,290.5,754.2333333333332,-3.0,100.0
2024-01-25 03:00:00,0.9833333333333334,281.6666666666667,754.5500000000001,-3.0833333333333335,100.0
2024-01-25 04:00:00,0.26666666666666666,237.0,754.7999999999998,-3.783333333333333,99.66666666666667
2024-01-25 05:00:00,0.4166666666666667,177.16666666666666,755.0333333333333,-2.3833333333333333,82.66666666666667
2024-01-25 06:00:00,0.4166666666666667,103.66666666666667,755.1666666666666,-0.5333333333333333,73.33333333333333
2024-01-25 07:00:00,1.1333333333333333,235.16666666666666,755.3499999999999,0.65,66.16666666666667
2024-01-25 08:00:00,3.0,247.0,755.0500000000001,1.2666666666666668,59.0
2024-01-25 09:00:00,4.783333333333333,241.5,754.3166666666666,0.6,67.16666666666667
2024-01-25 10:00:00,6.033333333333334,254.83333333333334,753.8333333333334,0.25,69.66666666666667
2024-01-25 11:00:00,5.766666666666667,250.16666666666666,753.6666666666666,-0.016666666666666666,68.83333333333333
2024-01-25 12:00:00,6.016666666666667,249.83333333333334,753.5166666666668,-0.5166666666666667,87.33333333333333
2024-01-25 13:00:00,4.616666666666667,252.83333333333334,753.5333333333333,-0.7000000000000001,98.66666666666667
2024-01-25 14:00:00,6.583333333333333,256.6666666666667,753.65,-1.4833333333333334,96.66666666666667
2024-01-25 15:00:00,4.833333333333333,259.5,754.1500000000001,-1.95,94.62857142857143
2024-01-25 16:00:00,6.133333333333333,253.33333333333334,754.4333333333334,-1.8666666666666665,92.5904761904762
2024-01-25 17:00:00,4.1000000000000005,254.16666666666666,754.6833333333334,-1.9333333333333333,
2024-01-25 18:00:00,3.9500000000000006,256.1666666666667,754.7666666666668,-2.183333333333333,
2024-01-25 19:00:00,3.15,274.8333333333333,754.8833333333333,-2.566666666666667,
2024-01-25 20:00:00,3.5,266.5,754.8166666666666,-2.466666666666667,
2024-01-25 21:00:00,4.3999999999999995,259.5,754.5333333333333,-1.5666666666666667,82.4
2024-01-25 22:00:00,2.3333333333333335,274.1666666666667,754.4499999999999,-2.216666666666667,81.33333333333333
2024-01-25 23:00:00,0.45,311.1666666666667,754.3666666666667,-4.316666666666667,89.83333333333333
2024-01-26 00:00:00,1.0333333333333334,289.0,754.5500000000001,-5.3,98.33333333333333
2024-01-26 01:00:00,0.11666666666666668,76.0,754.3833333333333,-4.783333333333333,93.16666666666667
2024-01-26 02:00:00,0.26666666666666666,203.0,754.3666666666667,-4.6499999999999995,79.33333333333333
2024-01-26 03:00:00,1.2666666666666666,273.3333333333333,754.7333333333332,-3.6833333333333336,63.333333333333336
2024-01-26 04:00:00,2.6666666666666665,290.8333333333333,755.0333333333333,-2.033333333333333,54.0
2024-01-26 05:00:00,1.1666666666666667,284.1666666666667,754.85,-1.1333333333333333,49.0
2024-01-26 06:00:00,0.6833333333333332,90.66666666666667,755.0500000000001,0.2833333333333333,46.833333333333336
2024-01-26 07:00:00,0.9666666666666667,220.83333333333334,755.5500000000001,0.8166666666666668,45.333333333333336
2024-01-26 08:00:00,0.3833333333333333,104.5,755.5833333333334,1.5333333333333332,45.5
2024-01-26 09:00:00,1.0999999999999999,95.83333333333333,754.9333333333334,1.3333333333333333,47.0
2024-01-26 10:00:00,2.216666666666667,232.5,754.0833333333334,1.5,45.5
2024-01-26 11:00:00,1.75,218.83333333333334,753.9333333333334,0.7999999999999999,66.5
2024-01-26 12:00:00,0.75,166.0,754.5500000000001,0.7666666666666666,71.83333333333333
2024-01-26 13:00:00,0.8166666666666668,45.833333333333336,754.7333333333332,-0.16666666666666666,70.33333333333333
2024-01-26 14:00:00,1.4000000000000001,137.0,754.5333333333333,-0.39999999999999997,50.666666666666664
2024-01-26 15:00:00,0.6,195.83333333333334,754.6166666666667,-0.7999999999999999,52.166666666666664
2024-01-26 16:00:00,0.21666666666666667,125.66666666666667,754.5166666666668,-1.9166666666666667,56.333333333333336
2024-01-26 17:00:00,0.48333333333333334,326.0,754.2999999999998,-2.5833333333333335,56.666666666666664
2024-01-26 18:00:00,0.65,323.6666666666667,754.3333333333334,-2.85,54.166666666666664
2024-01-26 19:00:00,1.7833333333333332,343.0,754.15,-3.0666666666666664,56.833333333333336
2024-01-26 20:00:00,1.5166666666666668,322.1666666666667,753.8666666666667,-3.25,56.666666666666664
2024-01-26 21:00:00,0.5333333333333333,307.0,753.6166666666667,-3.0666666666666664,60.0
2024-01-26 22:00:00,0.85,260.1666666666667,753.2666666666668,-2.4833333333333334,64.66666666666667
2024-01-26 23:00:00,0.3666666666666667,254.16666666666666,753.1,-2.466666666666667,65.0
2024-01-27 00:00:00,0.4166666666666667,262.8333333333333,752.8000000000001,-2.4833333333333334,64.33333333333333
2024-01-27 01:00:00,1.5333333333333332,144.0,751.9499999999999,-2.1333333333333333,65.5
2024-01-27 02:00:00,0.75,104.5,751.3499999999999,-1.8166666666666667,65.5
2024-01-27 03:00:00,1.3166666666666667,93.83333333333333,751.5,-2.25,94.83333333333333
2024-01-27 04:00:00,1.1166666666666667,99.66666666666667,751.6833333333334,-2.733333333333333,100.0
2024-01-27 05:00:00,0.8166666666666668,99.66666666666667,752.0333333333333,-1.7333333333333334,100.0
2024-01-27 06:00:00,0.6166666666666667,95.33333333333333,752.1500000000001,-0.7666666666666667,100.0
2024-01-27 07:00:00,0.7166666666666667,71.83333333333333,752.1666666666666,0.09999999999999999,100.0
2024-01-27 08:00:00,0.7166666666666668,148.16666666666666,751.8666666666667,0.43333333333333335,100.0
2024-01-27 09:00:00,0.6999999999999998,224.16666666666666,751.2666666666668,0.35000000000000003,100.0
2024-01-27 10:00:00,0.85,223.0,750.9499999999999,-0.016666666666666653,100.0
2024-01-27 11:00:00,1.6166666666666665,243.33333333333334,750.8333333333334,-0.4666666666666666,97.66666666666667
2024-01-27 12:00:00,2.0833333333333335,271.1666666666667,750.7833333333333,-0.48333333333333334,95.33333333333334
2024-01-27 13:00:00,2.216666666666667,254.16666666666666,750.6,-0.6,
2024-01-27 14:00:00,1.1833333333333333,260.0,750.4333333333334,-0.39999999999999997,90.66666666666667
2024-01-27 15:00:00,0.6,264.8333333333333,750.6999999999999,-0.7333333333333334,96.5
2024-01-27 16:00:00,0.0,147.16666666666666,750.7166666666667,-1.4833333333333334,100.0
2024-01-27 17:00:00,3.3666666666666667,280.6666666666667,750.25,-0.016666666666666663,83.5
2024-01-27 18:00:00,0.0,279.6666666666667,750.4,-1.2,100.0
2024-01-27 19:00:00,0.0,259.6666666666667,750.25,-1.4333333333333333,100.0
2024-01-27 20:00:00,0.0,256.6666666666667,750.1666666666666,-1.4333333333333333,100.0
2024-01-27 21:00:00,0.0,270.5,749.7333333333332,-1.6500000000000001,
2024-01-27 22:00:00,3.6166666666666667,260.0,749.4499999999999,-2.0166666666666666,
2024-01-27 23:00:00,5.1499999999999995,260.5,749.5,-2.4666666666666663,
2024-01-28 00:00:00,5.816666666666666,266.5,749.6,-3.1333333333333333,
2024-01-28 01:00:00,2.283333333333333,252.66666666666666,749.4833333333332,-3.1333333333333333,
2024-01-28 02:00:00,2.3666666666666667,265.0,749.4833333333332,-3.6166666666666667,
2024-01-28 03:00:00,0.0,244.33333333333334,750.1333333333333,-4.6499999999999995,
2024-01-28 04:00:00,0.0,236.83333333333334,750.8000000000001,-5.566666666666666,
2024-01-28 05:00:00,0.0,249.5,751.3166666666666,-4.683333333333334,
2024-01-28 06:00:00,0.35000000000000003,228.66666666666666,751.7666666666668,-3.0500000000000003,100.0
2024-01-28 07:00:00,1.0,232.0,752.2333333333332,-1.5833333333333333,85.0
2024-01-28 08:00:00,3.0666666666666664,255.83333333333334,752.6333333333333,-2.0833333333333335,90.0
2024-01-28 09:00:00,4.3999999999999995,261.8333333333333,752.3833333333333,-1.8333333333333333,64.8
2024-01-28 10:00:00,6.383333333333333,246.0,751.9499999999999,-1.5833333333333333,63.5
2024-01-28 11:00:00,5.866666666666667,253.0,752.0166666666668,-2.966666666666667,74.25
2024-01-28 12:00:00,4.233333333333333,286.8333333333333,752.4333333333334,-2.5500000000000003,62.5
2024-01-28 13:00:00,4.366666666666666,245.83333333333334,752.85,-2.9499999999999997,61.666666666666664
2024-01-28 14:00:00,3.516666666666666,260.5,753.3666666666667,-4.55,64.0
2024-01-28 15:00:00,0.9166666666666666,305.5,753.9333333333334,-6.616666666666667,65.5
2024-01-28 16:00:00,0.5833333333333334,291.8333333333333,754.1,-7.266666666666667,66.83333333333333
2024-01-28 17:00:00,0.7333333333333334,109.16666666666667,754.3166666666666,-7.166666666666667,61.833333333333336
2024-01-28 18:00:00,0.7166666666666667,82.16666666666667,754.6500000000001,-8.0,57.333333333333336
2024-01-28 19:00:00,0.43333333333333335,214.0,754.6999999999999,-7.483333333333333,49.666666666666664
2024-01-28 20:00:00,1.95,279.8333333333333,754.6500000000001,-5.633333333333333,38.5
2024-01-28 21:00:00,3.216666666666667,277.3333333333333,754.5166666666668,-5.3,45.666666666666664
2024-01-28 22:00:00,3.983333333333333,277.6666666666667,754.3499999999999,-4.983333333333333,46.833333333333336
2024-01-28 23:00:00,2.1833333333333336,282.5,754.5833333333334,-5.966666666666666,48.0
2024-01-29 00:00:00,0.3333333333333333,304.8333333333333,754.7999999999998,-6.983333333333333,48.166666666666664
2024-01-29 01:00:00,0.85,334.8333333333333,754.8833333333333,-8.783333333333333,50.0
2024-01-29 02:00:00,1.4333333333333333,185.33333333333334,755.1333333333333,-9.1,50.833333333333336
2024-01-29 03:00:00,2.1,181.66666666666666,755.4,-9.233333333333333,51.333333333333336
2024-01-29 04:00:00,0.3333333333333333,150.16666666666666,755.6333333333333,-7.483333333333333,45.0
2024-01-29 05:00:00,0.2333333333333333,73.16666666666667,756.0166666666668,-6.133333333333333,41.833333333333336
2024-01-29 06:00:00,0.10000000000000002,137.33333333333334,756.35,-3.933333333333333,39.0
2024-01-29 07:00:00,0.0,295.1666666666667,756.6833333333334,-0.3,32.5
2024-01-29 08:00:00,0.7666666666666666,135.83333333333334,756.3000000000001,-0.3833333333333333,33.166666666666664
2024-01-29 09:00:00,3.9666666666666663,235.33333333333334,756.0833333333334,-2.066666666666667,40.833333333333336
2024-01-29 10:00:00,3.733333333333333,237.5,755.5833333333334,-1.9833333333333334,51.333333333333336
2024-01-29 11:00:00,3.8000000000000003,235.33333333333334,755.4499999999999,-3.033333333333333,69.83333333333333
2024-01-29 12:00:00,3.966666666666667,254.83333333333334,755.6333333333333,-2.4833333333333334,64.33333333333333
2024-01-29 13:00:00,3.6833333333333336,243.33333333333334,755.9333333333334,-2.9333333333333336,61.833333333333336
2024-01-29 14:00:00,2.9166666666666665,251.66666666666666,756.1666666666666,-4.383333333333334,72.33333333333333
2024-01-29 15:00:00,1.5833333333333333,277.8333333333333,756.4333333333334,-7.5,79.5
2024-01-29 16:00:00,1.0999999999999999,201.83333333333334,756.9,-8.25,82.83333333333333
2024-01-29 17:00:00,2.1166666666666667,236.83333333333334,757.2166666666667,-8.116666666666667,77.83333333333333
2024-01-29 18:00:00,0.6333333333333334,57.0,757.4666666666667,-6.6499999999999995,68.83333333333333
2024-01-29 19:00:00,1.0999999999999999,79.16666666666667,757.4333333333334,-6.066666666666666,70.0
2024-01-29 20:00:00,0.65,110.33333333333333,757.2000000000002,-5.216666666666667,48.5
2024-01-29 21:00:00,0.7833333333333333,249.0,757.1833333333334,-5.933333333333334,45.5
2024-01-29 22:00:00,1.1166666666666667,232.33333333333334,756.8499999999999,-6.75,43.666666666666664
2024-01-29 23:00:00,1.0,319.6666666666667,756.7833333333333,-6.25,42.833333333333336
2024-01-30 00:00:00,1.5166666666666666,292.1666666666667,756.7999999999998,-7.866666666666667,48.5
2024-01-30 01:00:00,1.9833333333333334,73.33333333333333,756.8499999999999,-8.25,52.333333333333336
2024-01-30 02:00:00,1.7166666666666668,71.0,757.2166666666667,-9.049999999999999,55.833333333333336
2024-01-30 03:00:00,1.9166666666666667,65.16666666666667,757.8333333333334,-8.916666666666666,55.666666666666664
2024-01-30 04:00:00,2.1166666666666667,78.16666666666667,758.1999999999999,-8.166666666666666,59.166666666666664
2024-01-30 05:00:00,1.3666666666666665,87.0,758.65,-6.216666666666666,56.666666666666664
2024-01-30 06:00:00,1.0999999999999999,116.16666666666667,759.1,-3.6833333333333336,49.666666666666664
2024-01-30 07:00:00,0.8166666666666668,135.16666666666666,759.25,-2.65,48.333333333333336
2024-01-30 08:00:00,0.6666666666666666,172.5,759.1833333333334,-2.3000000000000003,48.666666666666664
2024-01-30 09:00:00,2.033333333333333,229.16666666666666,758.8166666666666,-2.35,54.5
2024-01-30 10:00:00,0.9666666666666667,179.16666666666666,758.3333333333334,-2.6,61.0
2024-01-30 11:00:00,0.55,124.16666666666667,758.1666666666666,-3.5666666666666664,78.33333333333333
2024-01-30 12:00:00,0.03333333333333333,49.166666666666664,758.1666666666666,-3.3166666666666664,88.66666666666667
2024-01-30 13:00:00,0.19999999999999998,93.33333333333333,758.3499999999999,-4.5,91.33333333333333
2024-01-30 14:00:00,0.3,191.5,758.5833333333334,-5.55,100.0
2024-01-30 15:00:00,0.9,92.0,759.0500000000001,-5.95,100.0
2024-01-30 16:00:00,0.43333333333333335,93.0,759.4333333333334,-5.766666666666667,100.0
2024-01-30 17:00:00,0.21666666666666667,94.83333333333333,759.7166666666667,-5.8999999999999995,100.0
2024-01-30 18:00:00,0.35000000000000003,68.33333333333333,759.9666666666667,-5.683333333333334,100.0
2024-01-30 19:00:00,0.19999999999999998,81.83333333333333,759.9166666666666,-5.75,100.0
2024-01-30 20:00:00,0.09999999999999999,66.66666666666667,759.8666666666667,-6.033333333333334,100.0
2024-01-30 21:00:00,0.0,290.8333333333333,759.7999999999998,-5.516666666666667,100.0
2024-01-30 22:00:00,0.016666666666666666,288.3333333333333,759.8000000000001,-5.716666666666666,100.0
2024-01-30 23:00:00,0.5,315.8333333333333,759.7999999999998,-6.083333333333333,100.0
2024-01-31 00:00:00,0.11666666666666665,89.0,759.6666666666666,-5.883333333333333,100.0
2024-01-31 01:00:00,0.7999999999999999,196.5,759.4499999999999,-5.75,95.64285714285714
2024-01-31 02:00:00,0.8166666666666668,274.6666666666667,759.4333333333334,-6.383333333333333,91.28571428571429
2024-01-31 03:00:00,0.9,250.66666666666666,759.5666666666666,-6.283333333333334,
2024-01-31 04:00:00,0.0,262.1666666666667,759.6833333333334,-6.183333333333334,
2024-01-31 05:00:00,0.31666666666666665,238.5,759.9333333333334,-5.516666666666667,
2024-01-31 06:00:00,1.4833333333333334,234.66666666666666,760.0,-5.433333333333334,
2024-01-31 07:00:00,0.13333333333333333,213.5,760.1,-2.6333333333333333,69.5
2024-01-31 08:00:00,1.5666666666666667,246.66666666666666,759.9,-4.166666666666667,95.4
2024-01-31 09:00:00,1.3833333333333335,243.33333333333334,759.5,-4.016666666666667,100.0
2024-01-31 10:00:00,1.1833333333333333,242.0,758.9,-3.1666666666666665,98.0
2024-01-31 11:00:00,0.7666666666666666,236.66666666666666,758.5500000000001,-2.6666666666666665,84.0
2024-01-31 12:00:00,1.3333333333333333,232.16666666666666,758.4833333333332,-3.8333333333333335,99.0
2024-01-31 13:00:00,0.06666666666666667,262.3333333333333,758.4833333333332,-3.983333333333333,99.5
2024-01-31 14:00:00,0.08333333333333333,143.66666666666666,758.4333333333334,-5.5,100.0
2024-01-31 15:00:00,0.016666666666666666,120.33333333333333,758.5833333333334,-5.683333333333334,100.0
2024-01-31 16:00:00,0.9333333333333332,103.66666666666667,758.6333333333333,-6.283333333333334,100.0
2024-01-31 17:00:00,0.6166666666666667,76.16666666666667,758.5333333333333,-6.583333333333333,100.0
2024-01-31 18:00:00,0.016666666666666666,111.83333333333333,758.4166666666666,-5.75,100.0
2024-01-31 19:00:00,0.20000000000000004,87.66666666666667,758.0500000000001,-5.566666666666666,100.0
2024-01-31 20:00:00,1.25,140.33333333333334,757.6333333333333,-8.866666666666667,99.5
2024-01-31 21:00:00,1.5166666666666666,327.8333333333333,757.3166666666666,-7.1000000000000005,97.83333333333333
2024-01-31 22:00:00,0.06666666666666667,187.5,756.7833333333333,-6.033333333333334,100.0
2024-01-31 23:00:00,0.16666666666666666,84.83333333333333,756.5166666666668,-5.983333333333333,100.0
2024-02-01 00:00:00,0.13333333333333333,71.0,756.1999999999999,-6.3500000000000005,100.0
2024-02-01 01:00:00,0.0,191.5,755.9166666666666,-6.183333333333334,100.0
2024-02-01 02:00:00,0.16666666666666666,54.333333333333336,755.6833333333334,-6.416666666666667,100.0
2024-02-01 03:00:00,0.7000000000000001,97.5,755.7666666666668,-6.2,100.0
2024-02-01 04:00:00,0.7999999999999999,116.16666666666667,756.0500000000001,-6.483333333333333,100.0
2024-02-01 05:00:00,1.25,104.0,756.1500000000001,-5.666666666666667,100.0
2024-02-01 06:00:00,0.5,126.83333333333333,756.1166666666667,-4.25,99.33333333333333
2024-02-01 07:00:00,1.0833333333333333,253.83333333333334,755.9499999999999,-4.483333333333333,99.5
2024-02-01 08:00:00,1.7166666666666668,231.16666666666666,755.5333333333333,-4.783333333333334,100.0
2024-02-01 09:00:00,1.1333333333333333,245.16666666666666,754.8333333333334,-4.983333333333333,100.0
2024-02-01 10:00:00,0.39999999999999997,237.66666666666666,754.2166666666667,-3.65,98.5
2024-02-01 11:00:00,0.5,213.83333333333334,753.6999999999999,-3.233333333333333,98.0
2024-02-01 12:00:00,0.6666666666666666,196.66666666666666,753.5500000000001,-3.4499999999999997,95.5
2024-02-01 13:00:00,0.3833333333333333,125.16666666666667,753.4,-4.3999999999999995,100.0
2024-02-01 14:00:00,1.3666666666666665,104.5,753.25,-4.683333333333334,100.0
2024-02-01 15:00:00,1.0333333333333334,130.33333333333334,753.2333333333332,-5.0,99.11111111111111
2024-02-01 16:00:00,1.0999999999999999,129.33333333333334,753.3333333333334,-5.0,98.22222222222223
2024-02-01 17:00:00,3.0,66.33333333333333,753.15,-5.066666666666666,
2024-02-01 18:00:00,2.283333333333333,87.33333333333333,752.6166666666667,-5.1000000000000005,
2024-02-01 19:00:00,1.0166666666666666,94.83333333333333,752.4166666666666,-5.2,
2024-02-01 20:00:00,2.9,77.33333333333333,751.8166666666666,-5.3999999999999995,
2024-02-01 21:00:00,2.2833333333333337,86.83333333333333,751.0333333333333,-5.616666666666667,
2024-02-01 22:00:00,1.6333333333333335,92.66666666666667,750.2166666666667,-5.8,
2024-02-01 23:00:00,0.5499999999999999,122.33333333333333,749.5833333333334,-6.05,
2024-02-02 00:00:00,1.2833333333333334,273.1666666666667,749.0,-6.45,
2024-02-02 01:00:00,1.0833333333333333,179.33333333333334,748.3000000000001,-6.216666666666666,
2024-02-02 02:00:00,5.516666666666667,102.5,747.4499999999999,-5.6499999999999995,89.33333333333333
2024-02-02 03:00:00,0.8333333333333334,180.83333333333334,747.6833333333334,-6.283333333333334,100.0
2024-02-02 04:00:00,1.1,138.66666666666666,747.4499999999999,-6.383333333333334,100.0
2024-02-02 05:00:00,1.3,230.66666666666666,747.4666666666667,-6.233333333333333,100.0
2024-02-02 06:00:00,0.3666666666666667,102.33333333333333,747.3499999999999,-5.7,100.0
2024-02-02 07:00:00,0.8666666666666667,185.0,747.2833333333333,-5.183333333333334,100.0
2024-02-02 08:00:00,1.7166666666666668,221.83333333333334,747.1833333333334,-4.916666666666667,99.83333333333333
2024-02-02 09:00:00,0.8333333333333334,207.0,746.8833333333333,-4.783333333333334,99.66666666666667
2024-02-02 10:00:00,3.25,204.33333333333334,746.4666666666667,-5.25,81.25
2024-02-02 11:00:00,3.6333333333333333,247.0,746.35,-6.016666666666667,98.8
2024-02-02 12:00:00,8.933333333333334,13.833333333333334,746.1666666666666,-6.3999999999999995,69.16666666666667
2024-02-02 13:00:00,8.033333333333333,119.5,746.4333333333334,-6.949999999999999,77.33333333333333
2024-02-02 14:00:00,11.15,10.0,746.6,-7.916666666666667,74.16666666666667
2024-02-02 15:00:00,12.700000000000001,16.666666666666668,746.9166666666666,-8.450000000000001,77.83333333333333
2024-02-02 16:00:00,12.033333333333333,22.0,747.2999999999998,-8.416666666666666,75.83333333333333
2024-02-02 17:00:00,11.616666666666667,16.833333333333332,747.3666666666667,-8.233333333333333,70.66666666666667
2024-02-02 18:00:00,9.1,15.0,747.75,-8.233333333333333,69.16666666666667
2024-02-02 19:00:00,6.2,28.5,748.0,-7.766666666666667,63.0
2024-02-02 20:00:00,9.483333333333333,22.166666666666668,747.8666666666667,-7.866666666666667,64.83333333333333
2024-02-02 21:00:00,8.583333333333334,16.333333333333332,747.85,-7.266666666666667,58.833333333333336
2024-02-02 22:00:00,10.0,12.666666666666666,747.8666666666667,-7.516666666666667,62.5
2024-02-02 23:00:00,9.583333333333334,16.833333333333332,748.1166666666667,-7.266666666666667,63.0
2024-02-03 00:00:00,7.683333333333334,15.333333333333334,748.3000000000001,-6.966666666666666,60.333333333333336
2024-02-03 01:00:00,10.433333333333334,13.666666666666666,748.4,-7.583333333333333,68.83333333333333
2024-02-03 02:00:00,4.7,139.5,748.8833333333333,-6.5,58.5
2024-02-03 03:00:00,1.2166666666666666,238.66666666666666,749.6666666666666,-7.416666666666667,58.833333333333336
2024-02-03 04:00:00,1.5166666666666666,171.16666666666666,750.2666666666668,-7.733333333333333,59.166666666666664
2024-02-03 05:00:00,1.0333333333333334,246.83333333333334,751.1666666666666,-7.583333333333333,60.666666666666664
2024-02-03 06:00:00,0.31666666666666665,149.16666666666666,751.8833333333333,-4.066666666666666,49.5
2024-02-03 07:00:00,0.43333333333333335,215.5,752.4666666666667,-2.5833333333333335,43.333333333333336
2024-02-03 08:00:00,1.4166666666666667,171.5,752.6333333333333,-2.4499999999999997,45.166666666666664
2024-02-03 09:00:00,1.8666666666666665,235.0,752.6166666666667,-3.0,52.833333333333336
2024-02-03 10:00:00,2.316666666666667,235.5,752.5666666666666,-3.0500000000000003,57.333333333333336
2024-02-03 11:00:00,2.9499999999999997,229.33333333333334,752.6166666666667,-3.6666666666666665,71.66666666666667
2024-02-03 12:00:00,2.75,244.66666666666666,752.7833333333333,-3.4166666666666665,72.5
2024-02-03 13:00:00,3.283333333333333,237.66666666666666,753.1166666666667,-4.5,89.66666666666667
2024-02-03 14:00:00,3.1166666666666667,240.66666666666666,753.4833333333332,-5.466666666666666,100.0
2024-02-03 15:00:00,2.75,258.1666666666667,754.0833333333334,-5.633333333333333,99.72222222222223
2024-02-03 16:00:00,1.1833333333333333,230.16666666666666,754.4,-6.95,99.44444444444444
2024-02-03 17:00:00,0.3166666666666667,302.8333333333333,754.6500000000001,-9.75,99.16666666666667
2024-02-03 18:00:00,0.3666666666666667,242.66666666666666,754.6999999999999,-8.633333333333333,74.16666666666667
2024-02-03 19:00:00,1.0833333333333333,93.83333333333333,754.6500000000001,-9.916666666666666,68.66666666666667
2024-02-03 20:00:00,1.2333333333333334,62.333333333333336,754.3666666666667,-9.666666666666666,64.66666666666667
2024-02-03 21:00:00,0.7333333333333334,282.5,754.0333333333333,-10.883333333333333,57.666666666666664
2024-02-03 22:00:00,1.4000000000000001,281.8333333333333,753.8499999999999,-11.283333333333333,56.666666666666664
2024-02-03 23:00:00,0.15,249.16666666666666,753.6500000000001,-11.1,59.833333333333336
2024-02-04 00:00:00,0.10000000000000002,266.3333333333333,753.5166666666668,-12.049999999999999,68.33333333333333
2024-02-04 01:00:00,1.0333333333333334,99.5,753.1833333333334,-11.066666666666668,50.333333333333336
2024-02-04 02:00:00,0.7000000000000001,146.16666666666666,753.0666666666666,-10.266666666666667,37.333333333333336
2024-02-04 03:00:00,0.75,137.83333333333334,753.3333333333334,-10.366666666666665,35.333333333333336
2024-02-04 04:00:00,0.9333333333333332,127.5,753.3666666666667,-9.766666666666667,35.0
2024-02-04 05:00:00,1.0833333333333333,124.66666666666667,753.8666666666667,-7.933333333333334,41.333333333333336
2024-02-04 06:00:00,2.016666666666667,110.16666666666667,754.1999999999999,-4.7,40.833333333333336
2024-02-04 07:00:00,2.533333333333333,106.5,754.3666666666667,-3.6833333333333336,43.0
2024-02-04 08:00:00,1.6333333333333335,130.83333333333334,754.35,-3.283333333333333,50.5
2024-02-04 09:00:00,2.0833333333333335,169.33333333333334,754.0333333333333,-3.3666666666666667,60.166666666666664
2024-02-04 10:00:00,1.2666666666666666,217.66666666666666,753.5833333333334,-3.4166666666666665,67.66666666666667
2024-02-04 11:00:00,2.1,228.0,753.3833333333333,-4.316666666666666,86.5
2024-02-04 12:00:00,3.466666666666667,231.5,753.6666666666666,-5.316666666666666,100.0
2024-02-04 13:00:00,3.5,252.16666666666666,753.8000000000001,-5.133333333333334,100.0
2024-02-04 14:00:00,4.016666666666667,246.5,753.8833333333333,-5.483333333333333,100.0
2024-02-04 15:00:00,3.3333333333333335,242.5,753.9,-5.716666666666666,100.0
2024-02-04 16:00:00,2.6166666666666667,274.3333333333333,753.9499999999999,-6.666666666666667,100.0
2024-02-04 17:00:00,0.4666666666666666,295.6666666666667,753.9666666666667,-8.25,100.0
2024-02-04 18:00:00,0.43333333333333335,199.0,753.9833333333332,-8.816666666666666,100.0
2024-02-04 19:00:00,1.1500000000000001,283.0,754.0666666666666,-7.566666666666666,85.4
2024-02-04 20:00:00,0.2833333333333333,240.16666666666666,753.9499999999999,-7.6000000000000005,70.33333333333333
2024-02-04 21:00:00,0.7333333333333334,302.1666666666667,753.7166666666667,-8.816666666666666,69.5
2024-02-04 22:00:00,0.3333333333333333,223.66666666666666,753.7333333333332,-8.333333333333334,77.0
2024-02-04 23:00:00,0.39999999999999997,143.5,753.4333333333334,-8.866666666666667,70.66666666666667
2024-02-05 00:00:00,1.1166666666666667,320.5,753.0166666666668,-9.5,73.66666666666667
2024-02-05 01:00:00,1.0666666666666667,260.0,752.9,-9.799999999999999,84.5
2024-02-05 02:00:00,0.3,266.3333333333333,752.8833333333333,-9.066666666666666,88.83333333333333
2024-02-05 03:00:00,0.7666666666666667,155.5,753.2666666666668,-9.116666666666667,87.83333333333333
2024-02-05 04:00:00,0.9333333333333332,271.8333333333333,753.6833333333334,-9.299999999999999,90.66666666666667
2024-02-05 05:00:00,0.0,261.6666666666667,753.8833333333333,-6.383333333333333,93.16666666666667
2024-02-05 06:00:00,0.7333333333333334,214.66666666666666,753.9666666666667,-5.533333333333334,99.16666666666667
2024-02-05 07:00:00,3.1166666666666667,240.16666666666666,754.0,-5.666666666666667,100.0
2024-02-05 08:00:00,3.5,253.16666666666666,753.6999999999999,-5.5,100.0
2024-02-05 09:00:00,5.266666666666667,263.5,753.1999999999999,-5.3999999999999995,100.0
2024-02-05 10:00:00,5.2,260.1666666666667,752.6666666666666,-4.966666666666667,
2024-02-05 11:00:00,5.25,250.66666666666666,752.5666666666666,-4.766666666666667,
2024-02-05 12:00:00,5.916666666666667,261.5,752.3499999999999,-4.3,
2024-02-05 13:00:00,4.533333333333333,259.8333333333333,752.5333333333333,-4.316666666666666,
2024-02-05 14:00:00,5.866666666666667,263.0,752.65,-4.266666666666667,
2024-02-05 15:00:00,6.066666666666666,258.5,752.85,-4.266666666666667,
2024-02-05 16:00:00,5.516666666666667,254.66666666666666,753.0,-4.25,
2024-02-05 17:00:00,4.266666666666667,259.0,753.0166666666668,-4.3,
2024-02-05 18:00:00,4.6499999999999995,260.5,753.0,-4.266666666666667,
2024-02-05 19:00:00,4.666666666666667,259.0,752.7666666666668,-4.233333333333333,
2024-02-05 20:00:00,5.483333333333333,251.5,752.4166666666666,-4.283333333333333,
2024-02-05 21:00:00,6.383333333333333,257.5,751.9833333333332,-4.433333333333334,
2024-02-05 22:00:00,6.066666666666666,255.16666666666666,751.75,-4.5,
2024-02-05 23:00:00,5.333333333333333,264.8333333333333,751.4499999999999,-4.683333333333334,
2024-02-06 00:00:00,4.716666666666667,261.5,750.9833333333332,-4.7,
2024-02-06 01:00:00,5.783333333333334,253.33333333333334,750.4666666666667,-4.733333333333333,
2024-02-06 02:00:00,4.966666666666667,247.0,750.5,-4.816666666666666,
2024-02-06 03:00:00,4.183333333333334,254.16666666666666,750.5500000000001,-4.9,
2024-02-06 04:00:00,3.266666666666667,246.66666666666666,750.7666666666668,-4.8500000000000005,
2024-02-06 05:00:00,5.283333333333334,253.5,750.6166666666667,-4.783333333333333,
2024-02-06 06:00:00,5.3500000000000005,245.83333333333334,750.8166666666666,-4.533333333333333,
2024-02-06 07:00:00,5.633333333333333,246.83333333333334,750.85,-4.2,
2024-02-06 08:00:00,5.75,256.0,750.9333333333334,-4.0,
2024-02-06 09:00:00,5.266666666666667,255.5,750.8833333333333,-3.5500000000000003,
2024-02-06 10:00:00,5.183333333333334,257.1666666666667,750.8166666666666,-2.9499999999999997,
2024-02-06 11:00:00,4.383333333333334,263.5,751.1166666666667,-2.9166666666666665,
2024-02-06 12:00:00,4.816666666666666,274.5,751.4666666666667,-2.9499999999999997,
2024-02-06 13:00:00,3.983333333333333,292.1666666666667,751.8666666666667,-2.6,100.0
2024-02-06 14:00:00,3.216666666666667,289.6666666666667,752.3166666666666,-2.6166666666666667,99.83333333333333
2024-02-06 15:00:00,3.1666666666666665,299.6666666666667,752.9666666666667,-3.15,96.83333333333333
2024-02-06 16:00:00,1.6833333333333333,280.6666666666667,753.5500000000001,-3.9,90.0
2024-02-06 17:00:00,1.0166666666666668,305.5,754.0500000000001,-5.883333333333333,90.16666666666667
2024-02-06 18:00:00,1.6833333333333333,188.83333333333334,754.15,-5.816666666666666,92.83333333333333
2024-02-06 19:00:00,1.8833333333333335,278.8333333333333,754.3166666666666,-4.616666666666666,77.16666666666667
2024-02-06 20:00:00,0.9666666666666668,191.33333333333334,754.4833333333332,-7.0,83.83333333333333
2024-02-06 21:00:00,0.4666666666666666,101.66666666666667,754.6,-7.216666666666666,87.66666666666667
2024-02-06 22:00:00,0.7833333333333333,294.1666666666667,754.5166666666668,-6.566666666666666,86.66666666666667
2024-02-06 23:00:00,0.48333333333333334,235.5,754.3666666666667,-6.383333333333333,71.16666666666667
2024-02-07 00:00:00,0.7666666666666666,285.0,754.15,-6.3,63.166666666666664
2024-02-07 01:00:00,0.5666666666666667,312.1666666666667,754.0833333333334,-7.2,57.0
2024-02-07 02:00:00,0.8333333333333334,300.0,754.2833333333333,-6.183333333333334,46.333333333333336
2024-02-07 03:00:00,1.6833333333333333,343.5,754.9333333333334,-6.083333333333333,42.5
2024-02-07 04:00:00,1.5833333333333333,62.5,755.6999999999999,-5.3999999999999995,41.333333333333336
2024-02-07 05:00:00,2.25,73.33333333333333,756.2166666666667,-2.25,36.333333333333336
2024-02-07 06:00:00,1.1166666666666667,90.83333333333333,756.5833333333334,1.0,31.333333333333332
2024-02-07 07:00:00,0.75,211.33333333333334,757.0500000000001,0.7333333333333334,34.5
2024-02-07 08:00:00,0.5833333333333334,222.83333333333334,757.1833333333334,2.5166666666666666,32.833333333333336
2024-02-07 09:00:00,1.4333333333333333,235.5,757.0666666666666,2.033333333333333,36.5
2024-02-07 10:00:00,1.2666666666666668,229.83333333333334,756.8833333333333,1.5833333333333333,55.0
2024-02-07 11:00:00,0.4666666666666666,161.5,756.7333333333332,2.0,53.5
2024-02-07 12:00:00,1.1166666666666667,139.5,756.7999999999998,1.3666666666666665,52.0
2024-02-07 13:00:00,0.85,131.16666666666666,756.9833333333332,0.26666666666666666,58.5
2024-02-07 14:00:00,0.6,34.5,757.1833333333334,-2.65,73.33333333333333
2024-02-07 15:00:00,0.6,154.0,757.3166666666666,-4.2,79.66666666666667
2024-02-07 16:00:00,0.7833333333333333,138.5,757.6833333333334,-5.016666666666667,71.5
2024-02-07 17:00:00,0.31666666666666665,84.33333333333333,757.8333333333334,-4.483333333333333,62.5
2024-02-07 18:00:00,0.26666666666666666,293.1666666666667,758.0500000000001,-5.083333333333333,69.33333333333333
2024-02-07 19:00:00,0.7666666666666666,113.83333333333333,757.9333333333334,-4.6000000000000005,69.16666666666667
2024-02-07 20:00:00,0.7999999999999999,78.83333333333333,757.6833333333334,-4.383333333333334,69.0
2024-02-07 21:00:00,0.45,60.666666666666664,757.4833333333332,-4.8,62.333333333333336
2024-02-07 22:00:00,1.2166666666666666,182.16666666666666,757.4166666666666,-5.883333333333333,61.5
2024-02-07 23:00:00,1.4666666666666668,188.5,757.4333333333334,-6.133333333333333,64.5
2024-02-08 00:00:00,1.633333333333333,335.8333333333333,757.4833333333332,-5.983333333333333,64.66666666666667
2024-02-08 01:00:00,1.0,307.1666666666667,757.3666666666667,-5.766666666666667,65.66666666666667
2024-02-08 02:00:00,0.38333333333333336,123.5,757.4666666666667,-6.266666666666667,80.33333333333333
2024-02-08 03:00:00,0.0,154.66666666666666,757.7333333333332,-6.7,60.5
2024-02-08 04:00:00,0.18333333333333335,223.0,758.2166666666667,-6.75,60.833333333333336
2024-02-08 05:00:00,0.18333333333333335,63.833333333333336,758.6833333333334,-3.733333333333333,50.5
2024-02-08 06:00:00,0.18333333333333335,165.5,758.8666666666667,0.1333333333333333,40.166666666666664
2024-02-08 07:00:00,0.21666666666666667,247.16666666666666,758.9833333333332,3.1833333333333336,35.5
2024-02-08 08:00:00,0.7000000000000001,244.33333333333334,758.9333333333334,3.15,37.833333333333336
2024-02-08 09:00:00,0.5166666666666667,241.83333333333334,758.5833333333334,3.9166666666666665,38.333333333333336
2024-02-08 10:00:00,0.9166666666666666,231.16666666666666,758.1666666666666,3.9166666666666665,43.333333333333336
2024-02-08 11:00:00,2.3833333333333333,232.33333333333334,757.8166666666666,3.1999999999999997,53.5
2024-02-08 12:00:00,2.6333333333333333,252.33333333333334,757.6166666666667,3.283333333333333,55.333333333333336
2024-02-08 13:00:00,3.3000000000000003,249.0,757.5666666666666,2.45,59.0
2024-02-08 14:00:00,2.1166666666666667,247.0,757.5833333333334,0.3333333333333333,75.33333333333333
2024-02-08 15:00:00,0.45,238.33333333333334,757.7166666666667,-1.1833333333333333,85.16666666666667
2024-02-08 16:00:00,2.9333333333333336,289.8333333333333,757.9333333333334,-0.4666666666666666,69.66666666666667
2024-02-08 17:00:00,3.6999999999999997,299.0,757.9166666666666,0.18333333333333335,53.166666666666664
2024-02-08 18:00:00,1.0666666666666667,222.0,757.9333333333334,-1.4000000000000001,54.333333333333336
2024-02-08 19:00:00,0.0,102.33333333333333,757.9166666666666,-2.316666666666667,55.333333333333336
2024-02-08 20:00:00,0.06666666666666667,71.16666666666667,757.7666666666668,-2.1999999999999997,52.833333333333336
2024-02-08 21:00:00,0.26666666666666666,95.16666666666667,757.6,-2.75,53.666666666666664
2024-02-08 22:00:00,0.6666666666666666,135.16666666666666,757.3333333333334,-4.3999999999999995,54.666666666666664
2024-02-08 23:00:00,1.0,332.1666666666667,757.0666666666666,-4.566666666666666,55.333333333333336
2024-02-09 00:00:00,1.4833333333333334,329.3333333333333,756.75,-4.6499999999999995,56.166666666666664
2024-02-09 01:00:00,1.15,196.83333333333334,756.5500000000001,-4.033333333333333,54.5
2024-02-09 02:00:00,2.15,344.0,756.3833333333333,-3.9166666666666665,54.0
2024-02-09 03:00:00,1.45,333.3333333333333,756.3333333333334,-4.866666666666666,54.666666666666664
2024-02-09 04:00:00,0.5,216.66666666666666,756.5666666666666,-4.933333333333334,56.166666666666664
2024-02-09 05:00:00,0.13333333333333333,109.5,756.9166666666666,-2.566666666666667,53.833333333333336
2024-02-09 06:00:00,0.4166666666666667,156.5,757.1,0.5166666666666666,45.666666666666664
2024-02-09 07:00:00,1.25,129.0,757.4499999999999,4.1000000000000005,35.166666666666664
2024-02-09 08:00:00,1.0166666666666666,130.0,757.5,4.6000000000000005,30.0
2024-02-09 09:00:00,0.7000000000000001,211.33333333333334,757.15,5.116666666666666,34.0
2024-02-09 10:00:00,1.2,227.16666666666666,756.8166666666666,5.3999999999999995,38.833333333333336
2024-02-09 11:00:00,2.283333333333333,236.83333333333334,756.6666666666666,4.75,44.833333333333336
2024-02-09 12:00:00,2.4,230.0,756.7333333333332,3.6,51.666666666666664
2024-02-09 13:00:00,3.216666666666667,234.66666666666666,756.9333333333334,2.4499999999999997,58.0
2024-02-09 14:00:00,1.1,264.3333333333333,757.1833333333334,1.1500000000000001,63.666666666666664
2024-02-09 15:00:00,0.15,141.5,757.4666666666667,-0.6333333333333333,74.33333333333333
2024-02-09 16:00:00,0.18333333333333335,176.83333333333334,757.9499999999999,-1.0166666666666666,68.66666666666667
2024-02-09 17:00:00,1.2166666666666666,88.0,758.3499999999999,-0.31666666666666665,61.333333333333336
2024-02-09 18:00:00,1.1333333333333333,77.33333333333333,758.6,-0.2333333333333333,51.166666666666664
2024-02-09 19:00:00,1.6166666666666665,72.66666666666667,758.8499999999999,-0.5499999999999999,48.666666666666664
2024-02-09 20:00:00,1.3333333333333333,55.666666666666664,758.8833333333333,-0.7333333333333334,44.5
2024-02-09 21:00:00,1.1166666666666665,115.83333333333333,758.6999999999999,-1.3499999999999999,39.333333333333336
2024-02-09 22:00:00,1.5833333333333333,211.16666666666666,758.6166666666667,-1.0,34.5
2024-02-09 23:00:00,0.7166666666666667,327.1666666666667,758.7166666666667,-2.0,38.333333333333336
2024-02-10 00:00:00,0.9833333333333334,156.66666666666666,758.5833333333334,-1.9666666666666668,36.0
2024-02-10 01:00:00,0.23333333333333336,167.0,758.3166666666666,-0.7833333333333333,29.166666666666668
2024-02-10 02:00:00,0.3,197.33333333333334,758.4,0.7000000000000001,22.333333333333332
2024-02-10 03:00:00,0.6666666666666666,134.33333333333334,758.7666666666668,-0.9500000000000001,25.0
2024-02-10 04:00:00,1.75,333.1666666666667,759.1833333333334,-1.4166666666666667,30.0
2024-02-10 05:00:00,0.06666666666666667,262.3333333333333,759.7666666666668,0.7333333333333334,27.333333333333332
2024-02-10 06:00:00,0.65,203.83333333333334,760.1833333333334,5.616666666666667,21.333333333333332
2024-02-10 07:00:00,2.966666666666667,227.16666666666666,760.3833333333333,4.116666666666666,26.166666666666668
2024-02-10 08:00:00,2.8333333333333335,225.5,760.3000000000001,4.483333333333333,29.166666666666668
2024-02-10 09:00:00,3.266666666666667,222.66666666666666,759.9499999999999,4.6499999999999995,31.5
2024-02-10 10:00:00,3.0833333333333335,225.0,759.6333333333333,4.583333333333333,32.333333333333336
2024-02-10 11:00:00,2.8000000000000003,221.0,759.4499999999999,5.0,31.333333333333332
2024-02-10 12:00:00,2.4499999999999997,227.33333333333334,759.35,5.133333333333334,32.5
2024-02-10 13:00:00,2.5833333333333335,237.5,759.4833333333332,4.433333333333334,37.166666666666664
2024-02-10 14:00:00,1.8833333333333335,256.0,759.5500000000001,2.6833333333333336,43.0
2024-02-10 15:00:00,1.3333333333333333,339.5,760.0666666666666,0.0,55.666666666666664
2024-02-10 16:00:00,1.1333333333333333,337.6666666666667,760.3833333333333,-0.7166666666666667,58.666666666666664
2024-02-10 17:00:00,2.316666666666667,338.1666666666667,760.2833333333333,-0.4666666666666666,51.0
2024-02-10 18:00:00,0.7166666666666667,275.1666666666667,760.4833333333332,-0.65,49.833333333333336
2024-02-10 19:00:00,0.6166666666666667,40.166666666666664,760.6,-0.9,50.166666666666664
2024-02-10 20:00:00,1.0,220.0,760.5833333333334,-1.5333333333333332,54.5
2024-02-10 21:00:00,0.7166666666666667,289.1666666666667,760.5333333333333,-1.5666666666666667,53.166666666666664
2024-02-10 22:00:00,1.3,339.8333333333333,760.3000000000001,-1.0999999999999999,51.333333333333336
2024-02-10 23:00:00,1.5666666666666664,225.66666666666666,760.2833333333333,-1.8333333333333333,53.666666666666664
2024-02-11 00:00:00,0.7833333333333333,107.83333333333333,760.0666666666666,-0.9666666666666667,54.0
2024-02-11 01:00:00,0.43333333333333335,87.5,759.9666666666667,-0.7833333333333333,59.0
2024-02-11 02:00:00,1.5833333333333333,290.5,760.0,-1.05,63.666666666666664
2024-02-11 03:00:00,0.8833333333333333,231.66666666666666,760.0666666666666,-0.43333333333333335,57.5
2024-02-11 04:00:00,1.55,338.6666666666667,760.6333333333333,-0.4166666666666667,57.666666666666664
2024-02-11 05:00:00,1.7166666666666668,341.0,761.2666666666668,-0.16666666666666666,58.833333333333336
2024-02-11 06:00:00,0.0,194.33333333333334,761.4833333333332,5.033333333333333,42.666666666666664
2024-02-11 07:00:00,0.4166666666666667,122.33333333333333,761.4666666666667,5.6499999999999995,42.666666666666664
2024-02-11 08:00:00,1.05,213.33333333333334,761.5,6.383333333333333,39.166666666666664
2024-02-11 09:00:00,1.5999999999999999,222.16666666666666,761.1999999999999,6.266666666666667,39.5
2024-02-11 10:00:00,2.183333333333333,219.16666666666666,760.7833333333333,6.033333333333334,40.0
2024-02-11 11:00:00,2.35,222.66666666666666,760.6166666666667,6.2,40.0
2024-02-11 12:00:00,2.8166666666666664,220.16666666666666,760.8333333333334,5.7,43.0
2024-02-11 13:00:00,2.466666666666667,229.66666666666666,760.9333333333334,5.233333333333333,46.833333333333336
2024-02-11 14:00:00,1.6500000000000001,270.1666666666667,761.1166666666667,3.1833333333333336,56.333333333333336
2024-02-11 15:00:00,0.5499999999999999,292.3333333333333,761.3833333333333,1.4000000000000001,65.0
2024-02-11 16:00:00,0.43333333333333335,110.66666666666667,761.6999999999999,0.08333333333333333,66.66666666666667
2024-02-11 17:00:00,1.3,350.8333333333333,761.9833333333332,0.2833333333333333,62.166666666666664
2024-02-11 18:00:00,2.183333333333333,343.3333333333333,762.2333333333332,0.20000000000000004,63.833333333333336
2024-02-11 19:00:00,2.3833333333333333,344.0,762.2999999999998,0.016666666666666663,60.5
2024-02-11 20:00:00,3.233333333333333,346.6666666666667,762.1333333333333,-0.15,58.333333333333336
2024-02-11 21:00:00,1.5833333333333333,129.5,761.9333333333334,-0.8999999999999999,56.833333333333336
2024-02-11 22:00:00,1.9833333333333334,232.5,761.75,-1.1833333333333333,52.166666666666664
2024-02-11 23:00:00,2.2666666666666666,332.0,761.6166666666667,-1.4166666666666667,48.0
2024-02-12 00:00:00,1.1166666666666667,316.6666666666667,761.5333333333333,-1.5666666666666667,40.333333333333336
2024-02-12 01:00:00,0.8333333333333334,197.5,761.6166666666667,-1.55,38.833333333333336
2024-02-12 02:00:00,1.4000000000000001,191.0,761.8666666666667,-1.6333333333333335,37.0
2024-02-12 03:00:00,2.5666666666666664,337.0,762.1333333333333,-1.9666666666666668,39.833333333333336
2024-02-12 04:00:00,2.4,333.6666666666667,762.6333333333333,-1.9000000000000001,49.0
2024-02-12 05:00:00,0.25,327.8333333333333,763.0166666666668,0.09999999999999999,51.0
2024-02-12 06:00:00,0.11666666666666665,152.5,763.1500000000001,4.183333333333334,43.5
2024-02-12 07:00:00,0.2833333333333333,184.0,763.3666666666667,5.933333333333334,35.833333333333336
2024-02-12 08:00:00,0.016666666666666666,265.0,763.3333333333334,7.3500000000000005,33.0
2024-02-12 09:00:00,0.13333333333333333,160.33333333333334,762.85,7.166666666666667,37.0
2024-02-12 10:00:00,0.7166666666666667,208.33333333333334,762.1666666666666,7.05,36.333333333333336
2024-02-12 11:00:00,0.6833333333333332,188.0,761.7166666666667,7.766666666666667,34.5
2024-02-12 12:00:00,1.8166666666666667,217.66666666666666,761.5666666666666,6.866666666666667,38.5
2024-02-12 13:00:00,2.1166666666666667,225.16666666666666,761.4833333333332,6.266666666666667,42.0
2024-02-12 14:00:00,1.95,232.66666666666666,761.4833333333332,4.7,48.833333333333336
2024-02-12 15:00:00,1.45,325.0,761.8666666666667,1.7,63.0
2024-02-12 16:00:00,0.5833333333333334,294.0,762.0666666666666,1.3833333333333335,65.5
2024-02-12 17:00:00,0.21666666666666667,294.1666666666667,762.3166666666666,1.0833333333333333,64.83333333333333
2024-02-12 18:00:00,0.55,181.0,762.4499999999999,0.18333333333333335,64.83333333333333
2024-02-12 19:00:00,1.1166666666666667,355.8333333333333,762.3166666666666,0.3166666666666667,61.833333333333336
2024-02-12 20:00:00,1.75,346.8333333333333,762.2833333333333,0.11666666666666665,62.833333333333336
2024-02-12 21:00:00,1.3666666666666665,339.3333333333333,761.9833333333332,0.06666666666666667,62.833333333333336
2024-02-12 22:00:00,0.8166666666666668,303.0,761.6166666666667,-0.016666666666666663,64.0
2024-02-12 23:00:00,0.3833333333333333,272.5,761.35,0.3833333333333333,58.333333333333336
2024-02-13 00:00:00,0.08333333333333333,298.1666666666667,761.1833333333334,-0.2333333333333333,54.5
2024-02-13 01:00:00,0.6666666666666666,269.5,761.1333333333333,-0.3333333333333333,56.666666666666664
2024-02-13 02:00:00,0.43333333333333335,223.66666666666666,761.1333333333333,-1.0666666666666667,58.5
2024-02-13 03:00:00,0.2333333333333333,73.66666666666667,761.2333333333332,-0.75,50.166666666666664
2024-02-13 04:00:00,0.05000000000000001,158.33333333333334,761.4833333333332,-0.31666666666666665,46.166666666666664
2024-02-13 05:00:00,0.05000000000000001,255.5,761.7166666666667,4.416666666666667,36.166666666666664
2024-02-13 06:00:00,2.0500000000000003,254.83333333333334,761.7833333333333,5.866666666666667,35.666666666666664
2024-02-13 07:00:00,1.6333333333333335,228.16666666666666,761.6333333333333,7.016666666666667,32.666666666666664
2024-02-13 08:00:00,2.3833333333333333,223.33333333333334,761.5833333333334,6.733333333333333,37.0
2024-02-13 09:00:00,1.7,223.16666666666666,761.15,7.716666666666666,34.0
2024-02-13 10:00:00,1.2666666666666666,194.0,760.5833333333334,8.299999999999999,32.833333333333336
2024-02-13 11:00:00,2.5666666666666664,225.0,760.1500000000001,8.433333333333334,33.833333333333336
2024-02-13 12:00:00,3.483333333333333,228.66666666666666,760.1166666666667,7.75,35.333333333333336
2024-02-13 13:00:00,3.216666666666667,231.33333333333334,760.0500000000001,7.2,36.5
2024-02-13 14:00:00,2.6999999999999997,238.66666666666666,760.1166666666667,5.616666666666667,42.166666666666664
2024-02-13 15:00:00,1.4166666666666667,335.6666666666667,760.4833333333332,2.0833333333333335,58.666666666666664
2024-02-13 16:00:00,0.48333333333333334,284.6666666666667,760.65,1.2166666666666666,62.333333333333336
2024-02-13 17:00:00,0.65,277.8333333333333,760.9,1.9333333333333333,57.833333333333336
2024-02-13 18:00:00,0.3833333333333333,92.33333333333333,761.0,2.15,50.833333333333336
2024-02-13 19:00:00,0.5499999999999999,147.16666666666666,760.9166666666666,1.6666666666666667,50.333333333333336
2024-02-13 20:00:00,0.3,139.83333333333334,760.7333333333332,2.0500000000000003,44.833333333333336
2024-02-13 21:00:00,0.43333333333333335,227.5,760.6166666666667,1.7333333333333334,45.833333333333336
2024-02-13 22:00:00,0.6666666666666666,144.33333333333334,760.3833333333333,1.2666666666666666,49.166666666666664
2024-02-13 23:00:00,1.25,288.8333333333333,760.25,1.2333333333333334,50.666666666666664
2024-02-14 00:00:00,1.6666666666666667,332.5,760.1333333333333,0.9500000000000001,52.166666666666664
2024-02-14 01:00:00,0.5,289.3333333333333,760.1,0.9666666666666667,52.0
2024-02-14 02:00:00,0.6,269.6666666666667,760.1666666666666,2.1333333333333333,47.666666666666664
2024-02-14 03:00:00,0.09999999999999999,153.0,760.2166666666667,1.9166666666666667,48.166666666666664
2024-02-14 04:00:00,0.06666666666666667,80.33333333333333,760.4333333333334,2.1,47.833333333333336
2024-02-14 05:00:00,0.0,132.16666666666666,760.85,5.183333333333334,40.333333333333336
2024-02-14 06:00:00,0.9333333333333332,242.0,760.9833333333332,7.266666666666667,36.666666666666664
2024-02-14 07:00:00,2.1999999999999997,227.83333333333334,760.9166666666666,7.8,34.833333333333336
2024-02-14 08:00:00,2.9499999999999997,229.33333333333334,760.7166666666667,8.183333333333334,33.666666666666664
2024-02-14 09:00:00,4.333333333333333,223.33333333333334,760.0666666666666,8.183333333333332,31.333333333333332
2024-02-14 10:00:00,3.983333333333333,227.66666666666666,759.5500000000001,8.566666666666666,29.666666666666668
2024-02-14 11:00:00,3.4166666666666665,230.83333333333334,759.15,8.833333333333334,29.5
2024-02-14 12:00:00,2.4166666666666665,228.5,758.8333333333334,8.799999999999999,31.166666666666668
2024-02-14 13:00:00,2.1666666666666665,231.0,758.6500000000001,8.683333333333334,30.833333333333332
2024-02-14 14:00:00,2.8166666666666664,242.66666666666666,758.9499999999999,6.666666666666667,36.0
2024-02-14 15:00:00,0.65,298.8333333333333,759.25,3.466666666666667,52.0
2024-02-14 16:00:00,0.9666666666666667,310.5,759.5166666666668,2.8833333333333333,53.5
2024-02-14 17:00:00,1.0666666666666667,196.5,759.5,2.8666666666666667,53.166666666666664
2024-02-14 18:00:00,1.1166666666666667,65.66666666666667,759.6666666666666,3.3666666666666667,48.833333333333336
2024-02-14 19:00:00,0.5666666666666667,87.0,759.7666666666668,4.05,44.166666666666664
2024-02-14 20:00:00,1.25,341.0,759.8333333333334,3.3000000000000003,45.5
2024-02-14 21:00:00,1.8833333333333335,345.5,759.65,2.733333333333333,44.166666666666664
2024-02-14 22:00:00,0.8166666666666668,110.5,759.1999999999999,2.5833333333333335,42.666666666666664
2024-02-14 23:00:00,0.4666666666666666,54.833333333333336,759.0166666666668,2.8333333333333335,40.333333333333336
2024-02-15 00:00:00,0.35000000000000003,168.0,759.0166666666668,4.1499999999999995,41.333333333333336
2024-02-15 01:00:00,0.6333333333333333,275.5,758.8666666666667,3.6333333333333333,46.166666666666664
2024-02-15 02:00:00,0.5666666666666667,189.16666666666666,758.9499999999999,2.75,44.666666666666664
2024-02-15 03:00:00,0.55,290.8333333333333,759.2166666666667,2.3833333333333333,45.0
2024-02-15 04:00:00,0.08333333333333333,199.0,759.4166666666666,3.8666666666666667,40.0
2024-02-15 05:00:00,0.65,208.66666666666666,759.75,6.583333333333333,35.333333333333336
2024-02-15 06:00:00,2.983333333333333,237.0,760.0,7.383333333333333,33.666666666666664
2024-02-15 07:00:00,3.1666666666666665,232.33333333333334,760.0,8.116666666666667,33.166666666666664
2024-02-15 08:00:00,4.883333333333334,244.0,759.9,8.4,38.5
2024-02-15 09:00:00,4.8999999999999995,253.66666666666666,759.5500000000001,7.666666666666667,43.5
2024-02-15 10:00:00,2.2666666666666666,255.0,759.25,7.316666666666666,44.833333333333336
2024-02-15 11:00:00,0.85,249.0,759.0333333333333,7.616666666666667,44.333333333333336
2024-02-15 12:00:00,1.75,271.6666666666667,758.6333333333333,7.233333333333333,47.166666666666664
2024-02-15 13:00:00,1.2666666666666666,285.8333333333333,758.3000000000001,7.1499999999999995,47.333333333333336
2024-02-15 14:00:00,0.9500000000000001,91.5,758.3000000000001,5.766666666666667,57.0
2024-02-15 15:00:00,1.0166666666666666,165.5,758.4,6.316666666666666,52.5
2024-02-15 16:00:00,0.9,127.5,758.8166666666666,5.366666666666667,59.0
2024-02-15 17:00:00,2.783333333333333,238.5,759.4499999999999,5.633333333333333,59.833333333333336
2024-02-15 18:00:00,3.3833333333333333,95.5,759.6166666666667,3.6,84.16666666666667
2024-02-15 19:00:00,2.6833333333333336,47.166666666666664,759.4833333333332,3.033333333333333,96.16666666666667
2024-02-15 20:00:00,3.016666666666667,76.0,759.4666666666667,2.066666666666667,100.0
2024-02-15 21:00:00,2.15,65.16666666666667,759.0500000000001,1.5999999999999999,99.91666666666666
2024-02-15 22:00:00,1.8,86.16666666666667,758.4499999999999,2.1999999999999997,99.83333333333333
2024-02-15 23:00:00,2.3000000000000003,93.16666666666667,758.2833333333333,2.4499999999999997,100.0
2024-02-16 00:00:00,1.3166666666666667,73.16666666666667,757.8333333333334,3.0833333333333335,100.0
2024-02-16 01:00:00,2.533333333333333,58.166666666666664,757.6166666666667,2.466666666666667,100.0
2024-02-16 02:00:00,1.2833333333333334,225.83333333333334,757.5166666666668,1.5833333333333333,100.0
2024-02-16 03:00:00,0.7833333333333333,244.66666666666666,757.8000000000001,1.1333333333333333,100.0
2024-02-16 04:00:00,0.55,192.0,758.1333333333333,0.7833333333333333,
2024-02-16 05:00:00,0.7000000000000001,186.83333333333334,758.6833333333334,0.7000000000000001,
2024-02-16 06:00:00,1.6666666666666667,122.83333333333333,758.4666666666667,0.8833333333333333,
2024-02-16 07:00:00,3.766666666666666,78.0,757.8833333333333,2.8666666666666667,100.0
2024-02-16 08:00:00,2.5333333333333337,73.83333333333333,757.4333333333334,4.216666666666667,100.0
2024-02-16 09:00:00,2.35,195.5,756.9,3.9666666666666663,100.0
2024-02-16 10:00:00,1.4666666666666668,250.66666666666666,756.3166666666666,2.2333333333333334,99.58333333333333
2024-02-16 11:00:00,0.18333333333333335,87.33333333333333,756.0,1.8666666666666665,99.16666666666667
2024-02-16 12:00:00,0.10000000000000002,128.0,756.4666666666667,0.9333333333333332,
2024-02-16 13:00:00,1.8166666666666667,74.66666666666667,756.4333333333334,0.5499999999999999,
2024-02-16 14:00:00,2.216666666666667,91.16666666666667,756.3166666666666,0.3666666666666667,
2024-02-16 15:00:00,2.766666666666667,79.83333333333333,755.9666666666667,0.7000000000000001,
2024-02-16 16:00:00,0.9333333333333335,161.0,755.9333333333334,1.75,
2024-02-16 17:00:00,1.0666666666666667,224.33333333333334,756.1166666666667,2.1333333333333333,
2024-02-16 18:00:00,0.8166666666666668,162.0,756.0166666666668,1.7166666666666668,
2024-02-16 19:00:00,0.9,76.16666666666667,755.6,1.5333333333333332,
2024-02-16 20:00:00,2.433333333333333,269.3333333333333,755.35,2.066666666666667,
2024-02-16 21:00:00,3.016666666666667,258.6666666666667,755.0166666666668,1.95,
2024-02-16 22:00:00,4.116666666666667,248.5,754.6666666666666,1.6833333333333333,
2024-02-16 23:00:00,2.6166666666666667,247.33333333333334,754.6833333333334,0.7333333333333334,
2024-02-17 00:00:00,1.8499999999999999,256.1666666666667,754.4499999999999,0.3333333333333333,
2024-02-17 01:00:00,6.3500000000000005,254.0,754.1999999999999,0.35000000000000003,
2024-02-17 02:00:00,7.433333333333334,265.6666666666667,754.5833333333334,-0.18333333333333335,
2024-02-17 03:00:00,4.583333333333333,265.1666666666667,754.6333333333333,-0.21666666666666667,
2024-02-17 04:00:00,1.95,272.8333333333333,754.65,-0.8333333333333334,
2024-02-17 05:00:00,1.6333333333333335,254.83333333333334,754.9333333333334,0.16666666666666666,
2024-02-17 06:00:00,4.683333333333334,254.66666666666666,754.7833333333333,1.45,91.25
2024-02-17 07:00:00,8.083333333333334,255.33333333333334,754.5,2.6999999999999997,56.666666666666664
2024-02-17 08:00:00,9.950000000000001,260.8333333333333,754.2666666666668,3.0,49.333333333333336
2024-02-17 09:00:00,9.483333333333333,253.33333333333334,753.85,3.4,46.333333333333336
2024-02-17 10:00:00,9.016666666666667,253.16666666666666,753.25,3.216666666666667,47.333333333333336
2024-02-17 11:00:00,7.933333333333334,254.5,752.8166666666666,2.2333333333333334,56.4
2024-02-17 12:00:00,5.833333333333333,271.1666666666667,752.9499999999999,0.85,89.33333333333333
2024-02-17 13:00:00,5.716666666666666,271.1666666666667,753.1166666666667,1.0,74.83333333333333
2024-02-17 14:00:00,3.516666666666667,274.1666666666667,753.1666666666666,0.43333333333333335,79.5
2024-02-17 15:00:00,0.5333333333333333,229.33333333333334,753.1833333333334,-0.9,97.33333333333333
2024-02-17 16:00:00,0.7666666666666666,282.6666666666667,753.25,-2.1666666666666665,98.66666666666667
2024-02-17 17:00:00,0.9666666666666667,314.0,753.0666666666666,-2.1333333333333333,85.16666666666667
2024-02-17 18:00:00,0.9333333333333332,296.3333333333333,753.0500000000001,-2.5833333333333335,99.16666666666667
2024-02-17 19:00:00,0.4333333333333333,252.5,752.65,-2.3000000000000003,87.5
2024-02-17 20:00:00,1.1833333333333333,72.66666666666667,752.3833333333333,-3.7999999999999994,100.0
2024-02-17 21:00:00,0.39999999999999997,124.16666666666667,752.0,-3.733333333333333,97.66666666666667
2024-02-17 22:00:00,2.2333333333333334,92.33333333333333,751.5333333333333,-3.4333333333333336,97.16666666666667
2024-02-17 23:00:00,1.9333333333333333,92.66666666666667,751.1833333333334,-3.3000000000000003,96.66666666666667
2024-02-18 00:00:00,3.266666666666667,110.33333333333333,750.6999999999999,-2.4166666666666665,76.5
2024-02-18 01:00:00,7.8999999999999995,15.0,750.4166666666666,-2.65,68.83333333333333
2024-02-18 02:00:00,10.466666666666667,21.166666666666668,750.4166666666666,-3.4,72.5
2024-02-18 03:00:00,12.6,22.0,750.6,-4.083333333333333,76.16666666666667
2024-02-18 04:00:00,12.700000000000001,16.666666666666668,751.0,-3.533333333333333,69.0
2024-02-18 05:00:00,13.266666666666666,16.666666666666668,751.6833333333334,-3.8333333333333335,69.33333333333333
2024-02-18 06:00:00,10.9,14.333333333333334,752.0166666666668,-2.9333333333333336,62.5
2024-02-18 07:00:00,5.8999999999999995,117.83333333333333,752.3666666666667,-0.9500000000000001,51.0
2024-02-18 08:00:00,3.533333333333333,180.0,752.6,0.01666666666666668,51.333333333333336
2024-02-18 09:00:00,3.3666666666666667,229.16666666666666,752.5,0.25,53.333333333333336
2024-02-18 10:00:00,3.033333333333333,224.5,752.1333333333333,0.8166666666666668,56.166666666666664
2024-02-18 11:00:00,3.6666666666666665,229.0,752.1500000000001,-0.16666666666666666,72.66666666666667
2024-02-18 12:00:00,3.1833333333333336,235.16666666666666,752.4,-1.3499999999999999,80.0
2024-02-18 13:00:00,1.3666666666666665,178.66666666666666,752.8499999999999,-3.0,90.0
2024-02-18 14:00:00,1.3166666666666667,95.33333333333333,753.0166666666668,-3.1999999999999997,100.0
2024-02-18 15:00:00,0.7333333333333334,99.5,753.4,-3.1,96.83333333333333
2024-02-18 16:00:00,1.8166666666666667,83.66666666666667,753.7833333333333,-3.783333333333333,96.33333333333333
2024-02-18 17:00:00,1.6500000000000001,98.33333333333333,753.9166666666666,-3.8000000000000003,100.0
2024-02-18 18:00:00,1.55,88.83333333333333,754.0666666666666,-4.216666666666666,99.16666666666667
2024-02-18 19:00:00,1.6666666666666667,83.66666666666667,754.0833333333334,-3.85,92.83333333333333
2024-02-18 20:00:00,2.1,110.66666666666667,753.9499999999999,-4.283333333333333,99.6
2024-02-18 21:00:00,1.5666666666666667,94.33333333333333,753.65,-4.916666666666667,99.73333333333333
2024-02-18 22:00:00,2.1,109.33333333333333,753.5833333333334,-4.95,99.86666666666666
2024-02-18 23:00:00,0.7833333333333333,76.5,753.2833333333333,-5.1499999999999995,100.0
2024-02-19 00:00:00,0.45,45.5,753.0,-6.6000000000000005,96.16666666666667
2024-02-19 01:00:00,1.0833333333333333,59.333333333333336,753.1333333333333,-6.066666666666666,97.66666666666667
2024-02-19 02:00:00,1.5999999999999999,40.0,753.1333333333333,-7.7,89.66666666666667
2024-02-19 03:00:00,,133.55555555555554,753.5888888888888,-6.544444444444444,82.0
2024-02-19 04:00:00,,227.11111111111111,754.0444444444445,-5.388888888888889,74.33333333333334
2024-02-19 05:00:00,0.0,320.6666666666667,754.5,-4.233333333333333,66.66666666666667
2024-02-19 06:00:00,0.3166666666666667,248.0,754.5,-2.3666666666666667,60.166666666666664
2024-02-19 07:00:00,0.7666666666666666,241.66666666666666,754.6166666666667,-1.9166666666666667,61.5
2024-02-19 08:00:00,1.0666666666666667,244.0,754.6333333333333,-0.9666666666666667,61.666666666666664
2024-02-19 09:00:00,1.5333333333333332,224.83333333333334,754.1833333333334,-1.2166666666666666,75.8
2024-02-19 10:00:00,2.4333333333333336,226.0,753.6833333333334,-2.4,96.0
2024-02-19 11:00:00,2.6399999999999997,240.6,753.6200000000001,-3.22,100.0
2024-02-19 12:00:00,3.0,244.83333333333334,753.7666666666668,-3.4,99.65
2024-02-19 13:00:00,3.12,248.0,753.8599999999999,-3.5,99.3
2024-02-19 14:00:00,1.5,234.83333333333334,754.0500000000001,-3.8666666666666667,
2024-02-19 15:00:00,0.6799999999999999,203.0,754.3199999999999,-3.96,
2024-02-19 16:00:00,0.2833333333333334,115.83333333333333,754.5333333333333,-4.683333333333334,
2024-02-19 17:00:00,0.32,98.8,754.8199999999999,-4.62,
2024-02-19 18:00:00,0.22000000000000003,162.4,755.02,-4.18,
2024-02-19 19:00:00,0.48,225.2,755.0,-4.1,
2024-02-19 20:00:00,1.7399999999999998,237.6,754.9,-3.9799999999999995,
2024-02-19 21:00:00,2.9499999999999997,260.6666666666667,754.8166666666666,-4.1,
2024-02-19 22:00:00,3.15,259.8333333333333,754.7166666666667,-4.3,
2024-02-19 23:00:00,3.04,245.0,754.4,-4.5,
2024-02-20 00:00:00,2.42,247.8,754.22,-4.66,
2024-02-20 01:00:00,2.8833333333333333,245.5,754.3000000000001,-4.6499999999999995,
2024-02-20 02:00:00,2.58,242.0,754.6,-4.8,
2024-02-20 03:00:00,0.7833333333333333,281.6666666666667,754.9666666666667,-5.716666666666666,
2024-02-20 04:00:00,0.6833333333333332,268.6666666666667,755.3666666666667,-5.3500000000000005,
2024-02-20 05:00:00,1.86,276.0,755.72,-5.08,
2024-02-20 06:00:00,0.6833333333333335,249.66666666666666,755.9666666666667,-3.716666666666667,
2024-02-20 07:00:00,0.96,271.0,756.1,-2.58,93.0
2024-02-20 08:00:00,2.3,247.2,755.8399999999999,-2.42,85.2
2024-02-20 09:00:00,2.2399999999999998,230.2,755.3399999999999,-2.3600000000000003,95.5
2024-02-20 10:00:00,3.275,228.25,755.025,-3.475,100.0
2024-02-20 11:00:00,2.7,238.2,754.98,-3.44,100.0
2024-02-20 12:00:00,2.325,240.25,755.2,-3.575,100.0
2024-02-20 13:00:00,0.6599999999999999,245.2,755.3799999999999,-3.5200000000000005,
2024-02-20 14:00:00,0.6,201.2,755.6200000000001,-5.62,100.0
2024-02-20 15:00:00,0.7000000000000001,34.75,756.025,-6.5,99.75
2024-02-20 16:00:00,0.6599999999999999,48.0,756.3599999999999,-7.18,98.6
2024-02-20 17:00:00,0.775,67.5,756.425,-6.575,95.25
2024-02-20 18:00:00,0.3166666666666667,62.0,756.7333333333332,-7.083333333333333,93.83333333333333
2024-02-20 19:00:00,0.38,46.8,756.78,-6.88,87.8
2024-02-20 20:00:00,0.6,46.0,756.95,-6.725,90.5
2024-02-20 21:00:00,1.0,108.25,757.075,-6.725,91.25
2024-02-20 22:00:00,0.675,173.75,756.9,-6.5,96.5
2024-02-20 23:00:00,0.12000000000000002,337.0,756.6400000000001,-7.459999999999999,94.8
2024-02-21 00:00:00,1.04,96.6,756.5,-7.279999999999999,91.0
2024-02-21 01:00:00,1.125,326.5,756.6750000000001,-7.15,83.0
2024-02-21 02:00:00,1.65,310.75,756.775,-5.25,82.5
2024-02-21 03:00:00,1.075,295.5,756.975,-4.85,82.5
2024-02-21 04:00:00,1.46,264.0,757.54,-3.6799999999999997,83.4
2024-02-21 05:00:00,1.58,246.8,758.1800000000001,-2.2800000000000002,78.2
2024-02-21 06:00:00,2.975,239.75,758.375,-1.825,82.25
2024-02-21 07:00:00,3.22,244.4,758.6400000000001,-1.1,77.8
2024-02-21 08:00:00,3.1,257.4,758.52,-1.1800000000000002,79.4
2024-02-21 09:00:00,2.94,236.6,758.26,-1.0,87.8
2024-02-21 10:00:00,4.116666666666666,240.0,757.9166666666666,-1.2333333333333334,99.83333333333333
2024-02-21 11:00:00,2.8000000000000003,230.16666666666666,757.75,-2.2333333333333334,100.0
2024-02-21 12:00:00,2.7600000000000002,238.8,757.8,-2.2399999999999998,100.0
2024-02-21 13:00:00,1.64,234.2,757.96,-2.18,100.0
2024-02-21 14:00:00,1.16,248.2,758.1400000000001,-2.16,
2024-02-21 15:00:00,1.1833333333333333,261.1666666666667,758.3666666666667,-2.533333333333333,100.0
2024-02-21 16:00:00,1.1,233.2,758.52,-4.46,100.0
2024-02-21 17:00:00,0.4,37.4,758.5,-4.88,100.0
2024-02-21 18:00:00,0.48,74.8,758.3799999999999,-4.9799999999999995,100.0
2024-02-21 19:00:00,0.78,120.8,758.3199999999999,-5.18,90.8
2024-02-21 20:00:00,0.5599999999999999,175.8,758.4,-4.42,91.8
2024-02-21 21:00:00,0.03333333333333333,191.83333333333334,758.3166666666666,-4.25,86.66666666666667
2024-02-21 22:00:00,0.28,158.4,758.1600000000001,-4.24,88.8
2024-02-21 23:00:00,0.0,163.0,757.8799999999999,-3.5799999999999996,94.2
2024-02-22 00:00:00,0.48,104.6,757.78,-3.7600000000000002,100.0
2024-02-22 01:00:00,0.44000000000000006,89.6,757.52,-4.04,100.0
2024-02-22 02:00:00,1.4833333333333334,201.16666666666666,757.6166666666667,-3.8166666666666664,100.0
2024-02-22 03:00:00,1.725,267.75,757.875,-3.45,100.0
2024-02-22 04:00:00,2.8600000000000003,271.8,758.22,-3.4200000000000004,97.5
2024-02-22 05:00:00,1.92,239.6,758.5600000000001,-3.2,100.0
2024-02-22 06:00:00,0.6,233.2,758.72,-2.2199999999999998,100.0
2024-02-22 07:00:00,1.0166666666666666,120.0,758.75,-0.3166666666666667,83.5
2024-02-22 08:00:00,1.1800000000000002,244.8,758.3799999999999,0.9200000000000002,70.0
2024-02-22 09:00:00,2.8600000000000003,230.0,758.1,-0.13999999999999999,81.8
2024-02-22 10:00:00,2.7199999999999998,229.2,757.8599999999999,-0.54,92.4
2024-02-22 11:00:00,2.54,250.6,757.76,-0.6,92.2
2024-02-22 12:00:00,2.5166666666666666,239.5,757.8000000000001,-0.6666666666666666,100.0
2024-02-22 13:00:00,1.8399999999999999,236.0,757.8199999999999,-0.9400000000000001,100.0
2024-02-22 14:00:00,2.3200000000000003,249.2,758.02,-1.1,100.0
2024-02-22 15:00:00,2.2399999999999998,255.8,758.4,-1.24,100.0
2024-02-22 16:00:00,1.3199999999999998,258.0,758.4399999999999,-1.64,100.0
2024-02-22 17:00:00,0.5666666666666668,194.0,758.4,-2.766666666666667,100.0
2024-02-22 18:00:00,0.08,102.6,758.58,-3.5,100.0
2024-02-22 19:00:00,0.26,58.4,758.4399999999999,-3.7600000000000002,98.8
2024-02-22 20:00:00,0.86,56.8,758.1600000000001,-3.8200000000000003,100.0
2024-02-22 21:00:00,0.06,124.6,758.04,-3.5,96.4
2024-02-22 22:00:00,0.0,227.33333333333334,758.1666666666666,-3.3166666666666664,98.5
2024-02-22 23:00:00,0.0,128.8,757.8,-4.18,100.0
2024-02-23 00:00:00,0.02,176.8,757.9,-4.159999999999999,100.0
2024-02-23 01:00:00,0.0,157.4,758.04,-4.0200000000000005,100.0
2024-02-23 02:00:00,1.06,266.0,758.28,-3.6,98.6
2024-02-23 03:00:00,2.783333333333333,272.1666666666667,758.5500000000001,-2.5166666666666666,99.33333333333333
2024-02-23 04:00:00,2.7199999999999998,265.6,759.2,-2.48,100.0
2024-02-23 05:00:00,2.7199999999999998,265.6,759.3199999999999,-2.0,100.0
2024-02-23 06:00:00,3.72,258.2,759.46,-0.74,92.2
2024-02-23 07:00:00,3.4799999999999995,268.4,759.1600000000001,-0.36,82.4
2024-02-23 08:00:00,3.8833333333333333,241.0,758.8666666666667,1.7666666666666666,71.0
2024-02-23 09:00:00,3.8600000000000003,245.6,758.46,0.6399999999999999,83.2
2024-02-23 10:00:00,2.38,266.4,758.02,0.4,90.2
2024-02-23 11:00:00,2.2399999999999998,269.4,757.76,1.3800000000000001,83.8
2024-02-23 12:00:00,3.6399999999999997,260.0,758.1,2.02,73.6
2024-02-23 13:00:00,2.716666666666667,257.8333333333333,758.4833333333332,1.0666666666666667,77.0
2024-02-23 14:00:00,1.6,290.2,758.7,0.32,74.0
2024-02-23 15:00:00,1.6199999999999999,289.0,759.24,-0.12000000000000002,72.6
2024-02-23 16:00:00,1.6,301.6,759.3599999999999,-0.24,65.0
2024-02-23 17:00:00,2.32,311.2,759.26,-0.019999999999999997,56.0
2024-02-23 18:00:00,0.08333333333333333,112.16666666666667,759.0666666666666,-1.3666666666666665,62.333333333333336
2024-02-23 19:00:00,0.2,59.0,758.98,-1.94,63.8
2024-02-23 20:00:00,0.76,23.6,758.98,-2.2399999999999998,66.2
2024-02-23 21:00:00,0.6,30.4,758.8199999999999,-2.02,67.2
2024-02-23 22:00:00,1.0166666666666668,282.8333333333333,758.75,-0.65,60.333333333333336
2024-02-23 23:00:00,1.8999999999999997,271.3333333333333,758.8000000000001,-0.7999999999999999,65.66666666666667
2024-02-24 00:00:00,0.64,161.8,758.6600000000001,-1.8399999999999999,73.6
2024-02-24 01:00:00,0.8400000000000001,323.4,758.46,-1.8,70.0
2024-02-24 02:00:00,0.86,144.8,758.2,-2.68,73.2
2024-02-24 03:00:00,1.8,89.0,758.3399999999999,-3.04,83.4
2024-02-24 04:00:00,2.283333333333333,82.0,759.0500000000001,-2.4499999999999997,88.5
2024-02-24 05:00:00,2.56,102.2,758.92,-0.54,73.0
2024-02-24 06:00:00,2.38,114.6,758.9399999999999,0.8800000000000001,63.4
2024-02-24 07:00:00,2.02,105.8,758.9,1.7400000000000002,59.6
2024-02-24 08:00:00,1.86,111.0,758.42,1.08,64.4
2024-02-24 09:00:00,2.783333333333333,220.5,757.65,1.5999999999999999,68.83333333333333
2024-02-24 10:00:00,3.9599999999999995,249.4,757.36,1.4,73.0
2024-02-24 11:00:00,3.46,249.2,757.24,1.1800000000000002,72.8
2024-02-24 12:00:00,2.75,250.66666666666666,756.9166666666666,1.05,71.0
2024-02-24 13:00:00,2.02,150.2,756.8399999999999,-0.039999999999999994,74.8
2024-02-24 14:00:00,2.1399999999999997,117.4,756.58,-1.4,80.4
2024-02-24 15:00:00,2.6666666666666665,119.16666666666667,756.5166666666668,-1.95,82.0
2024-02-24 16:00:00,2.88,112.6,756.6,-2.6399999999999997,84.4
2024-02-24 17:00:00,3.08,111.8,756.38,-2.9200000000000004,87.2
2024-02-24 18:00:00,3.46,95.6,756.08,-2.92,86.2
2024-02-24 19:00:00,3.18,92.6,755.78,-2.66,79.8
2024-02-24 20:00:00,2.6166666666666667,77.83333333333333,755.3833333333333,-2.9,82.16666666666667
2024-02-24 21:00:00,3.2,61.4,755.1600000000001,-3.5,88.4
2024-02-24 22:00:00,5.58,32.8,754.78,-4.0600000000000005,80.4
2024-02-24 23:00:00,6.683333333333334,23.666666666666668,754.0833333333334,-4.55,83.5
2024-02-25 00:00:00,11.82,16.4,753.5600000000001,-5.92,84.4
2024-02-25 01:00:00,12.75,19.5,753.3333333333334,-6.8,86.66666666666667
2024-02-25 02:00:00,15.4,20.2,753.24,-7.5200000000000005,82.6
2024-02-25 03:00:00,18.080000000000002,21.2,753.1600000000001,-7.92,75.8
2024-02-25 04:00:00,17.34,21.0,753.38,-7.8,71.8
2024-02-25 05:00:00,16.18,21.2,753.5600000000001,-7.5200000000000005,71.0
2024-02-25 06:00:00,17.516666666666666,20.166666666666668,753.5666666666666,-7.833333333333333,76.5
2024-02-25 07:00:00,16.7,20.8,753.6,-7.8,75.8
2024-02-25 08:00:00,16.220000000000002,22.2,753.38,-8.02,78.8
2024-02-25 09:00:00,14.9,24.8,753.14,-8.059999999999999,80.6
2024-02-25 10:00:00,14.66,23.6,752.96,-8.02,76.0
2024-02-25 11:00:00,15.049999999999999,23.666666666666668,752.9833333333332,-8.116666666666667,73.16666666666667
2024-02-25 12:00:00,15.34,23.2,753.0,-8.36,70.6
2024-02-25 13:00:00,15.52,22.8,753.24,-8.860000000000001,72.0
2024-02-25 14:00:00,15.1,24.833333333333332,753.4833333333332,-9.266666666666667,72.83333333333333
2024-02-25 15:00:00,16.04,23.6,753.64,-9.48,71.0
2024-02-25 16:00:00,16.68,22.6,753.78,-9.7,69.8
2024-02-25 17:00:00,16.3,22.666666666666668,753.9666666666667,-9.816666666666668,66.16666666666667
2024-02-25 18:00:00,15.319999999999999,23.6,754.1,-10.0,68.4
2024-02-25 19:00:00,17.119999999999997,21.0,753.8199999999999,-10.1,66.2
2024-02-25 20:00:00,17.02,20.6,753.6400000000001,-10.36,65.6
2024-02-25 21:00:00,17.34,21.4,753.52,-10.639999999999999,68.2
2024-02-25 22:00:00,16.95,21.666666666666668,753.3833333333333,-10.850000000000001,70.0
2024-02-25 23:00:00,15.916666666666666,23.5,753.1666666666666,-10.950000000000001,69.33333333333333
2024-02-26 00:00:00,15.12,24.6,752.9,-10.940000000000001,64.6
2024-02-26 01:00:00,15.34,24.8,752.8399999999999,-10.98,62.0
2024-02-26 02:00:00,15.34,25.8,752.8399999999999,-10.98,61.4
2024-02-26 03:00:00,15.0,24.666666666666668,753.0333333333333,-10.966666666666667,59.666666666666664
2024-02-26 04:00:00,14.65,24.5,753.45,-10.850000000000001,59.5
2024-02-26 05:00:00,13.933333333333332,26.5,753.8333333333334,-10.25,55.166666666666664
2024-02-26 06:00:00,13.916666666666666,27.166666666666668,753.9499999999999,-9.700000000000001,53.5
2024-02-26 07:00:00,13.040000000000001,26.4,754.04,-9.28,51.8
2024-02-26 08:00:00,11.8,28.2,754.0,-9.08,52.4
2024-02-26 09:00:00,11.22,27.8,753.6600000000001,-8.860000000000001,51.0
2024-02-26 10:00:00,11.866666666666667,25.5,753.2666666666668,-8.833333333333334,55.833333333333336
2024-02-26 11:00:00,12.72,22.2,753.08,-8.9,58.0
2024-02-26 12:00:00,11.98,23.4,753.3599999999999,-9.440000000000001,61.0
2024-02-26 13:00:00,11.866666666666667,22.0,753.4,-9.833333333333334,62.0
2024-02-26 14:00:00,12.959999999999999,21.2,753.64,-10.32,63.4
2024-02-26 15:00:00,12.5,22.0,754.12,-10.559999999999999,63.4
2024-02-26 16:00:00,10.916666666666666,22.666666666666668,754.2166666666667,-10.299999999999999,61.666666666666664
2024-02-26 17:00:00,9.9,17.4,754.3599999999999,-10.08,60.6
2024-02-26 18:00:00,5.840000000000001,19.4,754.54,-9.6,62.6
2024-02-26 19:00:00,0.18,283.6,754.6600000000001,-9.8,75.8
2024-02-26 20:00:00,0.7999999999999999,184.66666666666666,754.7000000000002,-10.4,86.66666666666667
2024-02-26 21:00:00,1.9000000000000001,91.0,754.7333333333332,-11.200000000000001,74.33333333333333
2024-02-26 22:00:00,1.86,71.4,754.6800000000001,-11.84,72.4
2024-02-26 23:00:00,1.58,77.8,754.5600000000001,-12.28,75.0
2024-02-27 00:00:00,0.62,82.8,754.58,-12.6,79.0
2024-02-27 01:00:00,1.0,96.8,754.6400000000001,-13.419999999999998,85.2
2024-02-27 02:00:00,1.1,91.0,754.8000000000001,-13.966666666666667,87.5
2024-02-27 03:00:00,0.9400000000000001,91.0,754.9,-13.459999999999999,89.8
2024-02-27 04:00:00,0.65,111.16666666666667,755.1999999999999,-10.65,72.66666666666667
2024-02-27 05:00:00,0.72,147.6,755.4399999999999,-8.3,64.8
2024-02-27 06:00:00,1.95,218.66666666666666,755.75,-8.033333333333333,69.33333333333333
2024-02-27 07:00:00,1.1666666666666667,220.66666666666666,755.8333333333334,-7.266666666666667,66.0
2024-02-27 08:00:00,0.8800000000000001,189.4,755.3399999999999,-5.34,57.4
2024-02-27 09:00:00,0.8800000000000001,159.4,754.9399999999999,-5.86,59.0
2024-02-27 10:00:00,1.58,229.8,754.6,-5.859999999999999,67.4
2024-02-27 11:00:00,1.1800000000000002,244.6,754.5,-6.340000000000001,84.6
2024-02-27 12:00:00,1.4333333333333333,193.33333333333334,754.5,-7.183333333333334,99.83333333333333
2024-02-27 13:00:00,1.1400000000000001,135.4,754.5,-7.58,80.0
2024-02-27 14:00:00,1.54,118.4,754.6400000000001,-8.24,85.6
2024-02-27 15:00:00,1.4,112.8,754.9,-8.5,92.2
2024-02-27 16:00:00,2.06,110.0,754.8799999999999,-8.8,95.0
2024-02-27 17:00:00,1.9166666666666667,104.83333333333333,755.0500000000001,-9.166666666666666,99.0
2024-02-27 18:00:00,1.16,103.0,755.1200000000001,-9.42,100.0
2024-02-27 19:00:00,0.72,98.6,755.04,-9.42,100.0
2024-02-27 20:00:00,1.6800000000000002,71.6,754.92,-10.08,100.0
2024-02-27 21:00:00,1.6600000000000001,43.2,754.8599999999999,-11.48,99.4
2024-02-27 22:00:00,1.8333333333333333,31.5,754.8166666666666,-10.983333333333334,90.33333333333333
2024-02-27 23:00:00,0.9799999999999999,65.2,754.74,-11.879999999999999,86.2
2024-02-28 00:00:00,0.08,94.2,754.78,-11.1,88.8
2024-02-28 01:00:00,0.42000000000000004,86.6,754.6200000000001,-11.620000000000001,95.2
2024-02-28 02:00:00,1.0,78.8,754.42,-12.08,99.6
2024-02-28 03:00:00,0.7666666666666666,38.5,754.3833333333333,-13.15,91.0
2024-02-28 04:00:00,0.5166666666666667,177.33333333333334,754.6666666666666,-11.6,78.0
2024-02-28 05:00:00,0.12000000000000002,102.2,754.96,-8.0,61.0
2024-02-28 06:00:00,0.3,192.5,755.25,-6.333333333333333,60.0
2024-02-28 07:00:00,1.1800000000000002,191.2,755.1200000000001,-6.92,65.8
2024-02-28 08:00:00,1.56,242.2,754.8399999999999,-6.44,72.6
2024-02-28 09:00:00,2.18,113.4,754.3199999999999,-5.54,62.2
2024-02-28 10:00:00,3.3,94.2,753.9399999999999,-6.18,57.0
2024-02-28 11:00:00,5.46,25.8,753.74,-6.56,58.0
2024-02-28 12:00:00,8.3,22.6,753.5,-7.7,64.2
2024-02-28 13:00:00,9.16,22.4,753.5600000000001,-8.58,69.8
2024-02-28 14:00:00,11.8,22.2,753.6600000000001,-9.6,72.0
2024-02-28 15:00:00,12.5,23.0,753.78,-10.1,68.8
2024-02-28 16:00:00,12.440000000000001,15.8,753.9399999999999,-10.08,65.2
2024-02-28 17:00:00,11.58,16.0,754.1800000000001,-10.2,63.2
2024-02-28 18:00:00,13.219999999999999,20.2,754.0600000000001,-10.82,63.6
2024-02-28 19:00:00,11.66,22.2,754.04,-10.98,64.2
2024-02-28 20:00:00,12.42,19.4,753.8,-11.14,63.8
2024-02-28 21:00:00,11.84,16.2,753.72,-10.940000000000001,61.8
2024-02-28 22:00:00,8.940000000000001,15.2,753.76,-10.8,63.0
2024-02-28 23:00:00,9.84,19.0,753.6,-11.22,60.0
2024-02-29 00:00:00,9.8,14.2,753.54,-11.32,58.0
2024-02-29 01:00:00,9.76,12.2,753.5,-11.040000000000001,58.0
2024-02-29 02:00:00,12.25,14.833333333333334,753.5833333333334,-11.816666666666668,60.166666666666664
2024-02-29 03:00:00,12.66,16.4,753.76,-11.680000000000001,58.8
2024-02-29 04:00:00,12.64,22.8,754.24,-11.12,56.2
2024-02-29 05:00:00,8.4,21.0,754.78,-9.5,51.2
2024-02-29 06:00:00,9.916666666666666,18.333333333333332,755.1,-9.700000000000001,55.333333333333336
2024-02-29 07:00:00,7.76,19.8,755.3199999999999,-8.540000000000001,52.4
2024-02-29 08:00:00,7.24,20.2,755.28,-7.68,51.2
2024-02-29 09:00:00,8.120000000000001,18.4,755.04,-7.859999999999999,53.6
2024-02-29 10:00:00,6.316666666666666,29.166666666666668,754.8833333333333,-6.8999999999999995,48.833333333333336
2024-02-29 11:00:00,10.36,16.2,754.9,-7.859999999999999,56.8
2024-02-29 12:00:00,7.94,20.8,755.1,-7.5,51.6
2024-02-29 13:00:00,6.220000000000001,26.2,755.3399999999999,-7.56,47.2
2024-02-29 14:00:00,4.75,18.166666666666668,755.8333333333334,-8.450000000000001,46.333333333333336
2024-02-29 15:00:00,3.8600000000000003,144.2,756.1200000000001,-9.0,47.0
2024-02-29 16:00:00,1.02,131.6,756.3799999999999,-10.040000000000001,51.4
2024-02-29 17:00:00,1.48,134.0,756.4399999999999,-10.6,52.6
2024-02-29 18:00:00,4.666666666666667,12.0,756.6,-9.433333333333334,47.333333333333336
2024-02-29 19:00:00,6.8,18.4,756.5600000000001,-9.48,46.6
2024-02-29 20:00:00,5.54,25.6,756.4399999999999,-9.52,43.8
2024-02-29 21:00:00,5.279999999999999,80.2,756.4,-9.3,43.0
2024-02-29 22:00:00,2.85,169.66666666666666,756.3499999999999,-9.466666666666667,45.0
2024-02-29 23:00:00,1.52,139.6,756.22,-9.82,46.6
2024-03-01 00:00:00,0.8800000000000001,89.4,756.2,-10.6,48.4
2024-03-01 01:00:00,4.76,151.0,756.2,-9.940000000000001,48.0
2024-03-01 02:00:00,1.5,206.0,756.4166666666666,-10.216666666666667,46.833333333333336
2024-03-01 03:00:00,1.6600000000000001,261.0,756.74,-9.28,43.2
2024-03-01 04:00:00,4.04,145.2,757.0,-7.82,40.6
2024-03-01 05:00:00,3.2399999999999998,187.0,757.22,-6.88,41.0
2024-03-01 06:00:00,1.7666666666666666,238.16666666666666,757.4499999999999,-6.133333333333333,47.5
2024-03-01 07:00:00,2.1399999999999997,228.8,757.58,-4.779999999999999,46.6
2024-03-01 08:00:00,2.6399999999999997,222.8,757.36,-4.4399999999999995,53.8
2024-03-01 09:00:00,2.34,220.8,757.02,-3.46,52.0
2024-03-01 10:00:00,2.966666666666667,214.33333333333334,756.8333333333334,-4.366666666666666,62.833333333333336
2024-03-01 11:00:00,2.66,227.4,756.7,-4.119999999999999,62.8
2024-03-01 12:00:00,3.7,246.2,756.76,-3.9,69.4
2024-03-01 13:00:00,2.7399999999999998,259.6,757.1600000000001,-5.279999999999999,90.4
2024-03-01 14:00:00,1.7166666666666668,236.66666666666666,757.5,-6.233333333333333,91.2
2024-03-01 15:00:00,6.04,14.2,757.52,-6.859999999999999,58.4
2024-03-01 16:00:00,6.56,20.8,757.6,-7.040000000000001,54.0
2024-03-01 17:00:00,4.74,26.8,757.6400000000001,-7.0200000000000005,47.2
2024-03-01 18:00:00,4.983333333333333,37.166666666666664,757.6666666666666,-7.333333333333333,44.166666666666664
2024-03-01 19:00:00,3.62,108.8,757.48,-7.580000000000001,44.6
2024-03-01 20:00:00,1.3,160.2,757.6,-9.86,56.6
2024-03-01 21:00:00,0.7,84.8,757.48,-10.14,53.4
2024-03-01 22:00:00,0.35000000000000003,68.33333333333333,757.2166666666667,-9.683333333333334,46.5
2024-03-01 23:00:00,1.5399999999999998,284.2,756.6800000000001,-9.5,44.2
2024-03-02 00:00:00,1.44,276.6,756.4,-9.68,42.2
2024-03-02 01:00:00,0.62,86.4,756.1600000000001,-9.78,40.8
2024-03-02 02:00:00,0.4833333333333334,320.6666666666667,756.3666666666667,-10.549999999999999,44.833333333333336
2024-03-02 03:00:00,0.48,311.6,756.6400000000001,-10.059999999999999,52.0
2024-03-02 04:00:00,0.2,268.2,756.72,-6.56,48.4
2024-03-02 05:00:00,1.2,224.0,756.74,-5.32,47.6
2024-03-02 06:00:00,1.1500000000000001,214.0,756.6500000000001,-4.016666666666667,44.666666666666664
2024-03-02 07:00:00,0.72,234.4,756.5,-2.02,40.2
2024-03-02 08:00:00,2.52,227.0,756.3,-1.92,43.6
2024-03-02 09:00:00,3.0,223.4,755.86,-1.56,45.0
2024-03-02 10:00:00,3.8833333333333333,232.83333333333334,755.4833333333332,-1.2833333333333334,47.833333333333336
2024-03-02 11:00:00,3.16,228.4,755.1400000000001,-0.9600000000000002,50.8
2024-03-02 12:00:00,3.4,228.4,755.1200000000001,-1.1400000000000001,55.8
2024-03-02 13:00:00,3.34,237.2,755.02,-2.12,59.4
2024-03-02 14:00:00,3.016666666666667,229.0,754.8333333333334,-4.05,68.5
2024-03-02 15:00:00,2.08,245.0,754.8199999999999,-5.4,75.8
2024-03-02 16:00:00,0.54,199.4,754.6600000000001,-5.9,77.4
2024-03-02 17:00:00,0.2,181.0,754.36,-5.66,74.6
2024-03-02 18:00:00,1.6500000000000001,285.1666666666667,754.25,-5.466666666666666,67.66666666666667
2024-03-02 19:00:00,0.3,160.4,754.28,-6.540000000000001,74.8
2024-03-02 20:00:00,1.4600000000000002,144.0,754.0600000000001,-6.42,62.6
2024-03-02 21:00:00,0.7,71.2,753.8799999999999,-6.0200000000000005,53.6
2024-03-02 22:00:00,0.21666666666666667,156.33333333333334,753.6333333333333,-5.966666666666666,49.166666666666664
2024-03-02 23:00:00,0.26,270.6,753.4399999999999,-6.76,51.6
2024-03-03 00:00:00,0.62,216.0,753.2,-7.220000000000001,55.6
2024-03-03 01:00:00,1.0,203.8,753.2,-7.06,60.2
2024-03-03 02:00:00,0.7999999999999999,231.66666666666666,753.1,-6.666666666666667,52.333333333333336
2024-03-03 03:00:00,0.36,274.0,753.1400000000001,-6.62,47.8
2024-03-03 04:00:00,0.24,177.2,753.22,-3.08,39.8
2024-03-03 05:00:00,1.2,196.4,753.74,-2.2800000000000002,44.2
2024-03-03 06:00:00,2.066666666666667,196.33333333333334,753.8666666666667,-0.7999999999999999,43.666666666666664
2024-03-03 07:00:00,2.62,227.6,754.0600000000001,-1.08,51.6
2024-03-03 08:00:00,2.7800000000000002,219.2,754.04,-0.6599999999999999,50.4
2024-03-03 09:00:00,1.72,238.2,753.46,0.54,47.0
2024-03-03 10:00:00,3.0833333333333335,224.16666666666666,752.8666666666667,0.7999999999999999,47.0
2024-03-03 11:00:00,3.4200000000000004,229.8,752.9399999999999,0.58,46.8
2024-03-03 12:00:00,3.6799999999999997,230.4,753.02,0.1,50.0
2024-03-03 13:00:00,3.2,241.2,752.96,-0.4,51.0
2024-03-03 14:00:00,1.6666666666666667,231.5,752.65,-1.6166666666666665,55.166666666666664
2024-03-03 15:00:00,2.2600000000000002,253.2,753.04,-3.12,63.0
2024-03-03 16:00:00,1.9,270.2,753.12,-3.6399999999999997,67.6
2024-03-03 17:00:00,0.64,182.8,753.1600000000001,-4.220000000000001,71.8
2024-03-03 18:00:00,0.35000000000000003,220.0,752.9499999999999,-4.383333333333334,67.83333333333333
2024-03-03 19:00:00,0.54,165.2,752.64,-4.1,61.8
2024-03-03 20:00:00,0.33999999999999997,324.4,752.5600000000001,-4.54,63.4
2024-03-03 21:00:00,0.24,305.8,752.3599999999999,-4.9799999999999995,65.8
2024-03-03 22:00:00,0.9166666666666666,318.1666666666667,752.3000000000001,-4.7,67.0
2024-03-03 23:00:00,0.4,269.0,752.08,-3.94,60.2
2024-03-04 00:00:00,1.04,289.0,752.28,-4.06,59.6
2024-03-04 01:00:00,0.6666666666666666,279.6666666666667,752.4666666666667,-4.25,62.5
2024-03-04 02:00:00,0.23333333333333336,254.66666666666666,752.5,-3.766666666666667,62.0
2024-03-04 03:00:00,0.26666666666666666,253.16666666666666,752.5166666666668,-3.766666666666666,57.833333333333336
2024-03-04 04:00:00,0.2333333333333333,185.0,752.8833333333333,-2.6,55.166666666666664
2024-03-04 05:00:00,0.36,241.6,753.28,-1.46,50.8
2024-03-04 06:00:00,1.75,223.5,753.3333333333334,-1.6666666666666667,53.5
2024-03-04 07:00:00,2.7600000000000002,230.0,753.48,-1.7399999999999998,61.4
2024-03-04 08:00:00,2.183333333333333,238.83333333333334,753.1,-1.4666666666666668,63.0
2024-03-04 09:00:00,1.8333333333333333,224.0,752.4666666666667,-0.4666666666666666,56.0
2024-03-04 10:00:00,2.5,228.33333333333334,752.1833333333334,-0.18333333333333335,55.666666666666664
2024-03-04 11:00:00,2.75,232.5,752.1500000000001,-0.5166666666666667,55.833333333333336
2024-03-04 12:00:00,2.4,232.16666666666666,751.8666666666667,-0.9666666666666667,57.0
2024-03-04 13:00:00,1.25,236.83333333333334,751.6166666666667,-1.8666666666666665,63.666666666666664
2024-03-04 14:00:00,0.9500000000000001,245.83333333333334,751.7833333333333,-2.4166666666666665,69.33333333333333
2024-03-04 15:00:00,0.13333333333333333,136.0,752.3000000000001,-2.283333333333333,68.33333333333333
2024-03-04 16:00:00,0.9,77.5,752.3666666666667,-2.5500000000000003,75.33333333333333
2024-03-04 17:00:00,0.44000000000000006,111.8,752.3199999999999,-2.58,73.4
2024-03-04 18:00:00,0.8333333333333334,112.5,752.3499999999999,-2.983333333333334,76.83333333333333
2024-03-04 19:00:00,0.4166666666666667,199.0,752.2999999999998,-2.966666666666667,71.16666666666667
2024-03-04 20:00:00,0.02,273.0,752.2,-3.62,84.0
2024-03-04 21:00:00,0.0,291.8,752.04,-4.1,84.4
2024-03-04 22:00:00,0.3666666666666667,142.66666666666666,751.6666666666666,-4.733333333333333,86.83333333333333
2024-03-04 23:00:00,0.1,107.4,751.28,-5.7,93.8
2024-03-05 00:00:00,0.0,141.6,751.3,-4.9799999999999995,91.2
2024-03-05 01:00:00,0.0,141.6,751.46,-4.74,93.0
2024-03-05 02:00:00,0.4000000000000001,252.33333333333334,751.6999999999999,-4.783333333333333,94.33333333333333
2024-03-05 03:00:00,1.3800000000000001,246.2,752.2,-4.8,95.6
2024-03-05 04:00:00,1.5166666666666666,239.66666666666666,752.6666666666666,-3.8833333333333333,89.66666666666667
2024-03-05 05:00:00,0.8666666666666667,233.83333333333334,752.9833333333332,-2.6,83.33333333333333
2024-03-05 06:00:00,1.6500000000000001,231.66666666666666,753.1,-1.6833333333333333,82.0
2024-03-05 07:00:00,2.9166666666666665,225.33333333333334,753.1333333333333,-1.6333333333333335,93.5
2024-03-05 08:00:00,3.3000000000000003,233.33333333333334,753.0166666666668,-2.4166666666666665,100.0
2024-03-05 09:00:00,3.22,244.2,752.8799999999999,-2.7600000000000002,100.0
2024-03-05 10:00:00,2.4499999999999997,246.5,752.5666666666666,-3.0833333333333335,100.0
2024-03-05 11:00:00,2.72,262.4,752.5600000000001,-2.82,100.0
2024-03-05 12:00:00,2.5,266.0,752.8,-2.78,
2024-03-05 13:00:00,2.54,259.6,753.04,-2.64,
2024-03-05 14:00:00,2.25,254.0,753.3666666666667,-2.566666666666667,
2024-03-05 15:00:00,1.9200000000000004,270.6,753.74,-3.04,
2024-03-05 16:00:00,0.86,257.4,754.28,-3.16,
2024-03-05 17:00:00,1.1333333333333333,237.5,754.5500000000001,-2.9333333333333336,
2024-03-05 18:00:00,0.7166666666666667,194.0,754.7666666666668,-3.483333333333333,
2024-03-05 19:00:00,0.5,332.8,754.8,-4.0,
2024-03-05 20:00:00,0.41999999999999993,243.4,754.7,-3.9799999999999995,100.0
2024-03-05 21:00:00,0.5333333333333333,150.66666666666666,754.4499999999999,-5.066666666666666,100.0
2024-03-05 22:00:00,0.32,243.2,754.3,-5.34,100.0
2024-03-05 23:00:00,0.2,123.6,754.0600000000001,-5.16,95.4
2024-03-06 00:00:00,0.8400000000000001,333.4,754.1400000000001,-5.16,87.2
2024-03-06 01:00:00,0.5,105.16666666666667,754.0,-5.0,82.83333333333333
2024-03-06 02:00:00,1.1400000000000001,329.0,754.36,-5.5,81.2
2024-03-06 03:00:00,0.6,181.8,754.6600000000001,-4.959999999999999,83.2
2024-03-06 04:00:00,0.27999999999999997,115.2,754.9399999999999,-1.1800000000000002,64.0
2024-03-06 05:00:00,0.43333333333333335,221.0,755.4499999999999,-0.7666666666666666,64.66666666666667
2024-03-06 06:00:00,0.6,197.2,755.54,0.8400000000000001,54.2
2024-03-06 07:00:00,1.2,221.6,755.4,1.46,52.4
2024-03-06 08:00:00,2.82,225.2,755.22,0.6,63.2
2024-03-06 09:00:00,4.1499999999999995,240.66666666666666,754.75,1.25,65.5
2024-03-06 10:00:00,4.779999999999999,237.8,754.1800000000001,1.6799999999999997,67.8
2024-03-06 11:00:00,5.5600000000000005,245.8,754.02,2.2399999999999998,61.2
2024-03-06 12:00:00,5.62,248.8,753.92,2.66,52.4
2024-03-06 13:00:00,6.116666666666667,260.8333333333333,753.9499999999999,2.283333333333333,52.0
2024-03-06 14:00:00,5.5,254.8,754.1800000000001,0.76,49.6
2024-03-06 15:00:00,3.72,256.8,754.42,-0.42000000000000004,55.4
2024-03-06 16:00:00,1.3800000000000001,257.8,754.6800000000001,-1.4,60.2
2024-03-06 17:00:00,0.11666666666666665,226.0,754.5833333333334,-1.75,60.833333333333336
2024-03-06 18:00:00,0.36,259.2,754.48,-2.0200000000000005,61.0
2024-03-06 19:00:00,0.02,191.8,754.3199999999999,-2.02,61.8
2024-03-06 20:00:00,1.46,273.8,754.1400000000001,-1.54,62.4
2024-03-06 21:00:00,2.5500000000000003,270.6666666666667,753.9166666666666,-0.8833333333333333,63.0
2024-03-06 22:00:00,0.66,261.0,753.6200000000001,-2.1399999999999997,71.6
2024-03-06 23:00:00,0.0,206.4,753.52,-2.46,75.2
2024-03-07 00:00:00,0.14,264.6,753.5,-2.5,75.0
2024-03-07 01:00:00,0.13333333333333333,294.3333333333333,753.4166666666666,-2.716666666666667,73.83333333333333
2024-03-07 02:00:00,0.27999999999999997,297.8,753.74,-2.8,69.2
2024-03-07 03:00:00,0.27999999999999997,262.6,754.1,-1.92,64.6
2024-03-07 04:00:00,0.72,264.6,754.3599999999999,0.9,53.6
2024-03-07 05:00:00,2.5500000000000003,244.83333333333334,754.6666666666666,1.8499999999999999,49.333333333333336
2024-03-07 06:00:00,4.1,229.8,754.96,2.2600000000000002,52.4
2024-03-07 07:00:00,3.4799999999999995,218.0,754.78,3.28,48.2
2024-03-07 08:00:00,6.180000000000001,248.2,754.6800000000001,3.96,49.2
2024-03-07 09:00:00,6.6499999999999995,251.5,754.3833333333333,3.9166666666666665,50.5
2024-03-07 10:00:00,7.2,263.2,754.2,3.22,53.8
2024-03-07 11:00:00,6.5,249.0,754.46,2.48,56.6
2024-03-07 12:00:00,4.5200000000000005,241.4,754.26,2.38,60.8
2024-03-07 13:00:00,4.466666666666667,281.8333333333333,754.2666666666668,1.4166666666666667,73.5
2024-03-07 14:00:00,0.6,226.6,754.42,0.6599999999999999,85.8
2024-03-07 15:00:00,1.04,134.0,754.4,-0.18,97.2
2024-03-07 16:00:00,1.86,177.0,754.36,0.08,99.2
2024-03-07 17:00:00,2.6333333333333333,189.66666666666666,754.3166666666666,-0.15,100.0
2024-03-07 18:00:00,3.0500000000000003,258.0,754.3333333333334,-0.8500000000000001,100.0
2024-03-07 19:00:00,1.4666666666666668,129.33333333333334,753.9,-1.3333333333333333,100.0
2024-03-07 20:00:00,1.1833333333333333,144.33333333333334,753.8333333333334,-1.3499999999999999,
2024-03-07 21:00:00,1.6833333333333333,167.5,753.6833333333334,-0.8833333333333333,
2024-03-07 22:00:00,1.0,264.8,753.5600000000001,-0.1,100.0
2024-03-07 23:00:00,2.12,256.4,753.3199999999999,0.02,99.8
2024-03-08 00:00:00,1.6600000000000001,261.6,753.22,-0.62,100.0
2024-03-08 01:00:00,0.0,129.5,753.2166666666667,-1.9833333333333334,100.0
2024-03-08 02:00:00,2.88,256.4,753.2,-1.1,88.8
2024-03-08 03:00:00,5.26,252.4,753.3,-0.43999999999999995,75.4
2024-03-08 04:00:00,5.28,253.8,753.64,0.3,68.4
2024-03-08 05:00:00,6.516666666666667,257.8333333333333,753.8833333333333,1.75,55.5
2024-03-08 06:00:00,6.68,256.2,753.8,3.0200000000000005,51.4
2024-03-08 07:00:00,7.720000000000001,249.0,753.78,3.4799999999999995,50.4
2024-03-08 08:00:00,7.6800000000000015,249.6,753.6400000000001,3.5,50.6
2024-03-08 09:00:00,8.049999999999999,265.0,753.25,3.1,47.5
2024-03-08 10:00:00,7.3,254.2,752.9,4.359999999999999,42.0
2024-03-08 11:00:00,7.82,261.4,752.78,3.7599999999999993,41.4
2024-03-08 12:00:00,7.18,254.2,752.9399999999999,3.3,46.4
2024-03-08 13:00:00,4.5,268.3333333333333,753.1833333333334,2.766666666666667,49.166666666666664
2024-03-08 14:00:00,3.84,264.0,753.3599999999999,1.1800000000000002,57.2
2024-03-08 15:00:00,2.54,253.2,753.52,0.6599999999999999,55.4
2024-03-08 16:00:00,1.9200000000000004,266.4,753.6600000000001,0.32,54.2
2024-03-08 17:00:00,0.5333333333333333,187.33333333333334,753.6833333333334,0.16666666666666666,49.166666666666664
2024-03-08 18:00:00,0.6199999999999999,151.2,753.6800000000001,-0.68,52.8
2024-03-08 19:00:00,0.8400000000000001,294.8,753.46,-0.4,46.2
2024-03-08 20:00:00,0.32,266.4,753.2,-1.0399999999999998,47.2
2024-03-08 21:00:00,0.21666666666666667,284.5,753.1500000000001,-0.8666666666666667,46.166666666666664
2024-03-08 22:00:00,0.26,149.0,752.8599999999999,-1.1199999999999999,49.6
2024-03-08 23:00:00,0.16,276.4,752.6,-1.46,51.4
2024-03-09 00:00:00,0.44000000000000006,262.6,752.52,-1.6600000000000001,51.2
2024-03-09 01:00:00,0.45,258.8333333333333,752.6666666666666,-1.9333333333333333,54.166666666666664
2024-03-09 02:00:00,0.04,131.0,753.0,-1.7600000000000002,57.6
2024-03-09 03:00:00,1.9000000000000001,224.83333333333334,753.1500000000001,-1.2,56.333333333333336
2024-03-09 04:00:00,2.7399999999999998,249.2,753.38,-0.16,51.8
2024-03-09 05:00:00,2.0833333333333335,227.66666666666666,753.8000000000001,0.6,49.5
2024-03-09 06:00:00,3.0,225.4,753.98,1.54,45.4
2024-03-09 07:00:00,4.0,234.2,753.9,2.16,40.8
2024-03-09 08:00:00,4.24,243.6,753.7,3.12,35.2
2024-03-09 09:00:00,4.2,231.66666666666666,753.35,3.466666666666667,32.333333333333336
2024-03-09 10:00:00,4.779999999999999,231.8,753.1200000000001,3.8200000000000003,29.8
2024-03-09 11:00:00,4.64,238.0,753.0600000000001,4.14,27.2
2024-03-09 12:00:00,4.86,251.8,753.02,4.14,26.8
2024-03-09 13:00:00,5.3500000000000005,247.16666666666666,753.2333333333332,3.283333333333333,29.333333333333332
2024-03-09 14:00:00,4.84,252.6,753.6,1.64,32.6
2024-03-09 15:00:00,2.6,275.4,753.96,0.52,31.0
2024-03-09 16:00:00,0.45,298.0,754.1833333333334,-0.5833333333333334,35.0
2024-03-09 17:00:00,0.39999999999999997,273.0,754.3166666666666,-0.39999999999999997,33.166666666666664
2024-03-09 18:00:00,0.03333333333333333,218.33333333333334,754.4833333333332,-0.7666666666666666,39.166666666666664
2024-03-09 19:00:00,0.35000000000000003,265.5,754.5,-0.9500000000000001,41.5
2024-03-09 20:00:00,1.2833333333333334,276.6666666666667,754.3666666666667,-0.7666666666666666,40.166666666666664
2024-03-09 21:00:00,1.5833333333333333,290.6666666666667,754.5166666666668,-0.43333333333333335,40.0
2024-03-09 22:00:00,1.3,284.6666666666667,754.3833333333333,-0.11666666666666665,41.166666666666664
2024-03-09 23:00:00,0.25,284.6666666666667,754.0,-1.1166666666666667,45.5
2024-03-10 00:00:00,0.43333333333333335,279.8333333333333,754.0333333333333,-2.2666666666666666,51.5
2024-03-10 01:00:00,0.9500000000000001,229.16666666666666,754.1833333333334,-2.9333333333333336,56.833333333333336
2024-03-10 02:00:00,1.95,345.0,754.3833333333333,-3.1999999999999997,57.666666666666664
2024-03-10 03:00:00,0.7666666666666666,133.0,754.5166666666668,-2.2333333333333334,52.333333333333336
2024-03-10 04:00:00,0.5,126.5,754.9,1.4666666666666668,40.166666666666664
2024-03-10 05:00:00,1.05,199.33333333333334,755.3833333333333,1.6833333333333333,39.333333333333336
2024-03-10 06:00:00,1.1500000000000001,189.66666666666666,755.5666666666666,2.716666666666667,30.166666666666668
2024-03-10 07:00:00,3.716666666666667,233.83333333333334,755.5833333333334,3.0666666666666664,34.333333333333336
2024-03-10 08:00:00,4.8,248.66666666666666,755.4833333333332,2.716666666666667,39.833333333333336
2024-03-10 09:00:00,5.483333333333333,247.5,755.15,3.65,41.5
2024-03-10 10:00:00,5.76,253.0,754.9399999999999,3.46,43.8
2024-03-10 11:00:00,4.916666666666667,268.1666666666667,755.0,3.233333333333333,46.333333333333336
2024-03-10 12:00:00,5.283333333333333,253.5,754.7999999999998,3.466666666666667,48.333333333333336
2024-03-10 13:00:00,3.6999999999999997,251.0,754.8333333333334,2.783333333333333,52.333333333333336
2024-03-10 14:00:00,2.35,241.16666666666666,755.2333333333332,2.4,54.833333333333336
2024-03-10 15:00:00,0.06000000000000001,170.4,755.58,1.1199999999999999,62.8
2024-03-10 16:00:00,0.26,51.4,755.8799999999999,0.62,72.2
2024-03-10 17:00:00,0.6,177.16666666666666,756.0,1.2,65.5
2024-03-10 18:00:00,0.18,260.2,756.1400000000001,0.8800000000000001,71.6
2024-03-10 19:00:00,0.78,92.4,756.0600000000001,0.9,69.6
2024-03-10 20:00:00,3.25,304.5,756.1999999999999,0.18333333333333335,95.33333333333333
2024-03-10 21:00:00,0.3166666666666667,214.33333333333334,755.8833333333333,0.5833333333333334,86.0
2024-03-10 22:00:00,0.05000000000000001,85.33333333333333,755.6999999999999,0.3166666666666667,94.0
2024-03-10 23:00:00,0.0,121.33333333333333,755.6,0.26666666666666666,89.83333333333333
2024-03-11 00:00:00,0.9,261.5,755.6666666666666,-0.4666666666666666,82.33333333333333
2024-03-11 01:00:00,0.9333333333333332,262.0,755.8000000000001,-1.0,86.0
2024-03-11 02:00:00,1.6666666666666667,269.0,756.0,-1.1333333333333333,85.33333333333333
2024-03-11 03:00:00,2.466666666666667,263.5,756.0666666666666,-0.7666666666666666,78.5
2024-03-11 04:00:00,2.3833333333333333,260.5,756.3833333333333,1.1833333333333333,67.66666666666667
2024-03-11 05:00:00,2.566666666666667,245.5,756.25,2.1833333333333336,57.666666666666664
2024-03-11 06:00:00,3.5666666666666664,246.5,756.5833333333334,2.5,54.166666666666664
2024-03-11 07:00:00,4.716666666666667,244.66666666666666,757.0833333333334,1.7333333333333334,60.666666666666664
2024-03-11 08:00:00,2.75,304.0,756.8833333333333,-0.6833333333333332,99.8
2024-03-11 09:00:00,2.8333333333333335,267.0,756.4166666666666,-1.3666666666666665,99.84
2024-03-11 10:00:00,2.2333333333333334,257.3333333333333,756.3000000000001,-1.2,99.88
2024-03-11 11:00:00,1.7166666666666668,161.66666666666666,755.65,-0.5,
2024-03-11 12:00:00,1.3,181.33333333333334,755.7166666666667,-0.43333333333333335,
2024-03-11 13:00:00,1.04,216.0,755.6200000000001,-0.8800000000000001,100.0
2024-03-11 14:00:00,0.96,131.4,755.64,-2.1,99.33333333333334
2024-03-11 15:00:00,0.96,53.6,755.5600000000001,-3.06,98.66666666666667
2024-03-11 16:00:00,1.0,199.0,755.6500000000001,-3.1999999999999997,90.16666666666667
2024-03-11 17:00:00,2.04,58.6,755.58,-3.4799999999999995,100.0
2024-03-11 18:00:00,1.78,47.6,755.8199999999999,-3.66,98.4
2024-03-11 19:00:00,1.02,53.6,755.8199999999999,-4.16,95.6
2024-03-11 20:00:00,1.6333333333333335,57.333333333333336,755.5166666666668,-4.25,91.66666666666667
2024-03-11 21:00:00,0.4,80.8,755.52,-3.9,75.6
2024-03-11 22:00:00,6.74,27.8,755.3799999999999,-2.56,71.0
2024-03-11 23:00:00,11.76,14.0,755.2,-2.7199999999999998,75.2
2024-03-12 00:00:00,13.066666666666668,12.5,755.2166666666667,-3.0500000000000003,76.0
2024-03-12 01:00:00,13.8,17.6,755.62,-3.4200000000000004,84.4
2024-03-12 02:00:00,14.680000000000001,17.6,756.04,-3.6799999999999997,82.2
2024-03-12 03:00:00,14.959999999999999,15.8,756.4799999999999,-3.84,83.4
2024-03-12 04:00:00,14.716666666666667,15.333333333333334,757.25,-3.1833333333333336,75.66666666666667
2024-03-12 05:00:00,10.18,12.0,758.1600000000001,-1.8,61.0
2024-03-12 06:00:00,4.0,117.4,758.72,0.07999999999999999,43.6
2024-03-12 07:00:00,0.9600000000000002,153.0,759.1600000000001,1.8,40.0
2024-03-12 08:00:00,1.0833333333333333,129.83333333333334,759.4,2.6999999999999997,43.0
2024-03-12 09:00:00,1.5,201.8,759.2,2.8600000000000003,44.6
2024-03-12 10:00:00,2.3600000000000003,262.8,759.1600000000001,3.28,42.8
2024-03-12 11:00:00,2.94,230.0,759.26,3.78,42.8
2024-03-12 12:00:00,3.1166666666666667,246.0,759.4499999999999,3.733333333333333,43.666666666666664
2024-03-12 13:00:00,3.04,242.8,759.88,2.5,52.2
2024-03-12 14:00:00,3.3600000000000003,239.4,760.2,1.7,53.8
2024-03-12 15:00:00,1.78,258.2,760.5,0.4,57.0
2024-03-12 16:00:00,0.3833333333333333,193.33333333333334,760.9499999999999,-0.7999999999999999,73.5
2024-03-12 17:00:00,1.48,84.8,761.08,-1.2,80.6
2024-03-12 18:00:00,0.66,138.8,761.08,-1.46,70.4
2024-03-12 19:00:00,0.52,124.2,761.04,-1.8199999999999998,70.2
2024-03-12 20:00:00,0.4166666666666667,41.5,760.9166666666666,-1.7333333333333334,67.5
2024-03-12 21:00:00,0.9,94.6,760.78,-2.6399999999999997,69.4
2024-03-12 22:00:00,0.9199999999999999,101.6,760.5,-2.34,65.4
2024-03-12 23:00:00,1.16,305.8,760.3,-2.1399999999999997,64.0
2024-03-13 00:00:00,1.2833333333333334,292.0,760.2333333333332,-1.8,64.83333333333333
2024-03-13 01:00:00,1.16,296.0,760.22,-2.16,65.4
2024-03-13 02:00:00,0.8800000000000001,290.0,760.26,-2.2399999999999998,63.4
2024-03-13 03:00:00,2.98,298.0,760.42,-0.78,51.6
2024-03-13 04:00:00,1.9166666666666667,242.83333333333334,760.4333333333334,0.6166666666666667,48.833333333333336
2024-03-13 05:00:00,2.54,239.8,761.02,1.58,51.2
2024-03-13 06:00:00,1.8199999999999998,228.8,761.1600000000001,2.58,48.4
2024-03-13 07:00:00,3.02,224.2,761.1600000000001,3.4799999999999995,49.6
2024-03-13 08:00:00,3.216666666666667,229.16666666666666,760.9499999999999,4.45,51.666666666666664
2024-03-13 09:00:00,3.94,225.6,760.52,4.9,51.0
2024-03-13 10:00:00,3.85,228.66666666666666,760.1999999999999,5.383333333333333,48.833333333333336
2024-03-13 11:00:00,3.8000000000000003,227.83333333333334,760.0,5.483333333333333,48.0
2024-03-13 12:00:00,3.516666666666667,231.16666666666666,760.0500000000001,5.183333333333334,48.5
2024-03-13 13:00:00,2.9,234.0,760.1333333333333,4.616666666666666,50.0
2024-03-13 14:00:00,1.75,244.5,760.2833333333333,3.3333333333333335,54.0
2024-03-13 15:00:00,0.03333333333333333,315.8333333333333,760.4,1.4333333333333333,68.5
2024-03-13 16:00:00,0.6166666666666667,136.5,760.8833333333333,1.0999999999999999,69.16666666666667
2024-03-13 17:00:00,1.1333333333333333,84.66666666666667,760.9499999999999,0.9666666666666668,65.83333333333333
2024-03-13 18:00:00,0.31666666666666665,142.0,761.0333333333333,1.0666666666666667,60.166666666666664
2024-03-13 19:00:00,0.8333333333333334,82.5,760.9499999999999,0.9666666666666667,54.0
2024-03-13 20:00:00,0.85,318.1666666666667,760.9333333333334,0.8833333333333333,56.0
2024-03-13 21:00:00,1.3833333333333335,331.8333333333333,760.9499999999999,0.5499999999999999,57.333333333333336
2024-03-13 22:00:00,0.3666666666666667,193.5,760.8499999999999,0.09999999999999999,59.0
2024-03-13 23:00:00,0.8833333333333334,273.1666666666667,760.5,-0.2333333333333333,58.5
2024-03-14 00:00:00,1.8666666666666665,328.3333333333333,760.4499999999999,0.6,52.333333333333336
2024-03-14 01:00:00,0.8666666666666666,318.5,760.8333333333334,0.11666666666666665,56.5
2024-03-14 02:00:00,0.6166666666666667,161.5,761.1999999999999,-0.5166666666666666,63.833333333333336
2024-03-14 03:00:00,0.09999999999999999,91.33333333333333,761.6,1.3833333333333335,54.166666666666664
2024-03-14 04:00:00,0.13333333333333333,241.66666666666666,762.0166666666668,3.1666666666666665,48.0
2024-03-14 05:00:00,1.4000000000000001,231.5,762.4499999999999,4.316666666666666,46.333333333333336
2024-03-14 06:00:00,1.9333333333333333,226.66666666666666,762.75,5.3,43.833333333333336
2024-03-14 07:00:00,2.8333333333333335,223.33333333333334,762.8000000000001,6.233333333333333,41.333333333333336
2024-03-14 08:00:00,2.733333333333333,219.66666666666666,762.5833333333334,7.0,40.166666666666664
2024-03-14 09:00:00,3.016666666666667,225.5,762.1833333333334,7.883333333333333,37.166666666666664
2024-03-14 10:00:00,3.1833333333333336,228.66666666666666,761.8833333333333,8.15,34.666666666666664
2024-03-14 11:00:00,3.4166666666666665,224.83333333333334,761.8000000000001,8.25,34.666666666666664
2024-03-14 12:00:00,3.6666666666666665,236.16666666666666,761.6333333333333,8.216666666666667,35.0
2024-03-14 13:00:00,2.5500000000000003,247.33333333333334,761.6333333333333,7.383333333333333,38.166666666666664
2024-03-14 14:00:00,0.7333333333333334,166.5,761.5,5.733333333333333,43.166666666666664
2024-03-14 15:00:00,0.6,126.5,761.5,3.8333333333333335,53.333333333333336
2024-03-14 16:00:00,1.0666666666666667,89.5,761.6666666666666,3.4,53.5
2024-03-14 17:00:00,1.8,83.5,761.4,3.283333333333333,51.833333333333336
2024-03-14 18:00:00,0.9,169.83333333333334,761.5333333333333,3.1833333333333336,50.5
2024-03-14 19:00:00,2.25,67.83333333333333,761.3666666666667,2.933333333333333,51.166666666666664
2024-03-14 20:00:00,0.5666666666666667,215.66666666666666,761.7166666666667,3.0500000000000003,51.166666666666664
2024-03-14 21:00:00,0.6799999999999999,293.2,761.8799999999999,3.04,49.8
2024-03-14 22:00:00,0.8799999999999999,180.6,761.52,3.1,45.8
2024-03-14 23:00:00,0.82,124.6,761.12,3.4,40.6
2024-03-15 00:00:00,2.8000000000000003,168.16666666666666,761.4,3.1666666666666665,53.5
2024-03-15 01:00:00,2.4,85.2,760.98,0.6799999999999999,98.6
2024-03-15 02:00:00,1.7399999999999998,132.6,760.78,1.56,95.6
2024-03-15 03:00:00,2.32,231.8,761.48,2.46,90.6
2024-03-15 04:00:00,1.8499999999999999,96.33333333333333,761.8333333333334,0.5833333333333334,90.55555555555554
2024-03-15 05:00:00,2.1666666666666665,87.83333333333333,762.1666666666666,0.5666666666666667,90.5111111111111
2024-03-15 06:00:00,1.3166666666666667,74.66666666666667,762.0833333333334,0.9500000000000001,
2024-03-15 07:00:00,1.95,89.16666666666667,761.65,0.7666666666666666,
2024-03-15 08:00:00,2.65,79.16666666666667,761.2666666666668,1.6666666666666667,
2024-03-15 09:00:00,1.0666666666666667,178.5,760.7666666666668,4.3,90.33333333333333
2024-03-15 10:00:00,0.5166666666666667,155.83333333333334,760.1999999999999,6.1499999999999995,69.83333333333333
2024-03-15 11:00:00,1.4000000000000001,116.83333333333333,759.9166666666666,6.283333333333334,72.0
2024-03-15 12:00:00,0.5166666666666667,130.66666666666666,759.6166666666667,6.633333333333333,63.0
2024-03-15 13:00:00,0.7666666666666667,153.0,759.5833333333334,6.2,68.16666666666667
2024-03-15 14:00:00,1.7,73.16666666666667,759.6500000000001,4.516666666666667,93.33333333333333
2024-03-15 15:00:00,0.7833333333333333,91.33333333333333,759.7166666666667,4.1000000000000005,100.0
2024-03-15 16:00:00,0.016666666666666666,74.83333333333333,760.0,4.266666666666667,98.33333333333333
2024-03-15 17:00:00,0.45,244.16666666666666,759.85,4.366666666666666,90.5
2024-03-15 18:00:00,0.08333333333333333,82.0,759.7166666666667,3.9,99.66666666666667
2024-03-15 19:00:00,0.26666666666666666,98.5,759.5833333333334,3.9166666666666665,96.5
2024-03-15 20:00:00,0.9833333333333334,166.83333333333334,759.1166666666667,3.5833333333333335,93.5
2024-03-15 21:00:00,1.7333333333333334,62.5,758.35,3.15,87.16666666666667
2024-03-15 22:00:00,0.65,158.66666666666666,758.0333333333333,3.1833333333333336,90.0
2024-03-15 23:00:00,0.8166666666666668,309.1666666666667,757.8666666666667,3.5833333333333335,92.16666666666667
2024-03-16 00:00:00,0.25,76.83333333333333,757.3833333333333,3.483333333333333,93.0
2024-03-16 01:00:00,0.0,266.5,757.3166666666666,3.6166666666666667,93.5
2024-03-16 02:00:00,0.35000000000000003,292.0,757.65,3.85,91.16666666666667
2024-03-16 03:00:00,1.0333333333333334,98.16666666666667,757.7000000000002,3.4,96.66666666666667
2024-03-16 04:00:00,0.5833333333333334,116.66666666666667,757.8166666666666,4.6499999999999995,88.5
2024-03-16 05:00:00,0.75,209.83333333333334,757.9499999999999,6.383333333333333,76.0
2024-03-16 06:00:00,1.1833333333333333,239.0,757.8499999999999,7.1000000000000005,72.83333333333333
2024-03-16 07:00:00,2.6666666666666665,237.5,757.5666666666666,7.300000000000001,75.16666666666667
2024-03-16 08:00:00,2.5666666666666664,236.66666666666666,757.0666666666666,7.6499999999999995,70.16666666666667
2024-03-16 09:00:00,4.383333333333334,254.0,756.4666666666667,7.166666666666667,66.83333333333333
2024-03-16 10:00:00,4.5,242.0,756.15,7.275,65.0
2024-03-16 11:00:00,4.483333333333333,243.5,755.8666666666667,7.266666666666667,65.33333333333333
2024-03-16 12:00:00,5.916666666666667,258.1666666666667,756.1,4.45,89.25
2024-03-16 13:00:00,2.52,245.2,756.6600000000001,1.28,91.04166666666667
2024-03-16 14:00:00,0.9200000000000002,153.8,756.8199999999999,1.7600000000000002,92.83333333333333
2024-03-16 15:00:00,0.6599999999999999,84.0,756.96,1.64,
2024-03-16 16:00:00,1.7000000000000002,118.16666666666667,756.9833333333332,1.2833333333333334,
2024-03-16 17:00:00,0.18,170.8,757.28,1.7600000000000002,
2024-03-16 18:00:00,0.58,207.0,757.4,1.3199999999999998,100.0
2024-03-16 19:00:00,0.2833333333333333,132.33333333333334,757.2666666666668,0.8666666666666667,92.0
2024-03-16 20:00:00,1.4000000000000001,161.5,757.1666666666666,0.31666666666666665,88.0
2024-03-16 21:00:00,0.09999999999999999,71.16666666666667,756.9833333333332,0.48333333333333334,75.33333333333333
2024-03-16 22:00:00,1.1666666666666667,287.6666666666667,757.1,0.06666666666666667,68.16666666666667
2024-03-16 23:00:00,0.3,279.0,757.1999999999999,0.5499999999999999,58.0
2024-03-17 00:00:00,1.16,279.0,757.04,1.34,48.6
2024-03-17 01:00:00,0.6,261.0,757.5666666666666,0.9333333333333335,48.0
2024-03-17 02:00:00,0.8799999999999999,295.8,758.04,0.86,49.0
2024-03-17 03:00:00,0.06000000000000001,244.2,758.42,1.26,48.6
2024-03-17 04:00:00,1.06,260.2,758.8599999999999,2.88,44.6
2024-03-17 05:00:00,2.85,251.66666666666666,759.1999999999999,3.983333333333333,43.166666666666664
2024-03-17 06:00:00,3.02,236.2,759.3599999999999,5.0,45.0
2024-03-17 07:00:00,4.74,257.0,759.3399999999999,5.86,42.8
2024-03-17 08:00:00,5.279999999999999,250.2,759.08,6.82,36.8
2024-03-17 09:00:00,5.883333333333333,247.0,758.7333333333332,7.816666666666666,31.333333333333332
2024-03-17 10:00:00,5.9399999999999995,245.0,758.28,7.82,32.2
2024-03-17 11:00:00,6.1499999999999995,249.83333333333334,758.2333333333332,8.016666666666666,33.5
2024-03-17 12:00:00,5.64,250.4,758.4,7.959999999999999,33.2
2024-03-17 13:00:00,5.38,260.0,758.6,7.640000000000001,31.0
2024-03-17 14:00:00,4.616666666666666,254.83333333333334,758.7166666666667,6.3,37.833333333333336
2024-03-17 15:00:00,1.24,168.6,758.9399999999999,4.34,46.8
2024-03-17 16:00:00,1.25,234.16666666666666,759.3833333333333,2.9333333333333336,54.166666666666664
2024-03-17 17:00:00,0.5499999999999999,160.33333333333334,759.6833333333334,2.8333333333333335,53.5
2024-03-17 18:00:00,1.2166666666666668,280.0,759.9499999999999,2.4166666666666665,57.166666666666664
2024-03-17 19:00:00,0.39999999999999997,222.83333333333334,759.85,3.216666666666667,50.5
2024-03-17 20:00:00,0.18333333333333335,136.66666666666666,759.6500000000001,2.6833333333333336,52.0
2024-03-17 21:00:00,1.56,280.2,759.48,3.5799999999999996,44.4
2024-03-17 22:00:00,1.2166666666666666,283.3333333333333,759.25,3.533333333333333,43.166666666666664
2024-03-17 23:00:00,1.16,273.8,758.96,3.4,44.2
2024-03-18 00:00:00,0.5166666666666667,252.66666666666666,759.0500000000001,3.0666666666666664,47.833333333333336
2024-03-18 01:00:00,0.19999999999999998,103.16666666666667,759.4,1.9833333333333334,52.333333333333336
2024-03-18 02:00:00,0.3333333333333333,63.5,759.4666666666667,2.433333333333333,50.666666666666664
2024-03-18 03:00:00,0.20000000000000004,65.5,759.7666666666668,2.85,54.5
2024-03-18 04:00:00,0.4166666666666667,199.33333333333334,760.4333333333334,5.833333333333333,45.333333333333336
2024-03-18 05:00:00,2.25,254.33333333333334,760.9333333333334,6.8,43.5
2024-03-18 06:00:00,1.3,229.66666666666666,760.6999999999999,7.983333333333333,39.833333333333336
2024-03-18 07:00:00,2.533333333333333,225.33333333333334,760.3166666666666,9.366666666666667,36.333333333333336
2024-03-18 08:00:00,3.633333333333333,229.83333333333334,759.9,9.916666666666666,33.5
2024-03-18 09:00:00,5.083333333333333,249.33333333333334,759.2833333333333,9.983333333333333,36.5
2024-03-18 10:00:00,5.433333333333334,248.66666666666666,759.0166666666668,9.916666666666666,37.0
2024-03-18 11:00:00,5.316666666666666,263.0,758.7166666666667,9.65,41.333333333333336
2024-03-18 12:00:00,5.016666666666667,256.1666666666667,759.1999999999999,8.200000000000001,46.666666666666664
2024-03-18 13:00:00,3.8333333333333335,242.83333333333334,759.5666666666667,5.95,69.66666666666667
2024-03-18 14:00:00,0.85,142.0,759.2666666666668,5.483333333333333,76.33333333333333
2024-03-18 15:00:00,3.15,318.3333333333333,760.0500000000001,5.6000000000000005,75.33333333333333
2024-03-18 16:00:00,2.283333333333333,168.0,760.1999999999999,4.05,96.33333333333333
2024-03-18 17:00:00,1.2666666666666666,98.33333333333333,759.6166666666667,3.6333333333333333,99.0
2024-03-18 18:00:00,2.183333333333333,78.5,758.9666666666667,4.45,100.0
2024-03-18 19:00:00,1.3166666666666667,56.833333333333336,758.6,5.866666666666667,93.33333333333333
2024-03-18 20:00:00,0.7000000000000001,80.5,758.1500000000001,7.066666666666666,65.5
2024-03-18 21:00:00,1.6833333333333333,51.666666666666664,757.8333333333334,7.333333333333333,54.833333333333336
2024-03-18 22:00:00,1.5333333333333332,42.0,757.4333333333334,7.6499999999999995,48.666666666666664
2024-03-18 23:00:00,1.4666666666666668,73.33333333333333,756.7666666666668,7.666666666666667,45.666666666666664
2024-03-19 00:00:00,3.4499999999999997,36.333333333333336,755.75,7.583333333333333,43.5
2024-03-19 01:00:00,2.75,56.833333333333336,755.0333333333333,7.3999999999999995,44.333333333333336
2024-03-19 02:00:00,2.2666666666666666,42.833333333333336,754.8666666666667,7.7,43.333333333333336
2024-03-19 03:00:00,1.1166666666666667,88.83333333333333,755.1999999999999,7.933333333333334,44.0
2024-03-19 04:00:00,1.9333333333333333,83.5,755.3166666666666,8.166666666666666,42.833333333333336
2024-03-19 05:00:00,1.5,81.5,754.8166666666666,9.016666666666667,41.0
2024-03-19 06:00:00,1.45,75.83333333333333,754.6999999999999,10.416666666666666,32.5
2024-03-19 07:00:00,2.1,84.0,754.3166666666666,10.216666666666667,32.833333333333336
2024-03-19 08:00:00,2.3833333333333333,157.33333333333334,754.25,9.633333333333333,36.833333333333336
2024-03-19 09:00:00,1.2833333333333334,140.0,754.6166666666667,6.283333333333334,68.33333333333333
2024-03-19 10:00:00,2.4,48.666666666666664,753.9499999999999,4.3500000000000005,99.33333333333333
2024-03-19 11:00:00,0.4666666666666666,241.0,753.6999999999999,5.1000000000000005,100.0
2024-03-19 12:00:00,3.216666666666667,256.8333333333333,753.9,4.583333333333333,100.0
2024-03-19 13:00:00,4.5,263.3333333333333,754.5,2.966666666666667,95.08333333333333
2024-03-19 14:00:00,2.6833333333333336,255.33333333333334,754.5166666666668,2.5166666666666666,90.16666666666667
2024-03-19 15:00:00,3.766666666666667,220.0,753.2166666666667,5.483333333333333,85.25
2024-03-19 16:00:00,2.0500000000000003,175.0,752.9333333333334,6.583333333333333,68.5
2024-03-19 17:00:00,2.566666666666667,254.5,752.9166666666666,6.566666666666666,62.0
2024-03-19 18:00:00,0.7166666666666667,96.16666666666667,752.4499999999999,5.266666666666667,79.0
2024-03-19 19:00:00,0.3166666666666667,104.66666666666667,752.3333333333334,5.133333333333334,80.33333333333333
2024-03-19 20:00:00,1.6666666666666667,168.66666666666666,752.4499999999999,4.866666666666666,83.16666666666667
2024-03-19 21:00:00,1.5833333333333333,137.83333333333334,752.1166666666667,3.783333333333333,100.0
2024-03-19 22:00:00,3.0,179.83333333333334,751.4333333333334,3.8833333333333333,100.0
2024-03-19 23:00:00,4.95,248.5,751.4166666666666,3.6166666666666667,100.0
2024-03-20 00:00:00,6.05,251.0,751.1833333333334,2.0500000000000003,100.0
2024-03-20 01:00:00,7.633333333333333,259.8333333333333,752.2833333333333,-0.09999999999999999,100.0
2024-03-20 02:00:00,5.516666666666667,271.8333333333333,752.9333333333334,-1.25,
2024-03-20 03:00:00,1.78,271.2,752.3,-1.4,
2024-03-20 04:00:00,1.7399999999999998,232.8,752.58,-0.13999999999999999,100.0
2024-03-20 05:00:00,5.0600000000000005,252.8,753.02,1.04,98.0
2024-03-20 06:00:00,4.616666666666666,263.0,753.2666666666668,1.6166666666666665,92.33333333333333
2024-03-20 07:00:00,5.1499999999999995,247.5,753.0,2.233333333333333,90.33333333333333
2024-03-20 08:00:00,6.483333333333333,252.33333333333334,752.8666666666667,1.5999999999999999,96.16666666666667
2024-03-20 09:00:00,6.316666666666666,261.5,752.8499999999999,2.0,83.66666666666667
2024-03-20 10:00:00,6.633333333333333,261.8333333333333,752.9333333333334,2.2666666666666666,80.33333333333333
2024-03-20 11:00:00,5.720000000000001,255.0,753.1400000000001,2.46,84.4
2024-03-20 12:00:00,5.8,260.8,753.36,2.62,77.4
2024-03-20 13:00:00,5.3500000000000005,275.8333333333333,753.9666666666667,1.3833333333333335,99.0
2024-03-20 14:00:00,3.766666666666667,282.8333333333333,754.4833333333332,0.9666666666666667,99.5
2024-03-20 15:00:00,3.3000000000000003,272.1666666666667,755.0166666666668,0.4166666666666667,99.75
2024-03-20 16:00:00,2.983333333333334,285.0,755.3000000000001,0.26666666666666666,100.0
2024-03-20 17:00:00,2.6666666666666665,270.5,755.6166666666667,-0.033333333333333326,99.33333333333333
2024-03-20 18:00:00,4.066666666666666,264.5,755.6833333333334,0.48333333333333334,92.33333333333333
2024-03-20 19:00:00,1.3333333333333333,253.0,755.5500000000001,0.4166666666666667,78.5
2024-03-20 20:00:00,1.0,238.5,755.6333333333333,-1.1333333333333333,90.83333333333333
2024-03-20 21:00:00,0.48333333333333334,150.5,755.6500000000001,-1.3333333333333333,89.83333333333333
2024-03-20 22:00:00,1.2833333333333334,319.6666666666667,755.4499999999999,-1.8166666666666667,87.5
2024-03-20 23:00:00,0.7333333333333334,298.5,755.2833333333333,-1.9833333333333334,87.16666666666667
2024-03-21 00:00:00,0.3666666666666667,262.5,755.0833333333334,-1.5999999999999999,78.0
2024-03-21 01:00:00,1.0166666666666668,302.1666666666667,755.3666666666667,-1.55,69.66666666666667
2024-03-21 02:00:00,1.2166666666666666,250.16666666666666,755.6666666666666,-2.0833333333333335,62.833333333333336
2024-03-21 03:00:00,0.6166666666666667,308.5,755.9333333333334,-0.6999999999999998,60.166666666666664
2024-03-21 04:00:00,0.0,134.83333333333334,756.5333333333333,3.5500000000000003,44.833333333333336
2024-03-21 05:00:00,1.05,96.5,756.9166666666666,4.25,42.166666666666664
2024-03-21 06:00:00,1.3166666666666667,160.0,757.2333333333332,4.383333333333334,42.833333333333336
2024-03-21 07:00:00,2.5833333333333335,223.83333333333334,757.3833333333333,4.816666666666666,57.833333333333336
2024-03-21 08:00:00,3.1166666666666667,228.0,757.4499999999999,4.95,57.333333333333336
2024-03-21 09:00:00,2.733333333333333,226.5,757.2166666666667,5.75,54.166666666666664
2024-03-21 10:00:00,2.6166666666666667,222.5,756.8833333333333,6.5,50.5
2024-03-21 11:00:00,3.516666666666667,251.83333333333334,756.75,6.8,51.666666666666664
2024-03-21 12:00:00,3.3000000000000003,256.3333333333333,756.7666666666668,6.066666666666666,53.166666666666664
2024-03-21 13:00:00,3.5666666666666664,243.33333333333334,757.0500000000001,6.016666666666667,50.666666666666664
2024-03-21 14:00:00,3.1833333333333336,244.5,757.2000000000002,5.05,54.166666666666664
2024-03-21 15:00:00,1.4666666666666668,268.5,757.2166666666667,3.433333333333333,65.33333333333333
2024-03-21 16:00:00,0.08333333333333333,297.1666666666667,757.4666666666667,2.1333333333333333,75.16666666666667
2024-03-21 17:00:00,1.15,199.0,757.7333333333332,1.3166666666666667,78.66666666666667
2024-03-21 18:00:00,1.3,79.16666666666667,757.5,1.0833333333333333,76.16666666666667
2024-03-21 19:00:00,0.9333333333333332,66.0,757.2333333333332,1.45,69.0
2024-03-21 20:00:00,0.45,89.0,756.9333333333334,1.7,57.166666666666664
2024-03-21 21:00:00,0.15,171.16666666666666,756.6833333333334,2.3666666666666667,52.0
2024-03-21 22:00:00,0.03333333333333333,80.83333333333333,756.4166666666666,2.1,55.833333333333336
2024-03-21 23:00:00,0.7666666666666666,159.83333333333334,755.9833333333332,1.7666666666666666,62.0
2024-03-22 00:00:00,0.5833333333333334,144.5,755.75,1.1166666666666667,64.83333333333333
2024-03-22 01:00:00,0.5666666666666668,39.5,755.5333333333333,0.7666666666666666,67.0
2024-03-22 02:00:00,0.26666666666666666,56.166666666666664,755.4833333333332,0.5666666666666667,67.5
2024-03-22 03:00:00,0.16666666666666666,71.0,755.6333333333333,2.183333333333333,61.833333333333336
2024-03-22 04:00:00,0.03333333333333333,145.83333333333334,755.6,6.016666666666667,46.166666666666664
2024-03-22 05:00:00,0.7999999999999999,198.66666666666666,755.6166666666667,5.916666666666667,47.5
2024-03-22 06:00:00,2.0833333333333335,243.66666666666666,755.7666666666668,6.566666666666666,48.666666666666664
2024-03-22 07:00:00,2.5833333333333335,247.83333333333334,755.5500000000001,7.333333333333333,47.0
2024-03-22 08:00:00,3.0666666666666664,244.16666666666666,755.2666666666668,7.95,46.0
2024-03-22 09:00:00,3.266666666666667,235.66666666666666,754.6833333333334,8.366666666666665,42.166666666666664
2024-03-22 10:00:00,2.716666666666667,244.83333333333334,754.1,8.116666666666667,40.166666666666664
2024-03-22 11:00:00,2.6,242.16666666666666,753.6333333333333,7.866666666666667,40.166666666666664
2024-03-22 12:00:00,2.733333333333333,246.16666666666666,753.3000000000001,7.933333333333334,39.0
2024-03-22 13:00:00,2.7600000000000002,246.6,753.1600000000001,7.5600000000000005,40.0
2024-03-22 14:00:00,1.7,256.8333333333333,753.0500000000001,6.433333333333334,41.5
2024-03-22 15:00:00,1.0,282.2,753.1200000000001,4.2,52.2
2024-03-22 16:00:00,2.12,338.6,753.3,3.3,56.0
2024-03-22 17:00:00,1.48,298.4,753.36,3.3600000000000003,51.2
2024-03-22 18:00:00,0.6666666666666666,156.16666666666666,753.1666666666666,4.283333333333333,42.833333333333336
2024-03-22 19:00:00,2.6166666666666667,267.1666666666667,753.0833333333334,4.55,38.666666666666664
2024-03-22 20:00:00,1.0666666666666667,259.8333333333333,753.0500000000001,3.6333333333333333,44.0
2024-03-22 21:00:00,0.6666666666666666,330.5,753.0333333333333,1.6666666666666667,55.5
2024-03-22 22:00:00,0.19999999999999998,259.3333333333333,752.8499999999999,2.283333333333333,50.166666666666664
2024-03-22 23:00:00,1.3666666666666665,271.8333333333333,752.6999999999999,3.283333333333333,47.833333333333336
2024-03-23 00:00:00,0.9199999999999999,284.8,752.76,3.22,46.8
2024-03-23 01:00:00,0.5599999999999999,283.4,752.8599999999999,3.1399999999999997,49.4
2024-03-23 02:00:00,1.1333333333333333,286.5,753.1,3.466666666666667,51.0
2024-03-23 03:00:00,0.5666666666666667,299.8333333333333,753.6,3.016666666666667,56.833333333333336
2024-03-23 04:00:00,0.9333333333333332,237.66666666666666,754.0500000000001,5.083333333333333,47.0
2024-03-23 05:00:00,1.8166666666666664,222.5,754.6166666666667,6.183333333333334,44.0
2024-03-23 06:00:00,3.0500000000000003,229.66666666666666,754.9499999999999,6.5,44.0
2024-03-23 07:00:00,3.9166666666666665,230.33333333333334,754.9833333333332,7.3500000000000005,38.5
2024-03-23 08:00:00,4.8500000000000005,234.33333333333334,754.6833333333334,8.200000000000001,35.666666666666664
2024-03-23 09:00:00,5.083333333333333,243.66666666666666,754.35,8.716666666666667,33.833333333333336
2024-03-23 10:00:00,5.883333333333333,245.66666666666666,753.9666666666667,9.35,30.833333333333332
2024-03-23 11:00:00,6.283333333333334,248.16666666666666,753.7833333333333,9.383333333333333,31.666666666666668
2024-03-23 12:00:00,6.183333333333334,246.0,753.7833333333333,8.983333333333333,33.0
2024-03-23 13:00:00,6.1000000000000005,252.66666666666666,754.0166666666668,7.8999999999999995,40.166666666666664
2024-03-23 14:00:00,5.0,258.5,754.2166666666667,7.116666666666667,44.166666666666664
2024-03-23 15:00:00,3.8333333333333335,252.66666666666666,754.6666666666666,5.716666666666666,50.333333333333336
2024-03-23 16:00:00,1.8833333333333335,265.6666666666667,755.2666666666668,4.3999999999999995,58.0
2024-03-23 17:00:00,0.06666666666666667,173.5,755.5833333333334,4.0,60.5
2024-03-23 18:00:00,0.8666666666666667,263.5,755.5666666666666,4.133333333333333,56.166666666666664
2024-03-23 19:00:00,0.13333333333333333,110.83333333333333,755.5166666666668,3.3666666666666667,58.166666666666664
2024-03-23 20:00:00,0.16666666666666666,148.16666666666666,755.6833333333334,2.8333333333333335,59.0
2024-03-23 21:00:00,1.15,306.8333333333333,755.6,3.4333333333333336,54.5
2024-03-23 22:00:00,0.9833333333333334,271.1666666666667,755.4833333333332,3.9499999999999997,49.333333333333336
2024-03-23 23:00:00,0.9666666666666667,276.6666666666667,755.4,3.6,49.0
2024-03-24 00:00:00,1.4833333333333334,269.1666666666667,755.1833333333334,3.966666666666667,47.0
2024-03-24 01:00:00,0.11666666666666665,127.5,755.3833333333333,2.8000000000000003,51.666666666666664
2024-03-24 02:00:00,0.26666666666666666,79.16666666666667,755.8166666666666,2.35,53.666666666666664
2024-03-24 03:00:00,0.21666666666666667,74.5,756.3833333333333,4.283333333333333,50.0
2024-03-24 04:00:00,0.9166666666666666,201.0,756.7833333333333,6.916666666666667,41.333333333333336
2024-03-24 05:00:00,2.8333333333333335,230.16666666666666,757.1166666666667,7.533333333333334,38.833333333333336
2024-03-24 06:00:00,2.4499999999999997,245.5,756.8833333333333,8.816666666666666,31.5
2024-03-24 07:00:00,2.9,214.83333333333334,756.5500000000001,9.633333333333333,22.833333333333332
2024-03-24 08:00:00,2.25,224.83333333333334,756.1166666666667,10.383333333333333,18.166666666666668
2024-03-24 09:00:00,3.35,228.83333333333334,755.5666666666666,11.166666666666666,21.333333333333332
2024-03-24 10:00:00,3.9500000000000006,246.33333333333334,755.3166666666666,11.366666666666667,23.0
2024-03-24 11:00:00,3.1333333333333333,267.6666666666667,754.5833333333334,11.0,23.833333333333332
2024-03-24 12:00:00,3.266666666666667,245.66666666666666,754.6166666666667,10.566666666666666,26.166666666666668
2024-03-24 13:00:00,2.5666666666666664,193.66666666666666,754.65,9.4,30.0
2024-03-24 14:00:00,2.15,128.66666666666666,754.85,8.383333333333333,32.333333333333336
2024-03-24 15:00:00,1.7,111.83333333333333,754.8833333333333,7.783333333333334,35.333333333333336
2024-03-24 16:00:00,2.4166666666666665,116.83333333333333,755.6833333333334,7.783333333333334,36.5
2024-03-24 17:00:00,1.5666666666666667,132.16666666666666,755.5666666666666,6.95,38.166666666666664
2024-03-24 18:00:00,0.8833333333333333,107.83333333333333,754.5500000000001,6.066666666666666,41.5
2024-03-24 19:00:00,2.0,88.66666666666667,754.2166666666667,6.1499999999999995,40.5
2024-03-24 20:00:00,3.8166666666666664,81.16666666666667,753.25,5.7,46.666666666666664
2024-03-24 21:00:00,3.6833333333333336,71.0,752.5500000000001,5.616666666666667,55.666666666666664
2024-03-24 22:00:00,4.1000000000000005,100.83333333333333,752.0666666666666,6.566666666666666,52.5
2024-03-24 23:00:00,4.633333333333334,105.5,751.4666666666667,6.116666666666667,55.666666666666664
2024-03-25 00:00:00,5.1499999999999995,105.66666666666667,751.0500000000001,6.083333333333333,58.666666666666664
2024-03-25 01:00:00,5.2,99.8,750.8,5.32,72.2
2024-03-25 02:00:00,4.633333333333334,85.33333333333333,750.2833333333333,4.883333333333334,100.0
2024-03-25 03:00:00,3.516666666666667,99.83333333333333,750.2666666666668,4.883333333333334,100.0
2024-03-25 04:00:00,3.1666666666666665,96.0,749.9833333333332,5.0,100.0
2024-03-25 05:00:00,4.216666666666667,106.66666666666667,750.0,4.983333333333333,100.0
2024-03-25 06:00:00,3.6999999999999997,98.16666666666667,749.4666666666667,5.45,
2024-03-25 07:00:00,4.383333333333333,96.5,748.9333333333334,6.166666666666667,100.0
2024-03-25 08:00:00,4.716666666666667,107.16666666666667,748.6999999999999,5.733333333333333,100.0
2024-03-25 09:00:00,3.6166666666666667,147.0,749.0500000000001,4.483333333333333,100.0
2024-03-25 10:00:00,4.133333333333334,240.83333333333334,749.4166666666666,3.933333333333333,100.0
2024-03-25 11:00:00,3.3333333333333335,235.5,749.2833333333333,3.533333333333333,
2024-03-25 12:00:00,3.65,256.5,749.1166666666667,2.8833333333333333,
2024-03-25 13:00:00,4.233333333333333,258.8333333333333,749.1333333333333,2.2666666666666666,
2024-03-25 14:00:00,4.46,263.0,749.64,1.6600000000000001,
2024-03-25 15:00:00,1.1333333333333333,228.66666666666666,749.5166666666668,1.7333333333333334,
2024-03-25 16:00:00,2.9,246.33333333333334,749.3833333333333,2.1,100.0
2024-03-25 17:00:00,2.783333333333333,246.33333333333334,749.25,1.7333333333333334,99.85714285714286
2024-03-25 18:00:00,5.75,258.3333333333333,749.2833333333333,1.0333333333333334,99.71428571428571
2024-03-25 19:00:00,6.916666666666667,254.33333333333334,749.2833333333333,0.9166666666666666,
2024-03-25 20:00:00,7.533333333333334,250.83333333333334,749.5666666666666,0.8166666666666668,
2024-03-25 21:00:00,6.216666666666666,253.33333333333334,749.8833333333333,0.25,
2024-03-25 22:00:00,6.716666666666666,258.3333333333333,750.0500000000001,-0.5166666666666666,
2024-03-25 23:00:00,5.366666666666667,256.6666666666667,750.1500000000001,-1.0999999999999999,99.0
2024-03-26 00:00:00,3.6999999999999997,256.5,750.3333333333334,-1.4166666666666667,80.5
2024-03-26 01:00:00,0.5333333333333333,260.1666666666667,750.6166666666667,-2.5166666666666666,99.83333333333333
2024-03-26 02:00:00,1.2,275.0,751.0,-3.3166666666666664,100.0
2024-03-26 03:00:00,0.24,259.6,751.48,-2.08,75.0
2024-03-26 04:00:00,1.5333333333333332,262.5,752.0500000000001,0.05000000000000001,67.16666666666667
2024-03-26 05:00:00,1.6500000000000001,243.0,752.6,1.25,57.5
2024-03-26 06:00:00,2.1166666666666667,238.5,752.9666666666667,2.033333333333333,75.33333333333333
2024-03-26 07:00:00,2.75,235.16666666666666,753.1166666666667,2.983333333333333,93.16666666666667
2024-03-26 08:00:00,3.733333333333333,237.0,753.1,2.8000000000000003,98.66666666666667
2024-03-26 09:00:00,4.3999999999999995,242.16666666666666,752.9166666666666,3.8666666666666667,91.33333333333333
2024-03-26 10:00:00,5.55,252.0,752.9499999999999,4.766666666666667,69.66666666666667
2024-03-26 11:00:00,4.883333333333333,248.0,753.0500000000001,5.116666666666666,52.5
2024-03-26 12:00:00,5.033333333333333,251.0,753.2666666666668,4.9,47.5
2024-03-26 13:00:00,5.6000000000000005,258.0,753.6,4.683333333333334,44.5
2024-03-26 14:00:00,7.416666666666667,260.8333333333333,753.8499999999999,3.6,50.166666666666664
2024-03-26 15:00:00,5.8999999999999995,250.66666666666666,753.9666666666667,2.4499999999999997,56.333333333333336
2024-03-26 16:00:00,6.216666666666666,259.8333333333333,754.4,2.5,57.5
2024-03-26 17:00:00,5.833333333333333,256.1666666666667,754.5,2.066666666666667,63.833333333333336
2024-03-26 18:00:00,4.8,251.33333333333334,754.5,1.7166666666666668,67.5
2024-03-26 19:00:00,3.8000000000000003,274.0,754.3333333333334,1.2833333333333334,67.5
2024-03-26 20:00:00,1.7,282.6666666666667,754.1500000000001,0.3666666666666667,76.5
2024-03-26 21:00:00,1.4000000000000001,273.0,754.0166666666668,0.03333333333333335,75.66666666666667
2024-03-26 22:00:00,1.0166666666666666,284.3333333333333,753.8666666666667,-0.3833333333333333,78.83333333333333
2024-03-26 23:00:00,0.8166666666666668,99.33333333333333,753.7166666666667,-1.0999999999999999,84.16666666666667
2024-03-27 00:00:00,0.8166666666666668,306.3333333333333,753.9666666666667,-0.9500000000000001,78.16666666666667
2024-03-27 01:00:00,0.5499999999999999,183.83333333333334,754.0833333333334,-1.3499999999999999,80.5
2024-03-27 02:00:00,0.44999999999999996,195.0,754.1999999999999,-1.6166666666666665,78.66666666666667
2024-03-27 03:00:00,0.3333333333333333,175.66666666666666,754.6,0.0666666666666667,73.33333333333333
2024-03-27 04:00:00,0.8166666666666665,228.83333333333334,754.9,2.4166666666666665,59.0
2024-03-27 05:00:00,2.15,250.5,755.2666666666668,3.3333333333333335,56.333333333333336
2024-03-27 06:00:00,3.483333333333333,241.33333333333334,755.6,4.2,59.333333333333336
2024-03-27 07:00:00,5.8999999999999995,244.83333333333334,755.7166666666667,4.8500000000000005,61.0
2024-03-27 08:00:00,6.7,264.5,755.7833333333333,3.75,65.33333333333333
2024-03-27 09:00:00,8.0,253.5,755.5500000000001,4.3999999999999995,59.166666666666664
2024-03-27 10:00:00,8.3,252.33333333333334,755.4333333333334,3.966666666666667,58.5
2024-03-27 11:00:00,7.45,257.3333333333333,755.3000000000001,4.6000000000000005,54.666666666666664
2024-03-27 12:00:00,7.05,250.83333333333334,755.2666666666668,4.816666666666666,56.166666666666664
2024-03-27 13:00:00,8.15,254.16666666666666,755.1999999999999,4.816666666666666,54.5
2024-03-27 14:00:00,7.45,260.3333333333333,755.4833333333332,4.233333333333333,55.666666666666664
2024-03-27 15:00:00,7.133333333333333,265.0,755.9666666666667,3.6999999999999997,57.0
2024-03-27 16:00:00,4.933333333333334,259.3333333333333,756.6333333333333,3.283333333333333,58.833333333333336
2024-03-27 17:00:00,3.6399999999999997,266.0,756.9,2.94,56.4
2024-03-27 18:00:00,3.8,261.8,756.9,2.2600000000000002,58.0
2024-03-27 19:00:00,1.1833333333333333,298.6666666666667,756.9833333333332,1.55,62.833333333333336
2024-03-27 20:00:00,1.05,112.16666666666667,757.0500000000001,-0.15,81.16666666666667
2024-03-27 21:00:00,1.3499999999999999,100.83333333333333,757.0333333333333,-1.5333333333333332,99.0
2024-03-27 22:00:00,1.3499999999999999,86.5,756.8166666666666,-1.6166666666666665,94.83333333333333
2024-03-27 23:00:00,0.8333333333333334,77.5,756.8666666666667,-1.5166666666666666,88.16666666666667
2024-03-28 00:00:00,0.6666666666666666,65.0,756.85,-1.4000000000000001,85.83333333333333
2024-03-28 01:00:00,0.8833333333333333,65.83333333333333,756.6166666666667,-1.2666666666666666,81.5
2024-03-28 02:00:00,0.6833333333333332,72.66666666666667,756.75,-1.2,76.83333333333333
2024-03-28 03:00:00,1.4333333333333333,82.33333333333333,757.1833333333334,-0.8666666666666667,78.16666666666667
2024-03-28 04:00:00,1.6166666666666665,100.66666666666667,757.5666666666666,1.5,64.33333333333333
2024-03-28 05:00:00,2.0833333333333335,122.16666666666667,757.9333333333334,2.966666666666667,57.5
2024-03-28 06:00:00,1.1666666666666667,126.33333333333333,757.9,4.016666666666667,53.0
2024-03-28 07:00:00,2.25,243.33333333333334,757.6666666666666,4.616666666666667,51.5
2024-03-28 08:00:00,2.75,240.5,757.4166666666666,5.416666666666667,49.833333333333336
2024-03-28 09:00:00,2.983333333333333,222.33333333333334,757.1333333333333,5.316666666666666,46.666666666666664
2024-03-28 10:00:00,3.283333333333333,230.16666666666666,756.6333333333333,6.016666666666667,45.166666666666664
2024-03-28 11:00:00,3.4166666666666665,240.83333333333334,756.3833333333333,6.3999999999999995,45.666666666666664
2024-03-28 12:00:00,3.35,247.0,756.2833333333333,5.766666666666667,48.166666666666664
2024-03-28 13:00:00,2.8499999999999996,241.0,756.3666666666667,4.983333333333333,51.333333333333336
2024-03-28 14:00:00,1.55,184.66666666666666,756.4666666666667,4.216666666666667,53.666666666666664
2024-03-28 15:00:00,5.5,70.83333333333333,756.6999999999999,2.733333333333333,61.5
2024-03-28 16:00:00,11.866666666666667,20.333333333333332,756.9499999999999,0.65,76.66666666666667
2024-03-28 17:00:00,13.366666666666667,21.166666666666668,757.0666666666666,0.11666666666666665,74.16666666666667
2024-03-28 18:00:00,13.483333333333334,23.5,757.2000000000002,-0.19999999999999998,66.5
2024-03-28 19:00:00,13.466666666666667,19.5,757.2000000000002,-0.3833333333333333,58.5
2024-03-28 20:00:00,12.616666666666667,14.166666666666666,757.25,-0.6166666666666667,55.833333333333336
2024-03-28 21:00:00,11.433333333333332,14.833333333333334,757.1833333333334,-0.65,47.833333333333336
2024-03-28 22:00:00,10.766666666666666,23.666666666666668,757.1999999999999,-0.9666666666666667,44.833333333333336
2024-03-28 23:00:00,10.1,28.0,757.0666666666666,-0.7999999999999999,32.333333333333336
2024-03-29 00:00:00,9.916666666666666,26.166666666666668,757.1,-0.8333333333333334,27.5
2024-03-29 01:00:00,8.75,29.5,757.4166666666666,-1.0166666666666668,24.833333333333332
2024-03-29 02:00:00,7.733333333333333,30.666666666666668,757.9,-0.7833333333333333,20.166666666666668
2024-03-29 03:00:00,3.3833333333333333,71.33333333333333,758.5166666666668,0.9666666666666668,14.666666666666666
2024-03-29 04:00:00,1.8499999999999999,113.66666666666667,759.1,3.0,13.0
2024-03-29 05:00:00,1.5166666666666666,147.83333333333334,759.75,4.116666666666666,13.166666666666666
2024-03-29 06:00:00,3.9499999999999997,35.5,760.1333333333333,4.866666666666666,14.0
2024-03-29 07:00:00,2.0500000000000003,105.83333333333333,760.0500000000001,6.233333333333333,12.166666666666666
2024-03-29 08:00:00,3.8333333333333335,230.33333333333334,760.0166666666668,6.45,21.5
2024-03-29 09:00:00,4.333333333333333,230.83333333333334,759.7833333333333,6.833333333333333,22.333333333333332
2024-03-29 10:00:00,4.55,236.83333333333334,759.3833333333333,7.233333333333333,27.333333333333332
2024-03-29 11:00:00,3.966666666666667,249.33333333333334,759.1333333333333,7.283333333333334,32.5
2024-03-29 12:00:00,4.45,244.5,759.0333333333333,7.383333333333333,32.5
2024-03-29 13:00:00,4.283333333333334,252.33333333333334,759.2666666666668,6.8,32.0
2024-03-29 14:00:00,3.9166666666666665,256.3333333333333,759.4,5.333333333333333,33.166666666666664
2024-03-29 15:00:00,2.533333333333333,274.0,759.6166666666667,3.533333333333333,36.166666666666664
2024-03-29 16:00:00,1.0333333333333334,305.8333333333333,759.6999999999999,2.6333333333333333,38.833333333333336
2024-03-29 17:00:00,0.85,238.33333333333334,760.2166666666667,1.1166666666666667,44.333333333333336
2024-03-29 18:00:00,1.8166666666666667,329.0,760.6166666666667,0.5833333333333334,45.833333333333336
2024-03-29 19:00:00,0.8666666666666667,114.5,760.6166666666667,0.5666666666666667,41.5
2024-03-29 20:00:00,1.3833333333333335,105.33333333333333,760.1999999999999,0.11666666666666668,41.333333333333336
2024-03-29 21:00:00,1.1333333333333333,134.16666666666666,760.1500000000001,-0.10000000000000002,40.333333333333336
2024-03-29 22:00:00,0.9166666666666666,193.33333333333334,760.1166666666667,0.5,37.5
2024-03-29 23:00:00,1.8,344.0,759.9499999999999,-0.3,41.0
2024-03-30 00:00:00,1.7833333333333332,344.6666666666667,759.9333333333334,-0.5666666666666667,40.333333333333336
2024-03-30 01:00:00,2.0833333333333335,351.1666666666667,760.0,-0.7833333333333333,40.5
2024-03-30 02:00:00,1.7166666666666668,236.33333333333334,760.25,-0.2833333333333333,35.166666666666664
2024-03-30 03:00:00,0.7666666666666666,185.5,760.6666666666666,2.3666666666666667,31.666666666666668
2024-03-30 04:00:00,0.5833333333333334,197.83333333333334,760.7166666666667,5.516666666666667,23.166666666666668
2024-03-30 05:00:00,1.7833333333333332,247.83333333333334,760.9166666666666,5.766666666666667,22.666666666666668
2024-03-30 06:00:00,2.766666666666667,238.0,761.2166666666667,6.416666666666667,24.5
2024-03-30 07:00:00,3.516666666666667,235.83333333333334,761.4166666666666,7.233333333333333,25.0
2024-03-30 08:00:00,3.0500000000000003,213.66666666666666,761.3333333333334,7.933333333333334,23.333333333333332
2024-03-30 09:00:00,3.5833333333333335,219.16666666666666,761.0333333333333,8.783333333333333,22.333333333333332
2024-03-30 10:00:00,3.9499999999999997,235.66666666666666,760.65,9.283333333333333,23.333333333333332
2024-03-30 11:00:00,3.3666666666666667,239.33333333333334,760.4333333333334,9.366666666666667,24.5
2024-03-30 12:00:00,2.4833333333333334,246.33333333333334,760.2333333333332,9.083333333333334,25.666666666666668
2024-03-30 13:00:00,2.0833333333333335,238.0,760.2166666666667,8.533333333333333,26.666666666666668
2024-03-30 14:00:00,2.716666666666667,239.66666666666666,760.5500000000001,7.216666666666666,29.0
2024-03-30 15:00:00,1.75,263.3333333333333,760.8666666666667,5.433333333333334,32.166666666666664
2024-03-30 16:00:00,0.06666666666666667,199.83333333333334,761.0833333333334,4.416666666666667,34.833333333333336
2024-03-30 17:00:00,1.0166666666666666,317.0,761.3666666666667,3.516666666666666,37.5
2024-03-30 18:00:00,0.3333333333333333,78.0,761.3166666666666,3.1666666666666665,37.333333333333336
2024-03-30 19:00:00,0.6833333333333332,195.0,761.2666666666668,2.733333333333333,36.166666666666664
2024-03-30 20:00:00,1.4333333333333333,163.83333333333334,761.1333333333333,3.2833333333333337,30.333333333333332
2024-03-30 21:00:00,0.5166666666666667,236.33333333333334,761.3333333333334,3.0833333333333335,29.5
2024-03-30 22:00:00,1.2166666666666666,194.5,761.0333333333333,2.966666666666667,28.833333333333332
2024-03-30 23:00:00,0.8833333333333333,27.833333333333332,760.5666666666666,2.3833333333333333,30.5
2024-03-31 00:00:00,0.26666666666666666,59.833333333333336,760.4499999999999,2.966666666666667,27.666666666666668
2024-03-31 01:00:00,0.2833333333333334,46.333333333333336,760.5833333333334,3.6166666666666667,26.333333333333332
2024-03-31 02:00:00,1.3833333333333335,284.6666666666667,760.75,2.733333333333333,29.166666666666668
2024-03-31 03:00:00,0.5499999999999999,313.0,760.9666666666667,4.1000000000000005,26.0
2024-03-31 04:00:00,1.1833333333333333,255.0,760.9333333333334,6.2,19.333333333333332
2024-03-31 05:00:00,3.0500000000000003,260.0,761.2833333333333,6.716666666666666,19.5
2024-03-31 06:00:00,3.35,250.5,761.4333333333334,7.233333333333333,22.333333333333332
2024-03-31 07:00:00,3.65,253.83333333333334,761.35,8.1,20.5
2024-03-31 08:00:00,3.233333333333333,255.33333333333334,761.0166666666668,8.6,19.5
2024-03-31 09:00:00,3.883333333333333,243.83333333333334,760.6,9.266666666666667,21.333333333333332
2024-03-31 10:00:00,4.516666666666667,248.16666666666666,760.25,9.983333333333333,22.166666666666668
2024-03-31 11:00:00,4.166666666666667,245.83333333333334,760.1166666666667,9.616666666666667,25.833333333333332
2024-03-31 12:00:00,3.4000000000000004,146.0,760.0333333333333,8.950000000000001,28.833333333333332
2024-03-31 13:00:00,2.9333333333333336,81.16666666666667,760.0,8.083333333333334,33.333333333333336
2024-03-31 14:00:00,5.066666666666666,20.666666666666668,760.1833333333334,6.483333333333333,37.666666666666664
2024-03-31 15:00:00,7.483333333333333,14.0,760.25,4.716666666666667,45.833333333333336
2024-03-31 16:00:00,8.366666666666667,8.166666666666666,760.6,4.183333333333333,41.0
2024-03-31 17:00:00,4.8500000000000005,143.66666666666666,761.3666666666667,3.233333333333333,35.0
2024-03-31 18:00:00,6.433333333333333,84.0,761.2833333333333,2.5166666666666666,38.0
2024-03-31 19:00:00,2.55,39.666666666666664,761.0833333333334,2.1166666666666667,31.5
2024-03-31 20:00:00,4.916666666666667,30.333333333333332,760.8333333333334,1.8499999999999999,32.833333333333336
2024-03-31 21:00:00,8.633333333333333,20.5,760.15,3.266666666666667,28.833333333333332
2024-03-31 22:00:00,8.5,125.66666666666667,759.7166666666667,4.083333333333333,26.0
2024-03-31 23:00:00,5.316666666666666,327.3333333333333,759.5500000000001,4.25,26.5
2024-04-01 00:00:00,2.283333333333333,251.5,759.6333333333333,3.1,29.166666666666668
2024-04-01 01:00:00,2.316666666666667,316.0,759.9333333333334,2.6999999999999997,34.333333333333336
2024-04-01 02:00:00,2.1666666666666665,312.1666666666667,760.1500000000001,3.0999999999999996,35.166666666666664
2024-04-01 03:00:00,4.233333333333333,336.5,760.2666666666668,4.05,33.0
2024-04-01 04:00:00,4.6000000000000005,299.1666666666667,760.4833333333332,5.416666666666667,30.166666666666668
2024-04-01 05:00:00,2.4499999999999997,242.16666666666666,760.85,6.25,30.333333333333332
2024-04-01 06:00:00,3.016666666666667,235.83333333333334,760.9833333333332,6.616666666666667,33.5
2024-04-01 07:00:00,3.75,226.83333333333334,760.65,7.3,32.5
2024-04-01 08:00:00,4.316666666666666,232.66666666666666,760.4833333333332,8.233333333333333,33.333333333333336
2024-04-01 09:00:00,3.8833333333333333,245.5,760.1333333333333,8.65,33.166666666666664
2024-04-01 10:00:00,3.3000000000000003,254.16666666666666,759.9499999999999,7.716666666666666,34.833333333333336
2024-04-01 11:00:00,3.9,236.33333333333334,759.5833333333334,8.0,34.166666666666664
2024-04-01 12:00:00,4.316666666666666,241.83333333333334,759.3166666666666,9.200000000000001,32.333333333333336
2024-04-01 13:00:00,2.9000000000000004,259.6666666666667,759.3166666666666,7.733333333333333,34.5
2024-04-01 14:00:00,1.8666666666666665,99.0,759.2999999999998,6.783333333333334,38.166666666666664
2024-04-01 15:00:00,1.9333333333333336,94.16666666666667,759.4166666666666,5.2,47.0
2024-04-01 16:00:00,1.5,99.5,759.65,4.133333333333334,52.0
2024-04-01 17:00:00,2.966666666666667,124.0,759.9,3.4,58.0
2024-04-01 18:00:00,3.0666666666666664,117.0,759.9166666666666,2.983333333333333,56.5
2024-04-01 19:00:00,2.6,95.33333333333333,759.8666666666667,2.216666666666667,50.0
2024-04-01 20:00:00,2.3000000000000003,81.16666666666667,759.6666666666666,1.25,53.666666666666664
2024-04-01 21:00:00,2.1333333333333333,68.5,759.5166666666668,0.7833333333333333,54.0
2024-04-01 22:00:00,0.9666666666666667,65.33333333333333,759.1833333333334,0.9166666666666666,46.166666666666664
2024-04-01 23:00:00,0.7999999999999999,278.8333333333333,758.8666666666667,0.6666666666666666,40.5
2024-04-02 00:00:00,1.15,312.1666666666667,758.7999999999998,0.18333333333333335,44.166666666666664
2024-04-02 01:00:00,1.0,290.1666666666667,758.8166666666666,0.7999999999999999,39.833333333333336
2024-04-02 02:00:00,0.3333333333333333,246.5,759.0666666666666,-0.08333333333333333,42.0
2024-04-02 03:00:00,0.16666666666666666,181.5,759.4166666666666,1.8,37.666666666666664
2024-04-02 04:00:00,1.4666666666666668,258.0,759.6166666666667,3.6166666666666667,38.166666666666664
2024-04-02 05:00:00,2.6999999999999997,231.16666666666666,759.9499999999999,4.133333333333334,43.333333333333336
2024-04-02 06:00:00,3.5499999999999994,242.0,760.1,5.433333333333334,46.333333333333336
2024-04-02 07:00:00,3.9166666666666665,227.16666666666666,760.0333333333333,6.233333333333333,43.0
2024-04-02 08:00:00,4.166666666666667,241.33333333333334,759.75,7.366666666666667,41.5
2024-04-02 09:00:00,4.066666666666666,233.5,759.4,7.849999999999999,41.333333333333336
2024-04-02 10:00:00,4.7,238.66666666666666,759.0666666666666,8.383333333333333,41.0
2024-04-02 11:00:00,4.516666666666667,235.83333333333334,758.8333333333334,8.516666666666667,39.666666666666664
2024-04-02 12:00:00,3.9666666666666663,249.5,758.6333333333333,8.799999999999999,38.0
2024-04-02 13:00:00,3.65,249.0,758.5,8.049999999999999,40.0
2024-04-02 14:00:00,3.25,255.16666666666666,758.4166666666666,6.666666666666667,44.0
2024-04-02 15:00:00,2.516666666666667,255.83333333333334,758.4833333333332,5.016666666666667,49.0
2024-04-02 16:00:00,1.6833333333333336,264.8333333333333,758.9,3.75,53.833333333333336
2024-04-02 17:00:00,0.9333333333333332,305.3333333333333,759.1166666666667,3.266666666666667,55.166666666666664
2024-04-02 18:00:00,0.4666666666666666,126.16666666666667,759.2166666666667,2.3000000000000003,60.0
2024-04-02 19:00:00,0.5166666666666667,62.666666666666664,759.2166666666667,1.5999999999999999,65.0
2024-04-02 20:00:00,0.16666666666666666,192.16666666666666,759.0166666666668,1.2666666666666666,66.0
2024-04-02 21:00:00,1.2,331.3333333333333,758.9,1.25,65.66666666666667
2024-04-02 22:00:00,0.06666666666666667,327.5,758.65,1.4333333333333333,59.833333333333336
2024-04-02 23:00:00,0.9833333333333334,320.3333333333333,758.2833333333333,0.9333333333333335,55.5
2024-04-03 00:00:00,1.1500000000000001,316.8333333333333,758.1166666666667,0.15,59.166666666666664
2024-04-03 01:00:00,0.11666666666666665,159.16666666666666,758.0166666666668,0.9333333333333332,53.666666666666664
2024-04-03 02:00:00,0.3833333333333333,183.0,758.0500000000001,0.7666666666666666,58.0
2024-04-03 03:00:00,1.5166666666666666,260.6666666666667,758.1666666666666,2.15,55.833333333333336
2024-04-03 04:00:00,2.85,259.8333333333333,758.4,4.533333333333333,48.666666666666664
2024-04-03 05:00:00,3.1166666666666667,245.16666666666666,758.7666666666668,5.8,43.0
2024-04-03 06:00:00,3.766666666666667,231.83333333333334,758.8166666666666,6.633333333333333,41.0
2024-04-03 07:00:00,4.05,234.83333333333334,758.6666666666666,7.683333333333334,39.333333333333336
2024-04-03 08:00:00,4.3,241.5,758.1833333333334,8.733333333333334,37.166666666666664
2024-04-03 09:00:00,4.333333333333333,241.66666666666666,757.6833333333334,9.483333333333333,33.833333333333336
2024-04-03 10:00:00,4.616666666666666,237.5,757.1999999999999,10.15,31.5
2024-04-03 11:00:00,4.116666666666666,244.0,756.9333333333334,10.416666666666666,30.5
2024-04-03 12:00:00,3.8833333333333333,239.16666666666666,756.7999999999998,10.083333333333334,31.0
2024-04-03 13:00:00,3.9499999999999997,245.5,756.7333333333332,9.783333333333333,31.5
2024-04-03 14:00:00,4.166666666666667,247.66666666666666,756.8166666666666,8.75,30.833333333333332
2024-04-03 15:00:00,2.2333333333333334,268.5,757.0166666666668,7.033333333333334,33.0
2024-04-03 16:00:00,1.0,313.0,757.3166666666666,5.366666666666667,38.166666666666664
2024-04-03 17:00:00,0.39999999999999997,261.8333333333333,757.5,4.8999999999999995,39.333333333333336
2024-04-03 18:00:00,0.45,267.0,757.6,4.683333333333334,39.5
2024-04-03 19:00:00,0.5166666666666667,304.6666666666667,757.6833333333334,4.1499999999999995,42.0
2024-04-03 20:00:00,1.3499999999999999,335.1666666666667,757.5166666666668,2.5500000000000003,48.5
2024-04-03 21:00:00,0.13333333333333333,129.0,757.3000000000001,3.3333333333333335,45.166666666666664
2024-04-03 22:00:00,0.9,268.8333333333333,756.8166666666666,3.85,42.166666666666664
2024-04-03 23:00:00,1.3166666666666667,282.6666666666667,756.6333333333333,4.1499999999999995,41.0
2024-04-04 00:00:00,0.26666666666666666,292.5,756.5833333333334,3.3833333333333333,42.666666666666664
2024-04-04 01:00:00,0.21666666666666667,251.0,756.6,3.6666666666666665,41.666666666666664
2024-04-04 02:00:00,1.8833333333333335,291.5,756.9499999999999,4.9,39.166666666666664
2024-04-04 03:00:00,2.4833333333333334,274.0,757.4833333333332,5.866666666666667,38.5
2024-04-04 04:00:00,3.1833333333333336,264.0,757.8333333333334,8.133333333333333,34.666666666666664
2024-04-04 05:00:00,2.9166666666666665,231.83333333333334,758.2333333333332,9.5,32.166666666666664
2024-04-04 06:00:00,3.283333333333333,236.66666666666666,758.4333333333334,10.450000000000001,30.666666666666668
2024-04-04 07:00:00,4.0,233.0,758.3666666666667,11.333333333333334,30.0
2024-04-04 08:00:00,4.2,234.16666666666666,758.2166666666667,11.933333333333332,29.333333333333332
2024-04-04 09:00:00,4.816666666666666,241.66666666666666,758.0333333333333,12.866666666666667,28.166666666666668
2024-04-04 10:00:00,4.283333333333333,240.0,757.8833333333333,13.266666666666666,26.833333333333332
2024-04-04 11:00:00,4.333333333333333,228.83333333333334,757.8166666666666,13.483333333333334,25.5
2024-04-04 12:00:00,3.983333333333333,240.0,757.85,13.383333333333333,25.333333333333332
2024-04-04 13:00:00,4.15,247.16666666666666,758.2333333333332,13.183333333333332,24.833333333333332
2024-04-04 14:00:00,3.733333333333333,246.16666666666666,758.5166666666668,11.533333333333333,25.5
2024-04-04 15:00:00,2.3000000000000003,260.6666666666667,758.9499999999999,9.883333333333333,28.333333333333332
2024-04-04 16:00:00,0.65,201.66666666666666,759.4499999999999,7.55,36.333333333333336
2024-04-04 17:00:00,0.18333333333333335,95.33333333333333,759.7166666666667,8.366666666666667,33.5
2024-04-04 18:00:00,0.21666666666666667,47.666666666666664,759.8166666666666,7.616666666666667,35.833333333333336
2024-04-04 19:00:00,0.38333333333333336,93.66666666666667,759.6166666666667,7.083333333333333,35.833333333333336
2024-04-04 20:00:00,0.5499999999999999,209.0,759.4333333333334,6.8,35.166666666666664
2024-04-04 21:00:00,0.35000000000000003,247.16666666666666,759.3166666666666,6.366666666666667,36.166666666666664
2024-04-04 22:00:00,0.7166666666666667,239.0,759.1999999999999,6.25,36.833333333333336
2024-04-04 23:00:00,0.11666666666666668,100.33333333333333,758.9166666666666,7.033333333333334,34.833333333333336
2024-04-05 00:00:00,0.11666666666666665,71.83333333333333,758.9666666666667,6.633333333333333,36.0
2024-04-05 01:00:00,1.4666666666666668,232.83333333333334,759.0333333333333,5.8999999999999995,39.5
2024-04-05 02:00:00,1.2333333333333334,189.0,759.25,5.566666666666666,41.333333333333336
2024-04-05 03:00:00,0.2833333333333333,191.5,759.65,8.866666666666667,35.333333333333336
2024-04-05 04:00:00,0.4166666666666667,251.5,759.8499999999999,11.183333333333332,29.0
2024-04-05 05:00:00,2.9,245.83333333333334,760.1,12.200000000000001,28.333333333333332
2024-04-05 06:00:00,4.416666666666667,237.66666666666666,760.0666666666666,13.049999999999999,27.166666666666668
2024-04-05 07:00:00,5.016666666666667,239.83333333333334,759.8499999999999,13.633333333333333,26.666666666666668
2024-04-05 08:00:00,5.483333333333333,243.66666666666666,759.6999999999999,14.200000000000001,26.166666666666668
2024-04-05 09:00:00,4.716666666666667,251.66666666666666,759.4166666666666,14.75,25.0
2024-04-05 10:00:00,4.75,237.16666666666666,759.0166666666668,14.799999999999999,26.166666666666668
2024-04-05 11:00:00,4.716666666666666,240.16666666666666,758.5666666666666,14.85,25.0
2024-04-05 12:00:00,4.466666666666666,243.33333333333334,758.4,14.816666666666668,22.666666666666668
2024-04-05 13:00:00,4.466666666666667,242.5,758.4833333333332,14.216666666666667,23.5
2024-04-05 14:00:00,4.133333333333333,263.1666666666667,758.6166666666667,13.033333333333333,23.0
2024-04-05 15:00:00,2.0166666666666666,268.3333333333333,758.9166666666666,10.966666666666667,23.833333333333332
2024-04-05 16:00:00,0.5833333333333334,97.16666666666667,759.3666666666667,9.566666666666666,27.166666666666668
2024-04-05 17:00:00,1.8333333333333333,74.0,759.6333333333333,8.0,35.833333333333336
2024-04-05 18:00:00,1.4500000000000002,88.33333333333333,759.6,7.316666666666666,38.666666666666664
2024-04-05 19:00:00,1.0166666666666666,71.83333333333333,759.4666666666667,7.116666666666667,37.166666666666664
2024-04-05 20:00:00,1.0,68.16666666666667,759.3499999999999,6.633333333333333,36.0
2024-04-05 21:00:00,0.9500000000000001,79.66666666666667,759.2666666666668,6.2,37.333333333333336
2024-04-05 22:00:00,1.0666666666666667,67.33333333333333,759.2166666666667,6.016666666666667,38.5
2024-04-05 23:00:00,0.8666666666666667,62.333333333333336,759.1833333333334,6.833333333333333,35.333333333333336
2024-04-06 00:00:00,0.8666666666666667,223.33333333333334,759.25,7.666666666666667,33.5
2024-04-06 01:00:00,1.8499999999999999,323.1666666666667,759.4,7.050000000000001,39.833333333333336
2024-04-06 02:00:00,3.233333333333333,191.83333333333334,759.6,6.5,43.0
2024-04-06 03:00:00,0.8166666666666668,82.83333333333333,759.8000000000001,9.116666666666667,37.666666666666664
2024-04-06 04:00:00,0.75,130.16666666666666,760.15,12.5,31.5
2024-04-06 05:00:00,1.8666666666666665,204.33333333333334,760.5833333333334,12.683333333333332,28.5
2024-04-06 06:00:00,3.0500000000000003,253.5,760.6666666666666,13.483333333333334,27.333333333333332
2024-04-06 07:00:00,3.6666666666666665,267.3333333333333,760.5666666666666,14.200000000000001,24.833333333333332
2024-04-06 08:00:00,3.65,249.66666666666666,760.3166666666666,14.549999999999999,25.0
2024-04-06 09:00:00,3.5666666666666664,250.66666666666666,759.9833333333332,14.9,27.0
2024-04-06 10:00:00,3.65,250.33333333333334,759.6333333333333,15.366666666666667,26.0
2024-04-06 11:00:00,4.3999999999999995,254.33333333333334,759.25,15.25,24.666666666666668
2024-04-06 12:00:00,3.766666666666667,258.1666666666667,759.0666666666666,14.75,24.333333333333332
2024-04-06 13:00:00,2.783333333333333,243.66666666666666,759.0,14.200000000000001,21.5
2024-04-06 14:00:00,1.9666666666666668,252.66666666666666,759.0833333333334,12.9,20.833333333333332
2024-04-06 15:00:00,0.3333333333333333,141.33333333333334,759.2333333333332,10.033333333333333,30.5
2024-04-06 16:00:00,0.7833333333333333,44.833333333333336,759.6333333333333,9.166666666666666,34.166666666666664
2024-04-06 17:00:00,3.9333333333333336,44.166666666666664,759.75,9.75,32.0
2024-04-06 18:00:00,1.8499999999999999,73.5,759.7166666666667,9.200000000000001,33.166666666666664
2024-04-06 19:00:00,1.7166666666666668,67.0,759.6,7.883333333333333,36.833333333333336
2024-04-06 20:00:00,1.9333333333333333,73.0,759.4333333333334,7.583333333333333,38.166666666666664
2024-04-06 21:00:00,1.7,73.66666666666667,759.2333333333332,7.516666666666667,37.166666666666664
2024-04-06 22:00:00,1.4166666666666667,86.5,759.0500000000001,7.6499999999999995,36.0
2024-04-06 23:00:00,1.1166666666666667,86.5,758.8166666666666,8.466666666666667,33.0
2024-04-07 00:00:00,1.3,87.5,758.5500000000001,8.0,34.5
2024-04-07 01:00:00,1.5999999999999999,85.66666666666667,758.5,7.833333333333333,37.0
2024-04-07 02:00:00,1.2166666666666666,82.16666666666667,758.6333333333333,7.716666666666666,40.166666666666664
2024-04-07 03:00:00,1.0,98.33333333333333,758.8666666666667,10.25,37.0
2024-04-07 04:00:00,2.466666666666667,80.0,759.0500000000001,11.9,32.5
2024-04-07 05:00:00,2.25,85.16666666666667,759.2166666666667,13.283333333333333,31.833333333333332
2024-04-07 06:00:00,3.1166666666666667,118.83333333333333,759.1666666666666,14.299999999999999,29.333333333333332
2024-04-07 07:00:00,3.0666666666666664,102.33333333333333,759.0666666666666,13.633333333333333,31.833333333333332
2024-04-07 08:00:00,2.183333333333333,97.0,758.5833333333334,14.316666666666668,29.333333333333332
2024-04-07 09:00:00,3.15,219.5,758.15,14.0,28.5
2024-04-07 10:00:00,3.3166666666666664,217.33333333333334,757.5500000000001,14.683333333333332,25.5
2024-04-07 11:00:00,2.033333333333333,112.33333333333333,756.9,14.833333333333334,23.5
2024-04-07 12:00:00,3.483333333333333,108.5,756.5833333333334,14.683333333333332,23.0
2024-04-07 13:00:00,2.6833333333333336,95.66666666666667,756.4333333333334,14.416666666666666,22.5
2024-04-07 14:00:00,2.1999999999999997,85.33333333333333,756.4333333333334,13.1,27.5
2024-04-07 15:00:00,2.216666666666667,94.83333333333333,756.5166666666668,11.783333333333333,32.0
2024-04-07 16:00:00,2.9499999999999997,103.83333333333333,756.8666666666667,10.1,38.666666666666664
2024-04-07 17:00:00,3.3000000000000003,101.66666666666667,757.1666666666666,9.6,41.0
2024-04-07 18:00:00,3.466666666666667,93.33333333333333,757.1999999999999,9.799999999999999,40.833333333333336
2024-04-07 19:00:00,2.6999999999999997,80.33333333333333,756.9166666666666,9.733333333333333,41.166666666666664
2024-04-07 20:00:00,4.6499999999999995,69.83333333333333,756.5166666666668,9.549999999999999,41.5
2024-04-07 21:00:00,4.033333333333333,102.0,756.5666666666666,8.483333333333333,46.5
2024-04-07 22:00:00,3.15,87.33333333333333,756.3166666666666,8.233333333333334,48.833333333333336
2024-04-07 23:00:00,2.566666666666667,87.0,756.15,8.483333333333334,46.666666666666664
2024-04-08 00:00:00,2.25,80.66666666666667,756.3833333333333,7.166666666666667,53.666666666666664
2024-04-08 01:00:00,2.3833333333333333,81.83333333333333,756.7333333333332,6.383333333333333,56.833333333333336
2024-04-08 02:00:00,1.8166666666666667,86.5,757.1333333333333,6.166666666666667,59.5
2024-04-08 03:00:00,2.6833333333333336,78.66666666666667,757.5166666666668,7.633333333333333,54.833333333333336
2024-04-08 04:00:00,2.1999999999999997,98.16666666666667,757.8666666666667,9.433333333333334,48.333333333333336
2024-04-08 05:00:00,0.9666666666666667,132.0,758.35,11.466666666666667,41.333333333333336
2024-04-08 06:00:00,2.966666666666667,249.33333333333334,758.8166666666666,12.200000000000001,38.166666666666664
2024-04-08 07:00:00,2.8166666666666664,267.3333333333333,758.7333333333332,13.066666666666668,35.0
2024-04-08 08:00:00,3.3666666666666667,257.0,758.5333333333333,13.416666666666666,33.5
2024-04-08 09:00:00,4.266666666666667,247.66666666666666,758.3166666666666,13.916666666666666,36.0
2024-04-08 10:00:00,3.8000000000000003,247.33333333333334,758.1,14.783333333333333,33.833333333333336
2024-04-08 11:00:00,4.5,241.5,758.0166666666668,15.6,30.333333333333332
2024-04-08 12:00:00,4.466666666666667,246.16666666666666,758.2166666666667,15.033333333333333,29.5
2024-04-08 13:00:00,4.416666666666667,247.83333333333334,758.4333333333334,14.700000000000001,27.666666666666668
2024-04-08 14:00:00,2.966666666666667,188.83333333333334,758.7833333333333,12.733333333333334,33.333333333333336
2024-04-08 15:00:00,2.466666666666667,85.83333333333333,759.4333333333334,8.983333333333333,51.833333333333336
2024-04-08 16:00:00,6.866666666666667,29.666666666666668,760.0166666666668,9.533333333333333,47.166666666666664
2024-04-08 17:00:00,8.416666666666666,10.166666666666666,760.3000000000001,9.683333333333334,44.5
2024-04-08 18:00:00,1.0333333333333334,150.66666666666666,760.6,9.316666666666666,43.0
2024-04-08 19:00:00,1.5499999999999998,120.5,760.7166666666667,8.700000000000001,43.5
2024-04-08 20:00:00,2.3000000000000003,113.16666666666667,760.7333333333332,8.116666666666667,46.0
2024-04-08 21:00:00,2.6666666666666665,64.33333333333333,760.7000000000002,6.783333333333334,50.833333333333336
2024-04-08 22:00:00,1.7333333333333334,75.5,760.75,6.283333333333334,49.666666666666664
2024-04-08 23:00:00,1.1166666666666667,65.5,760.7000000000002,6.1499999999999995,48.833333333333336
2024-04-09 00:00:00,1.5666666666666667,88.16666666666667,760.75,6.3,48.5
2024-04-09 01:00:00,0.6333333333333333,74.0,760.9666666666667,6.666666666666667,48.166666666666664
2024-04-09 02:00:00,0.5333333333333333,54.0,761.2833333333333,5.983333333333333,51.333333333333336
2024-04-09 03:00:00,0.7333333333333334,160.5,761.75,9.233333333333334,43.5
2024-04-09 04:00:00,1.2333333333333332,141.0,762.1,11.816666666666668,35.5
2024-04-09 05:00:00,1.4666666666666668,262.5,762.4499999999999,12.466666666666667,35.166666666666664
2024-04-09 06:00:00,1.8833333333333335,234.0,762.6666666666666,13.316666666666668,32.833333333333336
2024-04-09 07:00:00,2.2166666666666663,230.16666666666666,762.5666666666666,14.233333333333334,30.5
2024-04-09 08:00:00,3.266666666666667,234.83333333333334,762.2166666666667,15.033333333333333,29.0
2024-04-09 09:00:00,4.05,231.0,762.0666666666666,15.416666666666666,28.333333333333332
2024-04-09 10:00:00,3.5833333333333335,245.0,761.7833333333333,15.716666666666667,27.833333333333332
2024-04-09 11:00:00,3.1999999999999997,240.16666666666666,761.4666666666667,15.950000000000001,27.333333333333332
2024-04-09 12:00:00,3.3333333333333335,249.16666666666666,761.3166666666666,15.633333333333333,26.833333333333332
2024-04-09 13:00:00,2.733333333333333,258.5,761.2833333333333,15.333333333333334,27.333333333333332
2024-04-09 14:00:00,2.4833333333333334,255.0,761.25,14.016666666666666,30.166666666666668
2024-04-09 15:00:00,1.0,254.66666666666666,761.4666666666667,12.200000000000001,34.5
2024-04-09 16:00:00,0.3666666666666667,266.3333333333333,761.9,11.766666666666666,37.166666666666664
2024-04-09 17:00:00,0.16666666666666666,78.16666666666667,762.0500000000001,11.416666666666666,40.166666666666664
2024-04-09 18:00:00,0.8500000000000001,92.33333333333333,761.9,11.316666666666668,39.166666666666664
2024-04-09 19:00:00,1.5333333333333332,77.5,761.5333333333333,11.0,39.0
2024-04-09 20:00:00,2.35,72.83333333333333,761.3166666666666,11.133333333333333,38.166666666666664
2024-04-09 21:00:00,2.433333333333333,84.16666666666667,761.0333333333333,11.433333333333332,36.833333333333336
2024-04-09 22:00:00,2.9,97.66666666666667,760.8833333333333,11.616666666666667,35.666666666666664
2024-04-09 23:00:00,1.5833333333333333,106.16666666666667,760.7166666666667,11.200000000000001,38.833333333333336
2024-04-10 00:00:00,1.4666666666666668,87.66666666666667,760.4666666666667,10.716666666666667,42.0
2024-04-10 01:00:00,2.766666666666667,70.66666666666667,760.3166666666666,10.65,41.166666666666664
2024-04-10 02:00:00,2.4499999999999997,81.0,760.2000000000002,10.366666666666667,43.166666666666664
2024-04-10 03:00:00,2.1,92.66666666666667,760.1500000000001,11.566666666666668,39.833333333333336
2024-04-10 04:00:00,3.283333333333333,85.5,760.1500000000001,12.65,34.5
2024-04-10 05:00:00,3.783333333333333,100.66666666666667,760.2000000000002,13.5,31.666666666666668
2024-04-10 06:00:00,3.6333333333333333,99.66666666666667,760.1333333333333,14.333333333333334,30.0
2024-04-10 07:00:00,3.0833333333333335,117.16666666666667,759.65,15.049999999999999,27.833333333333332
2024-04-10 08:00:00,2.9333333333333336,140.66666666666666,758.9499999999999,15.0,27.666666666666668
2024-04-10 09:00:00,3.6999999999999997,114.16666666666667,758.4333333333334,16.066666666666666,25.833333333333332
2024-04-10 10:00:00,3.716666666666667,100.16666666666667,757.8000000000001,16.083333333333332,26.0
2024-04-10 11:00:00,3.283333333333333,110.66666666666667,757.2833333333333,15.833333333333334,26.833333333333332
2024-04-10 12:00:00,2.6999999999999997,121.16666666666667,756.6166666666667,15.116666666666667,28.0
2024-04-10 13:00:00,2.566666666666667,169.83333333333334,756.2333333333332,14.433333333333332,26.0
2024-04-10 14:00:00,1.9333333333333333,168.83333333333334,756.6333333333333,12.116666666666667,36.833333333333336
2024-04-10 15:00:00,2.6,91.16666666666667,756.6999999999999,10.75,46.0
2024-04-10 16:00:00,3.3166666666666664,137.33333333333334,757.4499999999999,8.5,66.5
2024-04-10 17:00:00,2.9333333333333336,175.66666666666666,757.7833333333333,5.833333333333333,94.0
2024-04-10 18:00:00,4.116666666666666,57.5,757.2166666666667,5.416666666666667,95.25
2024-04-10 19:00:00,2.75,89.83333333333333,756.4666666666667,6.233333333333333,96.5
2024-04-10 20:00:00,3.6666666666666665,85.0,755.6166666666667,7.45,77.66666666666667
2024-04-10 21:00:00,3.5833333333333335,76.66666666666667,754.7166666666667,7.683333333333334,68.83333333333333
2024-04-10 22:00:00,3.283333333333333,207.33333333333334,754.4666666666667,6.0,80.66666666666667
2024-04-10 23:00:00,7.116666666666667,260.5,754.9833333333332,2.733333333333333,83.88888888888889
2024-04-11 00:00:00,3.8000000000000003,170.66666666666666,755.0333333333333,1.0833333333333333,87.11111111111111
2024-04-11 01:00:00,3.3000000000000003,86.33333333333333,753.6666666666666,1.55,
2024-04-11 02:00:00,1.4833333333333334,187.83333333333334,753.4166666666666,2.8666666666666667,
2024-04-11 03:00:00,0.5,128.66666666666666,753.5333333333333,3.4499999999999997,
2024-04-11 04:00:00,0.8333333333333334,232.33333333333334,753.7333333333332,4.316666666666666,100.0
2024-04-11 05:00:00,2.5,232.83333333333334,753.8666666666667,5.716666666666666,100.0
2024-04-11 06:00:00,1.8333333333333333,272.0,754.1833333333334,6.533333333333334,97.66666666666667
2024-04-11 07:00:00,3.65,236.5,754.1666666666666,7.95,100.0
2024-04-11 08:00:00,4.5,240.83333333333334,753.9666666666667,8.333333333333334,98.0
2024-04-11 09:00:00,4.583333333333333,251.33333333333334,753.8666666666667,7.833333333333333,94.33333333333333
2024-04-11 10:00:00,5.833333333333333,262.3333333333333,753.8499999999999,7.816666666666666,72.83333333333333
2024-04-11 11:00:00,5.8,260.5,753.8499999999999,8.533333333333333,55.833333333333336
2024-04-11 12:00:00,6.3,252.16666666666666,753.9666666666667,8.266666666666667,57.0
2024-04-11 13:00:00,4.383333333333333,260.5,754.3833333333333,8.166666666666666,57.166666666666664
2024-04-11 14:00:00,3.6,251.5,754.5666666666666,7.133333333333333,63.666666666666664
2024-04-11 15:00:00,2.216666666666667,255.16666666666666,754.7166666666667,6.233333333333333,73.33333333333333
2024-04-11 16:00:00,1.5333333333333332,158.83333333333334,754.75,5.3999999999999995,73.16666666666667
2024-04-11 17:00:00,1.8333333333333333,109.5,754.6500000000001,4.3,85.0
2024-04-11 18:00:00,1.8,117.5,754.3833333333333,4.183333333333333,75.16666666666667
2024-04-11 19:00:00,1.8833333333333335,114.83333333333333,754.4166666666666,3.5500000000000003,80.66666666666667
2024-04-11 20:00:00,3.1666666666666665,62.666666666666664,754.1333333333333,3.3000000000000003,76.66666666666667
2024-04-11 21:00:00,5.233333333333333,18.333333333333332,753.9333333333334,3.6833333333333336,69.0
2024-04-11 22:00:00,5.216666666666667,25.166666666666668,753.75,3.516666666666667,68.83333333333333
2024-04-11 23:00:00,6.1000000000000005,21.666666666666668,753.6333333333333,3.533333333333333,67.83333333333333
2024-04-12 00:00:00,9.883333333333333,16.0,753.3166666666666,2.5666666666666664,77.83333333333333
2024-04-12 01:00:00,11.783333333333333,21.333333333333332,753.1833333333334,2.35,80.66666666666667
2024-04-12 02:00:00,11.933333333333332,23.833333333333332,753.4166666666666,1.7666666666666666,89.83333333333333
2024-04-12 03:00:00,11.666666666666666,23.0,753.6666666666666,2.266666666666667,76.66666666666667
2024-04-12 04:00:00,11.35,24.0,754.0833333333334,2.4833333333333334,73.83333333333333
2024-04-12 05:00:00,10.083333333333334,37.833333333333336,754.2166666666667,3.4,60.833333333333336
2024-04-12 06:00:00,9.133333333333333,61.5,755.0166666666668,3.9499999999999997,65.16666666666667
2024-04-12 07:00:00,7.766666666666666,43.0,755.1999999999999,4.733333333333333,63.166666666666664
2024-04-12 08:00:00,6.583333333333333,86.66666666666667,755.1833333333334,4.816666666666666,62.333333333333336
2024-04-12 09:00:00,6.016666666666667,106.16666666666667,754.6333333333333,5.533333333333334,58.833333333333336
2024-04-12 10:00:00,4.683333333333334,112.83333333333333,754.5500000000001,5.133333333333334,57.5
2024-04-12 11:00:00,7.483333333333334,50.0,754.5500000000001,5.133333333333334,59.166666666666664
2024-04-12 12:00:00,9.016666666666667,25.666666666666668,754.75,4.716666666666667,60.166666666666664
2024-04-12 13:00:00,4.333333333333333,109.66666666666667,755.0833333333334,4.05,55.5
2024-04-12 14:00:00,6.833333333333333,236.66666666666666,755.1166666666667,2.9333333333333336,55.833333333333336
2024-04-12 15:00:00,5.8500000000000005,293.1666666666667,755.3333333333334,2.1333333333333333,35.5
2024-04-12 16:00:00,6.316666666666666,124.66666666666667,755.6833333333334,1.5833333333333333,20.166666666666668
2024-04-12 17:00:00,6.95,20.0,755.4166666666666,1.2333333333333334,16.666666666666668
2024-04-12 18:00:00,3.216666666666667,156.66666666666666,754.6999999999999,2.6166666666666667,19.666666666666668
2024-04-12 19:00:00,5.283333333333333,115.0,754.4166666666666,1.6333333333333335,27.833333333333332
2024-04-12 20:00:00,3.8499999999999996,151.5,754.2833333333333,1.2333333333333334,18.5
2024-04-12 21:00:00,5.083333333333333,260.0,753.7333333333332,1.3166666666666667,17.333333333333332
2024-04-12 22:00:00,4.75,320.3333333333333,753.2000000000002,3.1999999999999997,11.0
2024-04-12 23:00:00,3.6833333333333336,301.3333333333333,753.0166666666668,2.5500000000000003,13.333333333333334
2024-04-13 00:00:00,3.6833333333333336,317.6666666666667,753.0,1.7166666666666668,14.5
2024-04-13 01:00:00,2.2333333333333334,221.5,753.1999999999999,-0.3833333333333333,23.666666666666668
2024-04-13 02:00:00,2.4499999999999997,73.5,753.5500000000001,-1.2833333333333334,29.166666666666668
2024-04-13 03:00:00,2.0500000000000003,70.66666666666667,753.8333333333334,0.7833333333333332,31.833333333333332
2024-04-13 04:00:00,1.1,134.0,753.9,3.3833333333333333,31.833333333333332
2024-04-13 05:00:00,0.9666666666666668,153.33333333333334,754.1,4.016666666666667,29.833333333333332
2024-04-13 06:00:00,2.6166666666666667,254.83333333333334,754.2999999999998,4.466666666666667,47.833333333333336
2024-04-13 07:00:00,2.6166666666666667,229.16666666666666,754.2166666666667,4.7,47.5
2024-04-13 08:00:00,3.233333333333333,247.0,753.9666666666667,5.416666666666667,45.166666666666664
2024-04-13 09:00:00,3.0833333333333335,225.16666666666666,753.85,5.683333333333334,43.5
2024-04-13 10:00:00,3.216666666666667,250.16666666666666,753.5166666666668,6.033333333333334,42.666666666666664
2024-04-13 11:00:00,2.5500000000000003,238.83333333333334,753.2999999999998,6.083333333333333,46.0
2024-04-13 12:00:00,4.316666666666666,25.333333333333332,753.3000000000001,5.366666666666667,43.166666666666664
2024-04-13 13:00:00,6.5,20.333333333333332,753.4,4.75,44.833333333333336
2024-04-13 14:00:00,7.766666666666667,17.0,753.5833333333334,3.733333333333333,50.166666666666664
2024-04-13 15:00:00,8.716666666666667,14.666666666666666,753.85,2.85,55.5
2024-04-13 16:00:00,9.016666666666666,11.666666666666666,754.3000000000001,2.066666666666667,63.333333333333336
2024-04-13 17:00:00,2.6333333333333333,101.0,754.7833333333333,1.9333333333333333,61.5
2024-04-13 18:00:00,1.7333333333333334,89.66666666666667,754.9,0.75,70.83333333333333
2024-04-13 19:00:00,1.8833333333333335,71.83333333333333,754.9833333333332,0.6166666666666667,71.0
2024-04-13 20:00:00,0.46666666666666673,59.333333333333336,754.85,0.4166666666666667,73.5
2024-04-13 21:00:00,0.13333333333333333,240.83333333333334,754.5166666666668,1.7,70.16666666666667
2024-04-13 22:00:00,0.7000000000000001,301.6666666666667,754.3833333333333,1.5666666666666667,65.66666666666667
2024-04-13 23:00:00,2.733333333333333,342.0,754.1166666666667,0.11666666666666665,70.16666666666667
2024-04-14 00:00:00,0.45,285.3333333333333,754.0,0.3666666666666667,63.0
2024-04-14 01:00:00,0.7833333333333332,309.0,754.2166666666667,-0.15,67.16666666666667
2024-04-14 02:00:00,0.5833333333333334,316.5,754.6166666666667,-0.46666666666666673,69.66666666666667
2024-04-14 03:00:00,1.1333333333333333,300.5,755.0,2.15,55.833333333333336
2024-04-14 04:00:00,1.9333333333333336,252.83333333333334,755.1666666666666,3.8666666666666667,49.5
2024-04-14 05:00:00,2.4166666666666665,238.66666666666666,755.5166666666668,4.716666666666666,49.5
2024-04-14 06:00:00,3.6333333333333333,232.5,755.6500000000001,5.233333333333333,51.166666666666664
2024-04-14 07:00:00,3.65,237.66666666666666,755.6166666666667,6.55,47.333333333333336
2024-04-14 08:00:00,3.6999999999999997,246.16666666666666,755.3166666666666,7.383333333333333,45.333333333333336
2024-04-14 09:00:00,3.5500000000000003,240.83333333333334,755.1500000000001,7.5,44.5
2024-04-14 10:00:00,3.533333333333333,246.66666666666666,754.9833333333332,7.633333333333333,43.666666666666664
2024-04-14 11:00:00,3.6999999999999997,242.16666666666666,754.7999999999998,8.200000000000001,42.333333333333336
2024-04-14 12:00:00,4.3,248.83333333333334,754.8833333333333,8.549999999999999,42.833333333333336
2024-04-14 13:00:00,4.166666666666667,241.5,755.0166666666668,8.483333333333333,42.666666666666664
2024-04-14 14:00:00,3.35,247.0,755.3000000000001,7.183333333333334,45.833333333333336
2024-04-14 15:00:00,2.3000000000000003,254.0,755.85,5.716666666666666,50.166666666666664
2024-04-14 16:00:00,0.9833333333333334,289.6666666666667,756.35,4.616666666666666,54.666666666666664
2024-04-14 17:00:00,0.5499999999999999,114.16666666666667,756.9166666666666,3.4333333333333336,63.666666666666664
2024-04-14 18:00:00,0.5666666666666668,82.33333333333333,757.2166666666667,2.9,70.5
2024-04-14 19:00:00,0.8833333333333333,72.33333333333333,757.2999999999998,2.533333333333333,75.33333333333333
2024-04-14 20:00:00,0.75,63.0,757.3499999999999,2.5166666666666666,67.66666666666667
2024-04-14 21:00:00,0.7166666666666668,95.16666666666667,757.2833333333333,2.6166666666666667,61.833333333333336
2024-04-14 22:00:00,1.2333333333333334,339.0,757.2000000000002,1.8499999999999999,66.33333333333333
2024-04-14 23:00:00,2.316666666666667,342.6666666666667,757.2833333333333,1.75,67.16666666666667
2024-04-15 00:00:00,2.3333333333333335,339.3333333333333,757.3666666666667,1.5666666666666667,68.33333333333333
2024-04-15 01:00:00,1.2166666666666666,325.5,757.5666666666666,1.5833333333333333,67.66666666666667
2024-04-15 02:00:00,0.8500000000000001,284.1666666666667,757.9,1.95,66.5
2024-04-15 03:00:00,0.8166666666666668,239.0,758.1999999999999,4.3,58.333333333333336
2024-04-15 04:00:00,0.9333333333333332,259.5,758.5166666666668,6.216666666666666,49.0
2024-04-15 05:00:00,2.3000000000000003,224.33333333333334,758.9166666666666,6.95,48.166666666666664
2024-04-15 06:00:00,2.9166666666666665,237.33333333333334,759.1500000000001,8.033333333333333,44.833333333333336
2024-04-15 07:00:00,3.1833333333333336,235.66666666666666,759.1833333333334,8.583333333333334,43.5
2024-04-15 08:00:00,2.8000000000000003,219.83333333333334,759.0833333333334,9.283333333333333,39.833333333333336
2024-04-15 09:00:00,3.6166666666666667,248.33333333333334,758.9166666666666,10.216666666666667,38.5
2024-04-15 10:00:00,3.9166666666666665,252.16666666666666,758.7333333333332,10.75,37.833333333333336
2024-04-15 11:00:00,3.6166666666666667,257.3333333333333,758.8166666666666,10.65,37.166666666666664
2024-04-15 12:00:00,3.85,252.0,758.9499999999999,10.9,35.166666666666664
2024-04-15 13:00:00,3.3833333333333333,260.1666666666667,759.2166666666667,10.516666666666667,30.5
2024-04-15 14:00:00,1.6500000000000001,233.5,759.1,9.183333333333334,30.333333333333332
2024-04-15 15:00:00,0.9333333333333332,69.33333333333333,759.1666666666666,7.016666666666667,40.333333333333336
2024-04-15 16:00:00,1.7,80.66666666666667,759.9166666666666,5.833333333333333,49.833333333333336
2024-04-15 17:00:00,2.3333333333333335,69.16666666666667,760.3333333333334,4.8999999999999995,56.833333333333336
2024-04-15 18:00:00,2.3000000000000003,71.16666666666667,760.4666666666667,4.516666666666667,55.333333333333336
2024-04-15 19:00:00,2.1,71.83333333333333,760.6,4.5,52.833333333333336
2024-04-15 20:00:00,1.1500000000000001,74.0,760.5833333333334,4.7,50.333333333333336
2024-04-15 21:00:00,0.8166666666666668,139.33333333333334,760.3666666666667,4.3,48.333333333333336
2024-04-15 22:00:00,3.2833333333333337,347.8333333333333,760.0,4.05,47.833333333333336
2024-04-15 23:00:00,4.3500000000000005,349.6666666666667,759.5333333333333,3.983333333333333,47.0
2024-04-16 00:00:00,4.1499999999999995,178.5,758.7166666666667,4.6499999999999995,42.666666666666664
2024-04-16 01:00:00,4.05,28.333333333333332,759.1166666666667,5.616666666666667,38.833333333333336
2024-04-16 02:00:00,2.3833333333333333,135.66666666666666,760.65,5.866666666666667,40.333333333333336
2024-04-16 03:00:00,0.6833333333333332,163.16666666666666,761.1666666666666,6.566666666666666,40.333333333333336
2024-04-16 04:00:00,1.0,109.0,761.0666666666666,8.216666666666667,36.5
2024-04-16 05:00:00,2.1166666666666667,100.66666666666667,761.1166666666667,9.35,32.333333333333336
2024-04-16 06:00:00,3.283333333333333,49.166666666666664,761.1999999999999,10.533333333333333,29.0
2024-04-16 07:00:00,3.6666666666666665,236.5,761.1333333333333,10.633333333333333,35.166666666666664
2024-04-16 08:00:00,3.3666666666666667,244.66666666666666,761.0833333333334,11.299999999999999,34.166666666666664
2024-04-16 09:00:00,3.6166666666666667,238.16666666666666,760.85,11.216666666666667,34.333333333333336
2024-04-16 10:00:00,2.9333333333333336,240.5,760.3833333333333,11.083333333333334,33.833333333333336
2024-04-16 11:00:00,1.7,162.16666666666666,760.1833333333334,10.066666666666666,36.166666666666664
2024-04-16 12:00:00,2.1333333333333333,280.6666666666667,759.9833333333332,9.9,38.666666666666664
2024-04-16 13:00:00,1.8833333333333335,251.83333333333334,759.9,9.816666666666666,38.666666666666664
2024-04-16 14:00:00,2.033333333333333,77.0,760.2333333333332,8.966666666666667,40.166666666666664
2024-04-16 15:00:00,4.05,44.333333333333336,760.3833333333333,7.983333333333333,41.333333333333336
2024-04-16 16:00:00,6.233333333333333,41.333333333333336,760.4833333333332,7.183333333333334,44.166666666666664
2024-04-16 17:00:00,5.766666666666667,26.333333333333332,760.4833333333332,6.933333333333334,44.5
2024-04-16 18:00:00,3.75,37.5,760.4,6.733333333333333,43.5
2024-04-16 19:00:00,1.1,96.16666666666667,760.3333333333334,5.8999999999999995,47.833333333333336
2024-04-16 20:00:00,1.1333333333333333,81.5,759.9666666666667,5.7,47.333333333333336
2024-04-16 21:00:00,3.966666666666667,26.166666666666668,759.4499999999999,5.833333333333333,41.666666666666664
2024-04-16 22:00:00,4.9,14.833333333333334,758.9333333333334,5.666666666666667,43.0
2024-04-16 23:00:00,5.433333333333334,14.833333333333334,758.5166666666668,5.233333333333333,46.833333333333336
2024-04-17 00:00:00,5.1499999999999995,13.666666666666666,758.2333333333332,5.333333333333333,43.666666666666664
2024-04-17 01:00:00,4.983333333333333,16.833333333333332,758.2666666666668,5.0,41.333333333333336
2024-04-17 02:00:00,1.6166666666666665,91.66666666666667,758.5833333333334,5.283333333333334,40.833333333333336
2024-04-17 03:00:00,5.8999999999999995,18.5,758.5333333333333,6.333333333333333,40.0
2024-04-17 04:00:00,6.033333333333334,20.166666666666668,758.6500000000001,8.016666666666667,36.333333333333336
2024-04-17 05:00:00,4.866666666666666,27.166666666666668,758.7666666666668,9.166666666666666,33.5
2024-04-17 06:00:00,3.6833333333333336,34.0,758.9166666666666,10.383333333333333,31.333333333333332
2024-04-17 07:00:00,2.5833333333333335,60.0,758.6666666666666,11.75,28.833333333333332
2024-04-17 08:00:00,3.35,44.333333333333336,758.25,11.833333333333334,27.833333333333332
2024-04-17 09:00:00,3.35,150.16666666666666,757.8666666666667,12.799999999999999,29.5
2024-04-17 10:00:00,3.3166666666666664,256.1666666666667,757.5333333333333,11.950000000000001,37.333333333333336
2024-04-17 11:00:00,2.466666666666667,239.5,757.4499999999999,11.0,38.333333333333336
2024-04-17 12:00:00,3.0500000000000003,295.1666666666667,757.8000000000001,10.183333333333332,43.333333333333336
2024-04-17 13:00:00,1.6333333333333335,288.6666666666667,757.9166666666666,9.733333333333333,46.5
2024-04-17 14:00:00,1.2333333333333334,280.0,757.9166666666666,9.950000000000001,43.5
2024-04-17 15:00:00,1.3166666666666667,311.6666666666667,758.1999999999999,8.483333333333333,48.0
2024-04-17 16:00:00,1.5999999999999999,37.333333333333336,758.65,7.75,49.333333333333336
2024-04-17 17:00:00,0.65,134.33333333333334,759.0333333333333,6.55,53.833333333333336
2024-04-17 18:00:00,1.2333333333333334,324.3333333333333,759.0,6.1499999999999995,55.833333333333336
2024-04-17 19:00:00,1.0999999999999999,324.6666666666667,758.9,5.866666666666667,57.166666666666664
2024-04-17 20:00:00,1.0666666666666667,309.0,758.8166666666666,5.7,56.833333333333336
2024-04-17 21:00:00,1.0833333333333333,266.6666666666667,758.4333333333334,5.616666666666667,53.0
2024-04-17 22:00:00,1.3499999999999999,264.8333333333333,758.2166666666667,5.016666666666667,54.333333333333336
2024-04-17 23:00:00,0.9,35.0,758.0333333333333,4.483333333333333,57.5
2024-04-18 00:00:00,1.5499999999999998,327.3333333333333,757.9666666666667,3.733333333333333,60.166666666666664
2024-04-18 01:00:00,1.4166666666666667,320.8333333333333,758.0333333333333,4.333333333333333,56.666666666666664
2024-04-18 02:00:00,1.2833333333333334,290.0,758.2833333333333,5.5,48.166666666666664
2024-04-18 03:00:00,0.7000000000000001,258.8333333333333,758.5500000000001,6.883333333333333,45.666666666666664
2024-04-18 04:00:00,2.15,269.5,758.6,8.616666666666667,41.5
2024-04-18 05:00:00,2.6,233.0,758.6666666666666,9.433333333333334,41.5
2024-04-18 06:00:00,3.266666666666667,232.0,758.6666666666666,10.333333333333334,41.0
2024-04-18 07:00:00,3.8333333333333335,238.16666666666666,758.3833333333333,11.483333333333334,40.333333333333336
2024-04-18 08:00:00,4.433333333333334,236.16666666666666,758.0666666666666,12.033333333333333,40.0
2024-04-18 09:00:00,4.266666666666667,240.0,757.7166666666667,12.9,39.5
2024-04-18 10:00:00,4.783333333333333,244.83333333333334,757.25,13.366666666666667,38.166666666666664
2024-04-18 11:00:00,4.466666666666666,247.16666666666666,756.8166666666666,13.700000000000001,37.833333333333336
2024-04-18 12:00:00,4.566666666666666,239.66666666666666,756.5166666666668,13.983333333333334,37.666666666666664
2024-04-18 13:00:00,3.8666666666666667,242.83333333333334,756.5166666666668,13.716666666666667,35.5
2024-04-18 14:00:00,3.85,263.3333333333333,756.6333333333333,12.65,31.333333333333332
2024-04-18 15:00:00,2.966666666666667,252.83333333333334,756.9333333333334,10.983333333333334,31.0
2024-04-18 16:00:00,0.9833333333333334,299.3333333333333,757.2666666666668,9.033333333333333,35.0
2024-04-18 17:00:00,0.6166666666666667,38.166666666666664,757.4166666666666,8.1,36.0
2024-04-18 18:00:00,1.1666666666666667,59.0,757.4333333333334,7.666666666666667,36.0
2024-04-18 19:00:00,0.9666666666666667,21.333333333333332,757.3333333333334,6.366666666666667,40.0
2024-04-18 20:00:00,1.8,338.3333333333333,757.0500000000001,6.316666666666666,39.333333333333336
2024-04-18 21:00:00,1.4666666666666668,325.1666666666667,756.7333333333332,6.1499999999999995,40.0
2024-04-18 22:00:00,2.5166666666666666,342.8333333333333,756.4,5.716666666666666,40.5
2024-04-18 23:00:00,1.9000000000000001,332.5,756.2666666666668,5.3,39.666666666666664
2024-04-19 00:00:00,0.9833333333333334,144.5,756.0666666666666,5.483333333333333,36.0
2024-04-19 01:00:00,1.1666666666666667,92.83333333333333,756.0333333333333,5.616666666666667,34.666666666666664
2024-04-19 02:00:00,0.6,165.5,756.2166666666667,5.933333333333334,33.5
2024-04-19 03:00:00,0.13333333333333333,200.16666666666666,756.3833333333333,9.566666666666666,27.0
2024-04-19 04:00:00,0.5833333333333334,201.66666666666666,756.4,12.200000000000001,22.666666666666668
2024-04-19 05:00:00,2.183333333333333,226.0,756.4,12.666666666666666,26.333333333333332
2024-04-19 06:00:00,3.266666666666667,240.83333333333334,756.4666666666667,13.549999999999999,29.5
2024-04-19 07:00:00,3.233333333333333,239.5,756.3333333333334,14.533333333333333,28.333333333333332
2024-04-19 08:00:00,4.0,225.66666666666666,755.9666666666667,15.049999999999999,27.333333333333332
2024-04-19 09:00:00,4.516666666666667,237.5,755.5666666666666,16.2,27.666666666666668
2024-04-19 10:00:00,5.416666666666667,253.83333333333334,755.2666666666668,16.883333333333333,28.333333333333332
2024-04-19 11:00:00,5.733333333333333,255.16666666666666,754.9833333333332,16.849999999999998,27.333333333333332
2024-04-19 12:00:00,4.616666666666666,259.0,755.0,15.583333333333334,28.5
2024-04-19 13:00:00,2.733333333333333,279.1666666666667,755.35,14.200000000000001,28.833333333333332
2024-04-19 14:00:00,5.1499999999999995,20.333333333333332,755.5166666666668,12.883333333333333,37.166666666666664
2024-04-19 15:00:00,5.516666666666667,51.333333333333336,755.8666666666667,11.700000000000001,41.166666666666664
2024-04-19 16:00:00,6.533333333333332,44.666666666666664,756.1166666666667,10.816666666666668,42.833333333333336
2024-04-19 17:00:00,8.816666666666666,23.5,756.2666666666668,10.533333333333333,42.0
2024-04-19 18:00:00,8.966666666666667,19.333333333333332,756.2999999999998,10.333333333333334,41.833333333333336
2024-04-19 19:00:00,9.233333333333333,15.333333333333334,756.2833333333333,10.283333333333333,40.666666666666664
2024-04-19 20:00:00,8.983333333333333,11.666666666666666,756.2999999999998,10.033333333333333,39.5
2024-04-19 21:00:00,8.766666666666667,11.333333333333334,756.0666666666666,9.700000000000001,39.0
2024-04-19 22:00:00,9.549999999999999,15.0,755.8833333333333,9.5,37.833333333333336
2024-04-19 23:00:00,9.299999999999999,20.666666666666668,755.9166666666666,9.25,36.833333333333336
2024-04-20 00:00:00,9.316666666666668,19.666666666666668,756.0166666666668,9.083333333333334,34.0
2024-04-20 01:00:00,8.816666666666666,21.0,756.25,8.966666666666667,32.0
2024-04-20 02:00:00,8.183333333333334,24.333333333333332,756.5666666666666,9.016666666666667,32.0
2024-04-20 03:00:00,7.583333333333333,24.833333333333332,757.0,9.966666666666667,31.833333333333332
2024-04-20 04:00:00,7.233333333333333,21.666666666666668,757.4,11.5,30.0
2024-04-20 05:00:00,3.966666666666667,63.0,757.8000000000001,12.433333333333332,28.5
2024-04-20 06:00:00,2.4833333333333334,239.83333333333334,757.9666666666667,13.233333333333334,27.5
2024-04-20 07:00:00,2.8333333333333335,225.16666666666666,757.7166666666667,14.466666666666667,28.166666666666668
2024-04-20 08:00:00,3.483333333333333,242.33333333333334,757.4833333333332,14.883333333333333,30.0
2024-04-20 09:00:00,3.6833333333333336,236.83333333333334,757.1999999999999,15.433333333333332,28.666666666666668
2024-04-20 10:00:00,4.333333333333333,242.83333333333334,756.8666666666667,15.916666666666666,27.166666666666668
2024-04-20 11:00:00,3.766666666666666,303.5,756.6166666666667,14.566666666666668,28.166666666666668
2024-04-20 12:00:00,5.083333333333333,196.83333333333334,756.5333333333333,13.166666666666666,33.0
2024-04-20 13:00:00,6.066666666666666,75.5,756.5833333333334,11.883333333333333,40.333333333333336
2024-04-20 14:00:00,5.8999999999999995,83.66666666666667,756.7333333333332,11.233333333333334,43.166666666666664
2024-04-20 15:00:00,6.716666666666666,73.16666666666667,757.3166666666666,9.216666666666667,55.833333333333336
2024-04-20 16:00:00,6.266666666666667,18.666666666666668,757.6,8.833333333333334,58.833333333333336
2024-04-20 17:00:00,1.95,219.66666666666666,757.3499999999999,9.5,50.166666666666664
2024-04-20 18:00:00,1.6166666666666665,149.33333333333334,757.2166666666667,9.016666666666667,49.333333333333336
2024-04-20 19:00:00,1.75,81.83333333333333,757.1833333333334,8.216666666666667,50.333333333333336
2024-04-20 20:00:00,0.8666666666666667,91.16666666666667,757.0166666666668,7.45,47.166666666666664
2024-04-20 21:00:00,0.7833333333333333,39.833333333333336,756.7833333333333,6.3999999999999995,47.833333333333336
2024-04-20 22:00:00,2.1666666666666665,338.5,756.5666666666666,6.416666666666667,44.666666666666664
2024-04-20 23:00:00,0.6,315.0,756.4833333333332,6.95,40.5
2024-04-21 00:00:00,1.3166666666666667,218.33333333333334,756.3833333333333,6.75,47.666666666666664
2024-04-21 01:00:00,1.2166666666666666,49.666666666666664,756.4166666666666,6.1000000000000005,48.5
2024-04-21 02:00:00,2.15,290.8333333333333,756.7166666666667,6.216666666666666,50.5
2024-04-21 03:00:00,0.35000000000000003,135.83333333333334,756.8666666666667,10.200000000000001,41.333333333333336
2024-04-21 04:00:00,0.3166666666666667,206.33333333333334,757.0333333333333,12.75,32.166666666666664
2024-04-21 05:00:00,1.383333333333333,216.83333333333334,757.3166666666666,13.216666666666667,31.333333333333332
2024-04-21 06:00:00,3.8166666666666664,242.5,757.3499999999999,13.983333333333334,30.833333333333332
2024-04-21 07:00:00,4.95,247.83333333333334,757.4833333333332,14.366666666666667,29.166666666666668
2024-04-21 08:00:00,4.833333333333333,248.16666666666666,757.3499999999999,14.549999999999999,30.333333333333332
2024-04-21 09:00:00,4.366666666666666,243.33333333333334,757.2333333333332,15.266666666666666,27.833333333333332
2024-04-21 10:00:00,5.800000000000001,257.0,757.1999999999999,14.9,29.333333333333332
2024-04-21 11:00:00,5.25,247.66666666666666,757.0,15.6,25.0
2024-04-21 12:00:00,4.566666666666666,244.66666666666666,756.7833333333333,16.016666666666666,24.833333333333332
2024-04-21 13:00:00,4.966666666666666,252.0,756.6833333333334,15.200000000000001,27.333333333333332
2024-04-21 14:00:00,5.066666666666666,261.8333333333333,756.8000000000001,13.716666666666667,31.333333333333332
2024-04-21 15:00:00,3.533333333333333,253.66666666666666,757.1833333333334,12.549999999999999,34.333333333333336
2024-04-21 16:00:00,2.9166666666666665,256.0,757.8333333333334,11.549999999999999,39.0
2024-04-21 17:00:00,3.9166666666666665,287.0,758.5166666666668,11.6,39.666666666666664
2024-04-21 18:00:00,2.75,261.1666666666667,758.5333333333333,11.15,40.333333333333336
2024-04-21 19:00:00,2.9166666666666665,261.6666666666667,758.5166666666668,10.25,44.5
2024-04-21 20:00:00,5.166666666666667,252.66666666666666,758.5833333333334,10.216666666666667,49.333333333333336
2024-04-21 21:00:00,3.65,254.0,758.6833333333334,8.216666666666667,73.5
2024-04-21 22:00:00,1.4000000000000001,249.16666666666666,758.6666666666666,7.95,78.0
2024-04-21 23:00:00,0.4833333333333334,163.16666666666666,758.7999999999998,7.833333333333333,83.5
2024-04-22 00:00:00,2.1,158.83333333333334,758.9166666666666,7.45,89.33333333333333
2024-04-22 01:00:00,6.716666666666666,44.5,758.0833333333334,7.7,73.0
2024-04-22 02:00:00,6.033333333333334,27.333333333333332,758.1333333333333,8.233333333333333,60.833333333333336
2024-04-22 03:00:00,2.15,83.5,758.6333333333333,9.15,58.5
2024-04-22 04:00:00,5.45,29.5,759.0666666666666,10.466666666666667,54.5
2024-04-22 05:00:00,6.720000000000001,39.0,759.1,11.64,50.0
2024-04-22 06:00:00,3.5500000000000003,81.33333333333333,759.4833333333332,13.466666666666667,44.166666666666664
2024-04-22 07:00:00,2.5833333333333335,128.83333333333334,759.6500000000001,14.35,43.5
2024-04-22 08:00:00,3.5499999999999994,235.5,759.2833333333333,14.4,46.5
2024-04-22 09:00:00,3.9799999999999995,262.4,759.1,14.98,46.2
2024-04-22 10:00:00,3.6166666666666667,247.5,758.65,15.200000000000001,40.833333333333336
2024-04-22 11:00:00,3.5799999999999996,223.0,758.46,15.26,38.2
2024-04-22 12:00:00,3.78,245.4,758.3,15.580000000000002,36.6
2024-04-22 13:00:00,3.5500000000000003,237.16666666666666,758.25,14.283333333333333,37.333333333333336
2024-04-22 14:00:00,5.133333333333334,146.83333333333334,758.5666666666666,10.516666666666667,62.166666666666664
2024-04-22 15:00:00,5.88,27.2,758.96,7.8,83.8
2024-04-22 16:00:00,5.68,25.4,759.1,8.48,73.4
2024-04-22 17:00:00,4.4399999999999995,93.2,759.9399999999999,7.38,85.0
2024-04-22 18:00:00,4.566666666666666,66.0,760.4333333333334,5.166666666666667,88.75
2024-04-22 19:00:00,3.3833333333333333,80.16666666666667,760.2166666666667,4.1499999999999995,92.5
2024-04-22 20:00:00,3.0500000000000003,78.5,759.5333333333333,4.666666666666667,
2024-04-22 21:00:00,2.65,98.0,758.9666666666667,5.266666666666667,100.0
2024-04-22 22:00:00,4.05,78.66666666666667,758.4499999999999,5.133333333333334,100.0
2024-04-22 23:00:00,2.316666666666667,96.33333333333333,758.4333333333334,4.933333333333334,100.0
2024-04-23 00:00:00,5.033333333333333,52.0,758.1999999999999,5.05,100.0
2024-04-23 01:00:00,6.1,32.6,758.26,4.32,100.0
2024-04-23 02:00:00,8.25,27.0,758.2166666666667,4.75,99.5
2024-04-23 03:00:00,10.733333333333334,24.666666666666668,758.1999999999999,4.05,100.0
2024-04-23 04:00:00,11.1,25.333333333333332,758.5666666666666,3.516666666666667,100.0
2024-04-23 05:00:00,9.35,31.333333333333332,759.0333333333333,3.85,100.0
2024-04-23 06:00:00,12.200000000000001,24.333333333333332,759.1666666666666,3.716666666666667,100.0
2024-04-23 07:00:00,11.366666666666667,26.166666666666668,759.0833333333334,4.166666666666667,97.83333333333333
2024-04-23 08:00:00,12.0,22.333333333333332,758.85,4.066666666666666,99.66666666666667
2024-04-23 09:00:00,12.233333333333334,23.666666666666668,758.5333333333333,4.3999999999999995,95.66666666666667
2024-04-23 10:00:00,13.066666666666668,22.833333333333332,758.1166666666667,4.95,90.0
2024-04-23 11:00:00,11.0,31.166666666666668,757.9499999999999,4.966666666666667,90.33333333333333
2024-04-23 12:00:00,12.166666666666666,31.666666666666668,757.7333333333332,5.433333333333334,80.83333333333333
2024-04-23 13:00:00,12.666666666666666,32.166666666666664,757.9166666666666,4.633333333333334,81.33333333333333
2024-04-23 14:00:00,11.9,31.0,758.0333333333333,3.75,85.66666666666667
2024-04-23 15:00:00,13.450000000000001,26.666666666666668,758.1500000000001,2.9333333333333336,95.66666666666667
2024-04-23 16:00:00,14.65,27.333333333333332,757.7666666666668,2.966666666666667,92.66666666666667
2024-04-23 17:00:00,13.116666666666667,28.333333333333332,757.8833333333333,3.1166666666666667,91.0
2024-04-23 18:00:00,12.5,30.666666666666668,757.9333333333334,3.3000000000000003,90.83333333333333
2024-04-23 19:00:00,10.983333333333334,38.166666666666664,757.9166666666666,3.3000000000000003,89.5
2024-04-23 20:00:00,11.1,46.5,757.8666666666667,3.1166666666666667,93.83333333333333
2024-04-23 21:00:00,11.65,48.0,757.5666666666666,3.1666666666666665,92.33333333333333
2024-04-23 22:00:00,11.25,41.0,757.3000000000001,2.9499999999999997,96.0
2024-04-23 23:00:00,11.9,33.5,756.6333333333333,3.233333333333333,87.5
2024-04-24 00:00:00,12.466666666666667,29.833333333333332,756.6333333333333,2.966666666666667,92.5
2024-04-24 01:00:00,11.9,37.0,756.8666666666667,3.033333333333333,90.83333333333333
2024-04-24 02:00:00,13.52,35.8,757.1200000000001,3.7399999999999998,76.4
2024-04-24 03:00:00,14.080000000000002,28.6,757.2,4.12,74.2
2024-04-24 04:00:00,15.040000000000001,27.4,757.42,4.32,73.4
2024-04-24 05:00:00,15.299999999999999,38.166666666666664,757.6166666666667,5.116666666666666,69.66666666666667
2024-04-24 06:00:00,14.559999999999999,35.2,757.8799999999999,5.66,68.2
2024-04-24 07:00:00,13.833333333333334,37.166666666666664,758.1666666666666,6.133333333333333,64.0
2024-04-24 08:00:00,12.32,35.4,758.6,6.24,65.6
2024-04-24 09:00:00,11.283333333333333,29.833333333333332,758.7666666666668,6.566666666666666,66.83333333333333
2024-04-24 10:00:00,11.559999999999999,27.4,758.6200000000001,6.7,66.8
2024-04-24 11:00:00,13.016666666666666,23.333333333333332,758.3000000000001,6.666666666666667,67.83333333333333
2024-04-24 12:00:00,10.566666666666666,28.666666666666668,758.6666666666666,6.533333333333334,67.0
2024-04-24 13:00:00,10.299999999999999,37.666666666666664,758.7333333333332,5.8,67.33333333333333
2024-04-24 14:00:00,10.966666666666667,35.0,758.7833333333333,5.05,68.66666666666667
2024-04-24 15:00:00,11.65,26.833333333333332,758.8499999999999,4.333333333333333,70.5
2024-04-24 16:00:00,11.799999999999999,26.833333333333332,758.8833333333333,4.25,70.0
2024-04-24 17:00:00,13.866666666666667,22.833333333333332,758.9833333333332,4.4,65.5
2024-04-24 18:00:00,10.783333333333333,18.333333333333332,759.2333333333332,5.05,59.5
2024-04-24 19:00:00,6.68,19.0,759.08,5.68,56.6
2024-04-24 20:00:00,3.0666666666666664,52.166666666666664,759.0500000000001,5.333333333333333,58.0
2024-04-24 21:00:00,5.1499999999999995,16.5,759.0666666666666,5.6499999999999995,57.666666666666664
2024-04-24 22:00:00,4.24,26.0,758.96,5.9,57.6
2024-04-24 23:00:00,2.4,134.5,758.6833333333334,4.966666666666667,62.5
2024-04-25 00:00:00,1.4666666666666668,85.66666666666667,758.65,3.8833333333333333,67.5
2024-04-25 01:00:00,0.09999999999999999,50.666666666666664,758.8333333333334,3.5500000000000003,71.33333333333333
2024-04-25 02:00:00,0.5,78.5,759.1,3.8166666666666664,73.5
2024-04-25 03:00:00,0.5333333333333333,98.16666666666667,759.3666666666667,6.183333333333334,62.333333333333336
2024-04-25 04:00:00,0.85,222.0,759.7833333333333,8.283333333333333,53.0
2024-04-25 05:00:00,1.44,258.8,760.02,9.280000000000001,50.8
2024-04-25 06:00:00,2.1,233.2,760.24,9.98,51.2
2024-04-25 07:00:00,2.6,250.16666666666666,760.0666666666666,10.933333333333332,53.5
2024-04-25 08:00:00,3.6,237.5,759.9,11.799999999999999,52.666666666666664
2024-04-25 09:00:00,3.433333333333333,236.5,759.7666666666668,12.35,51.333333333333336
2024-04-25 10:00:00,3.283333333333333,249.66666666666666,759.5166666666668,12.466666666666667,51.333333333333336
2024-04-25 11:00:00,3.5,260.1666666666667,759.3333333333334,12.316666666666668,53.333333333333336
2024-04-25 12:00:00,3.9166666666666665,246.16666666666666,759.2333333333332,11.833333333333334,55.333333333333336
2024-04-25 13:00:00,3.783333333333333,257.8333333333333,759.2333333333332,11.799999999999999,55.333333333333336
2024-04-25 14:00:00,3.5500000000000003,261.5,759.25,10.65,58.0
2024-04-25 15:00:00,2.716666666666667,255.33333333333334,759.5166666666668,9.283333333333333,64.83333333333333
2024-04-25 16:00:00,0.9,297.5,759.85,8.366666666666665,70.16666666666667
2024-04-25 17:00:00,1.3166666666666667,165.16666666666666,760.15,7.1499999999999995,83.83333333333333
2024-04-25 18:00:00,3.75,7.333333333333333,760.3666666666667,8.049999999999999,73.16666666666667
2024-04-25 19:00:00,1.3666666666666665,86.0,760.2999999999998,7.233333333333333,78.33333333333333
2024-04-25 20:00:00,0.48333333333333334,127.83333333333333,760.25,6.083333333333333,84.0
2024-04-25 21:00:00,0.08333333333333333,131.0,760.0500000000001,5.933333333333334,80.16666666666667
2024-04-25 22:00:00,0.3,142.0,759.5833333333334,5.466666666666666,83.0
2024-04-25 23:00:00,0.9833333333333334,327.6666666666667,759.2333333333332,5.25,82.66666666666667
2024-04-26 00:00:00,0.7333333333333334,151.16666666666666,759.0166666666668,4.75,88.16666666666667
2024-04-26 01:00:00,0.8166666666666668,192.16666666666666,759.1166666666667,4.75,86.0
2024-04-26 02:00:00,0.78,216.4,759.3799999999999,5.279999999999999,87.2
2024-04-26 03:00:00,1.9833333333333334,308.3333333333333,759.6333333333333,8.016666666666667,74.0
2024-04-26 04:00:00,2.12,263.4,759.96,9.74,62.8
2024-04-26 05:00:00,2.2199999999999998,250.4,760.04,10.780000000000001,55.0
2024-04-26 06:00:00,3.02,229.6,760.1,11.440000000000001,53.0
2024-04-26 07:00:00,3.516666666666667,234.66666666666666,760.0833333333334,11.583333333333334,56.833333333333336
2024-04-26 08:00:00,3.34,250.0,759.9,11.66,58.2
2024-04-26 09:00:00,4.3,250.66666666666666,759.6333333333333,12.216666666666667,54.333333333333336
2024-04-26 10:00:00,4.4799999999999995,253.0,759.3799999999999,12.74,52.4
2024-04-26 11:00:00,3.6833333333333336,253.0,759.1999999999999,12.333333333333334,51.166666666666664
2024-04-26 12:00:00,3.1166666666666667,257.0,759.1333333333333,12.866666666666667,48.333333333333336
2024-04-26 13:00:00,3.6666666666666665,271.5,759.1333333333333,12.549999999999999,47.333333333333336
2024-04-26 14:00:00,1.5999999999999999,208.33333333333334,759.2000000000002,11.466666666666667,51.333333333333336
2024-04-26 15:00:00,5.3999999999999995,71.66666666666667,759.25,9.983333333333334,49.833333333333336
2024-04-26 16:00:00,6.266666666666667,8.666666666666666,759.4166666666666,9.450000000000001,45.5
2024-04-26 17:00:00,8.416666666666666,11.833333333333334,759.5833333333334,8.85,50.0
2024-04-26 18:00:00,9.85,8.833333333333334,759.5666666666666,8.166666666666666,61.333333333333336
2024-04-26 19:00:00,10.933333333333332,11.333333333333334,759.5666666666666,7.666666666666667,60.5
2024-04-26 20:00:00,9.200000000000001,67.66666666666667,759.6,7.683333333333334,51.0
2024-04-26 21:00:00,1.7833333333333332,71.83333333333333,759.6833333333334,7.3999999999999995,43.166666666666664
2024-04-26 22:00:00,1.25,52.833333333333336,759.6166666666667,6.5,45.5
2024-04-26 23:00:00,0.0,146.33333333333334,759.5666666666666,5.633333333333333,47.0
2024-04-27 00:00:00,1.05,287.0,759.6,6.55,44.5
2024-04-27 01:00:00,2.3000000000000003,289.6666666666667,759.75,6.766666666666667,48.5
2024-04-27 02:00:00,0.18333333333333335,161.66666666666666,760.2166666666667,5.5,57.666666666666664
2024-04-27 03:00:00,0.8166666666666668,114.16666666666667,760.6999999999999,8.15,49.5
2024-04-27 04:00:00,1.6833333333333333,281.3333333333333,761.35,9.049999999999999,46.666666666666664
2024-04-27 05:00:00,2.1,229.83333333333334,761.7666666666668,9.716666666666667,44.833333333333336
2024-04-27 06:00:00,3.1833333333333336,256.3333333333333,762.0333333333333,10.616666666666665,45.333333333333336
2024-04-27 07:00:00,3.25,254.0,762.1666666666666,11.383333333333333,44.333333333333336
2024-04-27 08:00:00,3.8666666666666667,234.16666666666666,762.0500000000001,12.299999999999999,42.333333333333336
2024-04-27 09:00:00,3.766666666666667,261.0,762.0666666666666,12.933333333333332,42.0
2024-04-27 10:00:00,3.983333333333333,249.83333333333334,761.8333333333334,13.4,40.833333333333336
2024-04-27 11:00:00,1.75,137.66666666666666,761.8499999999999,13.133333333333333,35.5
2024-04-27 12:00:00,2.8333333333333335,93.0,761.9,14.016666666666666,23.5
2024-04-27 13:00:00,4.183333333333333,40.5,761.9833333333332,13.549999999999999,18.5
2024-04-27 14:00:00,5.633333333333333,26.5,762.1166666666667,11.866666666666667,26.5
2024-04-27 15:00:00,7.883333333333333,25.0,762.3666666666667,9.733333333333333,38.0
2024-04-27 16:00:00,8.533333333333333,13.666666666666666,762.8833333333333,8.700000000000001,42.5
2024-04-27 17:00:00,6.966666666666666,19.833333333333332,763.5333333333333,8.6,44.333333333333336
2024-04-27 18:00:00,2.2666666666666666,70.16666666666667,763.8333333333334,7.883333333333333,44.0
2024-04-27 19:00:00,1.9000000000000001,79.66666666666667,763.9833333333332,6.983333333333333,46.0
2024-04-27 20:00:00,1.1500000000000001,76.33333333333333,763.9,6.416666666666667,43.333333333333336
2024-04-27 21:00:00,1.3333333333333333,231.83333333333334,763.4666666666667,6.266666666666667,43.333333333333336
2024-04-27 22:00:00,0.2833333333333333,308.8333333333333,763.5,5.766666666666667,46.166666666666664
2024-04-27 23:00:00,0.7333333333333334,279.3333333333333,763.4333333333334,6.6499999999999995,45.5
2024-04-28 00:00:00,1.7333333333333334,285.0,763.3333333333334,6.283333333333334,47.166666666666664
2024-04-28 01:00:00,2.9499999999999997,302.6666666666667,763.4166666666666,6.95,43.5
2024-04-28 02:00:00,2.65,302.1666666666667,763.6,7.116666666666667,42.166666666666664
2024-04-28 03:00:00,2.766666666666667,287.5,763.9499999999999,8.316666666666666,41.166666666666664
2024-04-28 04:00:00,3.5,274.3333333333333,764.1666666666666,9.683333333333334,39.833333333333336
2024-04-28 05:00:00,3.15,273.0,764.2000000000002,10.783333333333333,41.833333333333336
2024-04-28 06:00:00,3.8166666666666664,233.33333333333334,764.2666666666668,11.466666666666667,41.666666666666664
2024-04-28 07:00:00,4.183333333333334,239.0,764.2333333333332,12.65,39.833333333333336
2024-04-28 08:00:00,4.966666666666667,247.66666666666666,764.0666666666666,13.483333333333334,38.5
2024-04-28 09:00:00,4.366666666666667,244.33333333333334,763.8833333333333,14.266666666666666,37.166666666666664
2024-04-28 10:00:00,4.266666666666667,244.33333333333334,763.6,15.033333333333333,36.666666666666664
2024-04-28 11:00:00,4.983333333333333,246.5,763.3833333333333,15.083333333333334,36.166666666666664
2024-04-28 12:00:00,3.9166666666666665,246.83333333333334,763.2833333333333,15.15,36.0
2024-04-28 13:00:00,2.65,237.33333333333334,763.2999999999998,14.783333333333333,35.333333333333336
2024-04-28 14:00:00,1.8833333333333335,224.66666666666666,763.2999999999998,13.65,35.833333333333336
2024-04-28 15:00:00,6.366666666666667,21.0,763.3333333333334,11.6,42.833333333333336
2024-04-28 16:00:00,6.683333333333334,15.166666666666666,763.4833333333332,11.0,47.0
2024-04-28 17:00:00,2.733333333333333,88.0,763.7666666666668,10.583333333333334,47.5
2024-04-28 18:00:00,0.9333333333333332,100.66666666666667,763.9333333333334,9.066666666666666,51.0
2024-04-28 19:00:00,0.7999999999999999,72.0,763.8333333333334,8.333333333333334,51.333333333333336
2024-04-28 20:00:00,0.6833333333333332,119.0,763.6999999999999,7.816666666666666,53.5
2024-04-28 21:00:00,0.9166666666666666,331.8333333333333,763.4499999999999,6.716666666666666,57.166666666666664
2024-04-28 22:00:00,0.20000000000000004,272.8333333333333,763.2666666666668,7.3999999999999995,50.166666666666664
2024-04-28 23:00:00,1.1666666666666667,284.0,762.9333333333334,8.35,41.5
2024-04-29 00:00:00,0.7000000000000001,274.3333333333333,762.7833333333333,8.033333333333333,39.0
2024-04-29 01:00:00,2.2666666666666666,302.6666666666667,762.6166666666667,8.9,35.666666666666664
2024-04-29 02:00:00,3.1666666666666665,307.6666666666667,762.6500000000001,9.783333333333333,33.5
2024-04-29 03:00:00,2.9166666666666665,279.3333333333333,762.8333333333334,10.799999999999999,34.0
2024-04-29 04:00:00,2.8166666666666664,255.16666666666666,762.9666666666667,11.700000000000001,35.5
2024-04-29 05:00:00,3.15,242.16666666666666,763.3333333333334,12.15,38.833333333333336
2024-04-29 06:00:00,3.6666666666666665,237.83333333333334,763.4333333333334,13.133333333333333,37.666666666666664
2024-04-29 07:00:00,3.8000000000000003,247.0,763.4,14.15,37.0
2024-04-29 08:00:00,4.083333333333333,245.0,763.25,14.966666666666667,34.0
2024-04-29 09:00:00,4.283333333333334,249.16666666666666,763.0666666666666,15.666666666666666,31.666666666666668
2024-04-29 10:00:00,4.459999999999999,253.8,762.78,15.88,30.8
2024-04-29 11:00:00,4.033333333333333,244.16666666666666,762.5333333333333,16.25,30.666666666666668
2024-04-29 12:00:00,3.516666666666666,243.5,762.5,16.333333333333332,29.833333333333332
2024-04-29 13:00:00,2.6166666666666667,250.16666666666666,762.4499999999999,16.05,29.666666666666668
2024-04-29 14:00:00,2.46,253.4,762.5600000000001,14.7,31.0
2024-04-29 15:00:00,0.75,258.1666666666667,762.9166666666666,13.1,33.666666666666664
2024-04-29 16:00:00,0.4833333333333334,170.33333333333334,763.2666666666668,10.25,45.333333333333336
2024-04-29 17:00:00,1.2333333333333334,162.16666666666666,763.6,9.85,46.5
2024-04-29 18:00:00,1.3666666666666665,146.16666666666666,763.7166666666667,9.450000000000001,46.333333333333336
2024-04-29 19:00:00,0.8666666666666667,30.666666666666668,763.4,9.016666666666667,47.166666666666664
2024-04-29 20:00:00,2.466666666666667,341.8333333333333,763.1833333333334,8.6,48.166666666666664
2024-04-29 21:00:00,1.5666666666666667,173.33333333333334,762.75,8.9,45.166666666666664
2024-04-29 22:00:00,2.8000000000000003,340.5,762.6833333333334,8.566666666666666,43.0
2024-04-29 23:00:00,2.1166666666666667,329.8333333333333,762.6666666666666,8.533333333333333,44.166666666666664
2024-04-30 00:00:00,0.5333333333333333,317.5,762.9666666666667,7.816666666666666,47.333333333333336
2024-04-30 01:00:00,1.8,336.5,763.1,6.716666666666666,53.166666666666664
2024-04-30 02:00:00,0.5833333333333334,272.6666666666667,763.0666666666666,8.25,46.5
2024-04-30 03:00:00,0.9,269.6666666666667,762.9666666666667,11.416666666666666,39.0
2024-04-30 04:00:00,1.7166666666666668,251.33333333333334,763.2833333333333,12.083333333333334,37.5
2024-04-30 05:00:00,1.95,246.5,763.5500000000001,12.833333333333334,37.666666666666664
2024-04-30 06:00:00,2.5,240.5,763.6333333333333,13.75,37.166666666666664
2024-04-30 07:00:00,3.5499999999999994,237.83333333333334,763.4333333333334,14.583333333333334,33.333333333333336
2024-04-30 08:00:00,4.05,247.66666666666666,763.1500000000001,14.700000000000001,30.833333333333332
2024-04-30 09:00:00,3.5833333333333335,246.0,762.8833333333333,15.733333333333334,27.833333333333332
2024-04-30 10:00:00,3.35,249.33333333333334,762.5,15.799999999999999,25.333333333333332
2024-04-30 11:00:00,2.9166666666666665,242.66666666666666,762.0333333333333,15.733333333333334,25.0
2024-04-30 12:00:00,2.3833333333333333,243.0,761.75,15.950000000000001,23.833333333333332
2024-04-30 13:00:00,2.6,251.5,761.6666666666666,15.083333333333334,23.5
2024-04-30 14:00:00,2.1999999999999997,266.6666666666667,761.6833333333334,13.966666666666667,24.333333333333332
2024-04-30 15:00:00,0.9,303.0,761.5333333333333,12.35,27.166666666666668
2024-04-30 16:00:00,0.9333333333333332,65.66666666666667,761.5,11.1,31.666666666666668
2024-04-30 17:00:00,1.9000000000000001,39.0,761.7833333333333,11.066666666666668,31.166666666666668
2024-04-30 18:00:00,0.9666666666666667,60.5,761.5166666666668,11.033333333333333,30.5
2024-04-30 19:00:00,0.8666666666666667,94.5,761.0333333333333,11.166666666666666,28.0
2024-04-30 20:00:00,1.1500000000000001,107.0,760.7166666666667,11.666666666666666,24.666666666666668
2024-04-30 21:00:00,1.55,78.66666666666667,760.4166666666666,10.916666666666666,28.5
2024-04-30 22:00:00,0.9833333333333334,64.5,760.1500000000001,9.85,33.5
2024-04-30 23:00:00,0.15,29.5,759.9666666666667,9.216666666666667,35.5
2024-05-01 00:00:00,1.0,149.0,759.9166666666666,9.233333333333334,35.333333333333336
2024-05-01 01:00:00,0.5166666666666667,181.5,759.7666666666668,9.1,29.333333333333332
2024-05-01 02:00:00,0.6333333333333333,50.166666666666664,760.0166666666668,9.183333333333332,30.666666666666668
2024-05-01 03:00:00,1.8499999999999999,92.16666666666667,759.9499999999999,11.049999999999999,28.666666666666668
2024-05-01 04:00:00,2.183333333333333,97.83333333333333,760.0500000000001,13.5,22.5
2024-05-01 05:00:00,2.716666666666667,87.5,760.1500000000001,14.233333333333334,18.833333333333332
2024-05-01 06:00:00,2.533333333333333,91.0,760.0500000000001,14.716666666666667,18.833333333333332
2024-05-01 07:00:00,2.033333333333333,144.16666666666666,759.7666666666668,15.35,18.666666666666668
2024-05-01 08:00:00,2.983333333333333,205.5,759.5,15.483333333333334,19.666666666666668
2024-05-01 09:00:00,2.9499999999999997,115.16666666666667,759.1166666666667,15.950000000000001,19.333333333333332
2024-05-01 10:00:00,3.3000000000000003,114.83333333333333,758.6333333333333,14.6,18.0
2024-05-01 11:00:00,3.5,98.0,758.25,13.85,19.166666666666668
2024-05-01 12:00:00,3.5833333333333335,99.5,757.6500000000001,13.116666666666667,25.333333333333332
2024-05-01 13:00:00,2.75,121.16666666666667,757.5333333333333,13.049999999999999,26.333333333333332
2024-05-01 14:00:00,2.65,98.33333333333333,757.5,12.716666666666667,26.0
2024-05-01 15:00:00,2.2333333333333334,104.66666666666667,757.5833333333334,12.049999999999999,29.166666666666668
2024-05-01 16:00:00,1.7666666666666666,111.33333333333333,757.6166666666667,11.816666666666668,37.0
2024-05-01 17:00:00,1.3499999999999999,237.5,757.5500000000001,10.816666666666668,46.333333333333336
2024-05-01 18:00:00,0.7666666666666666,227.5,757.4499999999999,10.450000000000001,48.5
2024-05-01 19:00:00,1.7166666666666668,66.83333333333333,757.0333333333333,10.883333333333333,40.833333333333336
2024-05-01 20:00:00,1.8333333333333333,67.5,756.3166666666666,10.799999999999999,32.833333333333336
2024-05-01 21:00:00,1.7833333333333332,59.166666666666664,755.9166666666666,10.916666666666666,29.5
2024-05-01 22:00:00,1.9666666666666668,67.33333333333333,755.2166666666667,10.933333333333332,26.5
2024-05-01 23:00:00,2.183333333333333,216.83333333333334,754.75,10.799999999999999,28.833333333333332
2024-05-02 00:00:00,4.466666666666667,25.666666666666668,753.9833333333332,10.716666666666667,30.0
2024-05-02 01:00:00,5.066666666666666,25.333333333333332,753.6666666666666,10.466666666666667,31.833333333333332
2024-05-02 02:00:00,4.983333333333333,31.333333333333332,753.8166666666666,10.216666666666667,34.5
2024-05-02 03:00:00,8.533333333333333,56.5,754.3166666666666,7.483333333333333,61.833333333333336
2024-05-02 04:00:00,8.450000000000001,27.833333333333332,754.1,6.466666666666666,68.33333333333333
2024-05-02 05:00:00,8.366666666666667,25.833333333333332,754.0833333333334,6.833333333333333,67.83333333333333
2024-05-02 06:00:00,6.716666666666666,28.666666666666668,753.8833333333333,8.133333333333333,67.0
2024-05-02 07:00:00,4.2,46.333333333333336,753.7666666666668,9.316666666666666,60.333333333333336
2024-05-02 08:00:00,4.783333333333333,72.5,753.4,7.8500000000000005,79.16666666666667
2024-05-02 09:00:00,4.95,55.833333333333336,752.8333333333334,9.616666666666667,60.0
2024-05-02 10:00:00,2.733333333333333,94.5,752.4499999999999,11.15,47.833333333333336
2024-05-02 11:00:00,3.0833333333333335,255.66666666666666,752.2999999999998,8.866666666666667,90.0
2024-05-02 12:00:00,1.9833333333333334,269.3333333333333,752.2333333333332,7.75,100.0
2024-05-02 13:00:00,0.7999999999999999,248.5,752.1,7.983333333333333,98.33333333333333
2024-05-02 14:00:00,1.0333333333333334,253.66666666666666,752.1,7.966666666666666,91.66666666666667
2024-05-02 15:00:00,1.4833333333333334,273.5,752.0833333333334,7.733333333333333,94.0
2024-05-02 16:00:00,1.4833333333333334,276.8333333333333,752.3000000000001,7.516666666666667,93.66666666666667
2024-05-02 17:00:00,2.4499999999999997,256.6666666666667,752.3499999999999,7.3999999999999995,89.83333333333333
2024-05-02 18:00:00,3.0666666666666664,274.3333333333333,752.3166666666666,7.1499999999999995,82.16666666666667
2024-05-02 19:00:00,4.033333333333334,282.1666666666667,752.0166666666668,7.0,77.33333333333333
2024-05-02 20:00:00,4.1000000000000005,282.0,751.5666666666666,6.7,81.83333333333333
2024-05-02 21:00:00,4.0,268.1666666666667,751.0333333333333,6.3999999999999995,95.5
2024-05-02 22:00:00,3.216666666666667,262.5,750.7833333333333,6.1499999999999995,100.0
2024-05-02 23:00:00,3.016666666666667,260.0,750.4833333333332,5.933333333333334,96.16666666666667
2024-05-03 00:00:00,2.3833333333333333,271.0,750.4333333333334,5.716666666666666,88.33333333333333
2024-05-03 01:00:00,2.4166666666666665,264.5,750.5666666666666,5.75,96.5
2024-05-03 02:00:00,3.5833333333333335,265.1666666666667,750.8000000000001,5.933333333333334,100.0
2024-05-03 03:00:00,4.2,269.1666666666667,750.8333333333334,6.383333333333333,99.33333333333333
2024-05-03 04:00:00,3.9,269.0,750.9833333333332,7.583333333333333,85.0
2024-05-03 05:00:00,3.0500000000000003,267.3333333333333,751.1,8.1,81.83333333333333
2024-05-03 06:00:00,3.4499999999999997,245.16666666666666,751.0500000000001,9.316666666666666,76.83333333333333
2024-05-03 07:00:00,2.9166666666666665,236.16666666666666,750.9666666666667,9.866666666666667,73.33333333333333
2024-05-03 08:00:00,3.266666666666667,246.83333333333334,750.8333333333334,9.933333333333334,72.16666666666667
2024-05-03 09:00:00,3.65,248.66666666666666,750.6666666666666,9.516666666666666,75.66666666666667
2024-05-03 10:00:00,2.733333333333333,258.5,750.3000000000001,9.700000000000001,85.33333333333333
2024-05-03 11:00:00,3.6666666666666665,264.6666666666667,750.0833333333334,10.066666666666666,76.5
2024-05-03 12:00:00,3.283333333333333,260.6666666666667,749.8333333333334,10.0,76.5
2024-05-03 13:00:00,2.6166666666666667,272.1666666666667,749.6333333333333,10.0,77.0
2024-05-03 14:00:00,2.6999999999999997,265.8333333333333,749.9333333333334,9.916666666666666,71.5
2024-05-03 15:00:00,2.766666666666667,187.33333333333334,750.5333333333333,6.783333333333334,91.0
2024-05-03 16:00:00,0.9333333333333332,110.5,750.6833333333334,6.716666666666666,95.5
2024-05-03 17:00:00,0.16666666666666666,142.83333333333334,750.6666666666666,7.083333333333333,100.0
2024-05-03 18:00:00,1.2,228.0,750.5500000000001,7.566666666666666,100.0
2024-05-03 19:00:00,2.1999999999999997,242.5,750.0,7.016666666666667,100.0
2024-05-03 20:00:00,1.7666666666666666,227.0,749.3833333333333,6.6499999999999995,99.84615384615384
2024-05-03 21:00:00,3.5833333333333335,262.0,748.9333333333334,5.433333333333334,99.6923076923077
2024-05-03 22:00:00,3.3666666666666667,264.8333333333333,748.8333333333334,4.716666666666667,
2024-05-03 23:00:00,2.466666666666667,257.5,748.6,4.516666666666667,
2024-05-04 00:00:00,2.8333333333333335,244.66666666666666,748.6833333333334,4.316666666666666,
2024-05-04 01:00:00,2.9333333333333336,256.1666666666667,748.9833333333332,4.016666666666667,
2024-05-04 02:00:00,5.133333333333334,250.16666666666666,749.4499999999999,3.9499999999999997,
2024-05-04 03:00:00,4.1499999999999995,245.33333333333334,749.9499999999999,4.25,
2024-05-04 04:00:00,5.05,247.16666666666666,750.4666666666667,4.033333333333333,
2024-05-04 05:00:00,3.983333333333333,243.16666666666666,750.9666666666667,4.7,
2024-05-04 06:00:00,4.8,246.0,751.4833333333332,5.233333333333333,
2024-05-04 07:00:00,6.216666666666668,257.5,751.9833333333332,6.316666666666666,
2024-05-04 08:00:00,6.933333333333334,254.83333333333334,752.1,8.433333333333334,98.0
2024-05-04 09:00:00,8.266666666666667,257.5,752.1333333333333,9.700000000000001,83.0
2024-05-04 10:00:00,8.166666666666666,256.5,752.1333333333333,10.0,61.333333333333336
2024-05-04 11:00:00,8.033333333333333,252.0,752.3333333333334,10.549999999999999,56.166666666666664
2024-05-04 12:00:00,8.299999999999999,253.66666666666666,752.4499999999999,10.633333333333333,53.333333333333336
2024-05-04 13:00:00,6.683333333333334,257.1666666666667,753.1,8.283333333333333,86.66666666666667
2024-05-04 14:00:00,4.8999999999999995,260.6666666666667,753.25,8.6,79.83333333333333
2024-05-04 15:00:00,3.6333333333333333,257.6666666666667,753.4333333333334,7.783333333333334,76.5
2024-05-04 16:00:00,3.1833333333333336,268.8333333333333,753.85,7.916666666666667,69.83333333333333
2024-05-04 17:00:00,4.383333333333333,253.83333333333334,754.3333333333334,8.0,72.16666666666667
2024-05-04 18:00:00,5.616666666666667,256.0,754.6333333333333,7.916666666666667,80.83333333333333
2024-05-04 19:00:00,4.1000000000000005,263.5,754.3499999999999,6.883333333333333,94.16666666666667
2024-05-04 20:00:00,1.2,254.66666666666666,754.35,5.55,100.0
2024-05-04 21:00:00,0.13333333333333333,226.33333333333334,754.1333333333333,5.016666666666667,100.0
2024-05-04 22:00:00,0.5833333333333334,276.6666666666667,754.0666666666666,5.05,96.16666666666667
2024-05-04 23:00:00,0.11666666666666665,248.5,754.1166666666667,4.533333333333333,98.16666666666667
2024-05-05 00:00:00,0.016666666666666666,201.33333333333334,754.1666666666666,3.75,100.0
2024-05-05 01:00:00,0.15,250.0,754.4333333333334,3.3666666666666667,91.5
2024-05-05 02:00:00,2.4833333333333334,281.5,754.6666666666666,4.6000000000000005,76.5
2024-05-05 03:00:00,1.8499999999999999,271.8333333333333,755.15,6.483333333333333,64.66666666666667
2024-05-05 04:00:00,1.6166666666666665,266.3333333333333,755.7333333333332,8.15,59.666666666666664
2024-05-05 05:00:00,3.2000000000000006,240.33333333333334,756.25,8.9,60.166666666666664
2024-05-05 06:00:00,4.183333333333334,237.0,756.4333333333334,10.4,52.0
2024-05-05 07:00:00,5.2,251.33333333333334,756.7666666666668,11.233333333333334,46.166666666666664
2024-05-05 08:00:00,6.133333333333333,252.5,756.6500000000001,12.533333333333333,38.166666666666664
2024-05-05 09:00:00,7.083333333333333,254.16666666666666,756.6999999999999,12.883333333333333,33.166666666666664
2024-05-05 10:00:00,7.783333333333334,253.33333333333334,756.5166666666668,13.4,35.833333333333336
2024-05-05 11:00:00,7.116666666666667,251.66666666666666,756.2333333333332,13.549999999999999,38.833333333333336
2024-05-05 12:00:00,6.716666666666666,254.33333333333334,756.2833333333333,13.433333333333332,37.833333333333336
2024-05-05 13:00:00,6.583333333333333,254.0,756.3333333333334,12.716666666666667,37.833333333333336
2024-05-05 14:00:00,3.6166666666666667,262.8333333333333,756.7333333333332,9.916666666666666,56.333333333333336
2024-05-05 15:00:00,1.2333333333333334,283.1666666666667,756.7833333333333,9.216666666666667,60.5
2024-05-05 16:00:00,0.5,276.1666666666667,756.9833333333332,8.666666666666666,57.666666666666664
2024-05-05 17:00:00,0.18333333333333335,162.0,757.6,7.533333333333334,59.166666666666664
2024-05-05 18:00:00,0.6333333333333334,69.83333333333333,757.85,7.316666666666666,61.333333333333336
2024-05-05 19:00:00,0.18333333333333335,260.5,757.6166666666667,8.049999999999999,56.666666666666664
2024-05-05 20:00:00,0.7666666666666666,171.83333333333334,757.5,7.533333333333334,59.5
2024-05-05 21:00:00,0.8333333333333334,293.6666666666667,757.2666666666668,7.05,60.833333333333336
2024-05-05 22:00:00,0.65,156.0,757.2166666666667,6.5,63.0
2024-05-05 23:00:00,1.4166666666666667,57.166666666666664,756.8833333333333,7.083333333333333,56.166666666666664
2024-05-06 00:00:00,1.0,61.833333333333336,756.9333333333334,6.683333333333334,56.166666666666664
2024-05-06 01:00:00,0.7833333333333333,55.333333333333336,757.1333333333333,7.183333333333334,51.666666666666664
2024-05-06 02:00:00,0.2333333333333333,75.33333333333333,757.4166666666666,8.15,51.0
2024-05-06 03:00:00,1.0999999999999999,205.83333333333334,758.1833333333334,9.466666666666667,46.0
2024-05-06 04:00:00,1.7,198.66666666666666,759.1166666666667,9.35,46.0
2024-05-06 05:00:00,1.4000000000000001,197.0,759.7666666666668,8.116666666666667,56.666666666666664
2024-05-06 06:00:00,2.1333333333333333,100.5,759.4,8.883333333333333,54.5
2024-05-06 07:00:00,1.8,140.66666666666666,759.4499999999999,9.950000000000001,54.333333333333336
2024-05-06 08:00:00,1.6833333333333333,161.33333333333334,759.0833333333334,9.666666666666666,53.166666666666664
2024-05-06 09:00:00,2.466666666666667,261.6666666666667,758.8833333333333,9.549999999999999,57.0
2024-05-06 10:00:00,2.1166666666666667,249.0,758.7666666666668,8.633333333333333,68.5
2024-05-06 11:00:00,0.39999999999999997,228.16666666666666,758.4,8.683333333333332,68.5
2024-05-06 12:00:00,1.2,95.16666666666667,758.2000000000002,9.233333333333333,65.83333333333333
2024-05-06 13:00:00,0.4166666666666667,163.16666666666666,758.1166666666667,9.033333333333333,66.5
2024-05-06 14:00:00,1.9333333333333333,221.83333333333334,758.4166666666666,8.816666666666668,67.0
2024-05-06 15:00:00,1.0666666666666667,193.33333333333334,758.7333333333332,7.116666666666667,95.16666666666667
2024-05-06 16:00:00,2.3666666666666667,190.16666666666666,759.0333333333333,6.283333333333334,100.0
2024-05-06 17:00:00,3.75,83.5,757.9666666666667,6.316666666666666,100.0
2024-05-06 18:00:00,2.483333333333333,81.16666666666667,757.8499999999999,5.666666666666667,100.0
2024-05-06 19:00:00,3.266666666666667,67.33333333333333,757.6,6.266666666666667,100.0
2024-05-06 20:00:00,3.0833333333333335,39.5,756.9166666666666,6.816666666666666,97.16666666666667
2024-05-06 21:00:00,3.4666666666666663,53.833333333333336,756.2166666666667,7.466666666666666,85.66666666666667
2024-05-06 22:00:00,3.8666666666666667,42.166666666666664,755.35,7.983333333333333,85.66666666666667
2024-05-06 23:00:00,2.9166666666666665,180.66666666666666,755.7333333333332,6.616666666666667,98.66666666666667
2024-05-07 00:00:00,2.516666666666667,139.0,755.8166666666666,5.5,99.0
2024-05-07 01:00:00,4.2,268.5,756.1999999999999,5.1000000000000005,99.33333333333334
2024-05-07 02:00:00,0.7166666666666667,180.66666666666666,756.2166666666667,5.683333333333334,
2024-05-07 03:00:00,2.1166666666666667,242.0,756.4,6.75,100.0
2024-05-07 04:00:00,1.7666666666666666,258.0,756.2166666666667,7.95,99.5
2024-05-07 05:00:00,0.4166666666666667,284.3333333333333,756.1666666666666,9.433333333333334,85.0
2024-05-07 06:00:00,2.0,232.66666666666666,756.0833333333334,10.483333333333333,69.0
2024-05-07 07:00:00,8.033333333333333,265.0,756.3833333333333,7.55,91.75
2024-05-07 08:00:00,4.683333333333334,264.8333333333333,757.3499999999999,7.816666666666666,81.25
2024-05-07 09:00:00,4.566666666666666,251.16666666666666,757.3000000000001,10.733333333333334,69.33333333333333
2024-05-07 10:00:00,5.25,255.33333333333334,756.9833333333332,10.983333333333334,66.16666666666667
2024-05-07 11:00:00,4.966666666666667,254.66666666666666,756.8333333333334,10.799999999999999,65.66666666666667
2024-05-07 12:00:00,5.05,255.5,756.7666666666668,10.366666666666667,62.333333333333336
2024-05-07 13:00:00,4.55,250.0,756.9333333333334,8.35,59.166666666666664
2024-05-07 14:00:00,3.3833333333333333,77.33333333333333,757.15,6.033333333333334,89.5
2024-05-07 15:00:00,1.3666666666666665,80.66666666666667,757.4,5.0,100.0
2024-05-07 16:00:00,0.85,74.33333333333333,757.6,5.783333333333334,95.83333333333333
2024-05-07 17:00:00,1.05,77.16666666666667,757.7333333333332,6.616666666666667,80.66666666666667
2024-05-07 18:00:00,1.75,254.16666666666666,758.1333333333333,7.3,70.0
2024-05-07 19:00:00,1.45,269.1666666666667,758.0333333333333,6.216666666666666,82.5
2024-05-07 20:00:00,1.4166666666666667,273.3333333333333,757.6666666666666,6.233333333333333,79.83333333333333
2024-05-07 21:00:00,0.6,235.0,757.3333333333334,5.333333333333333,82.5
2024-05-07 22:00:00,1.6500000000000001,268.5,757.0333333333333,5.3999999999999995,71.5
2024-05-07 23:00:00,0.4666666666666666,266.0,756.8333333333334,4.816666666666666,62.666666666666664
2024-05-08 00:00:00,0.85,256.0,756.7833333333333,4.833333333333333,58.666666666666664
2024-05-08 01:00:00,0.8166666666666665,273.8333333333333,756.8833333333333,5.216666666666667,54.333333333333336
2024-05-08 02:00:00,0.3166666666666667,215.16666666666666,757.2666666666668,5.0,55.666666666666664
2024-05-08 03:00:00,2.316666666666667,266.5,757.4166666666666,6.683333333333334,54.0
2024-05-08 04:00:00,3.6833333333333336,268.3333333333333,757.5500000000001,8.35,50.833333333333336
2024-05-08 05:00:00,3.25,265.0,757.6333333333333,9.283333333333333,48.5
2024-05-08 06:00:00,4.2,250.83333333333334,757.75,10.116666666666667,47.666666666666664
2024-05-08 07:00:00,3.716666666666667,244.83333333333334,757.8833333333333,10.666666666666666,45.666666666666664
2024-05-08 08:00:00,3.766666666666667,255.83333333333334,757.7833333333333,11.016666666666666,44.666666666666664
2024-05-08 09:00:00,3.6,256.6666666666667,757.6,10.5,43.833333333333336
2024-05-08 10:00:00,3.0666666666666664,245.66666666666666,757.35,10.733333333333334,40.833333333333336
2024-05-08 11:00:00,2.966666666666667,232.33333333333334,757.1,10.816666666666668,40.0
2024-05-08 12:00:00,1.9833333333333334,245.33333333333334,756.8833333333333,10.916666666666666,40.333333333333336
2024-05-08 13:00:00,3.0499999999999994,248.33333333333334,756.8166666666666,11.200000000000001,40.666666666666664
2024-05-08 14:00:00,2.6666666666666665,302.0,757.0,9.6,44.166666666666664
2024-05-08 15:00:00,2.983333333333333,317.0,757.3333333333334,8.666666666666666,46.333333333333336
2024-05-08 16:00:00,2.25,225.16666666666666,757.5666666666666,8.15,48.5
2024-05-08 17:00:00,1.7333333333333334,69.0,757.8666666666667,7.733333333333333,48.833333333333336
2024-05-08 18:00:00,1.1666666666666667,87.16666666666667,758.0333333333333,7.716666666666666,50.833333333333336
2024-05-08 19:00:00,3.516666666666667,247.33333333333334,757.9833333333332,7.6499999999999995,46.0
2024-05-08 20:00:00,2.0,74.16666666666667,757.2666666666668,6.05,58.0
2024-05-08 21:00:00,1.2833333333333334,98.66666666666667,756.8333333333334,5.083333333333333,60.666666666666664
2024-05-08 22:00:00,2.2333333333333334,71.16666666666667,756.6833333333334,4.416666666666667,70.33333333333333
2024-05-08 23:00:00,1.4000000000000001,79.66666666666667,756.6333333333333,4.666666666666667,60.833333333333336
2024-05-09 00:00:00,1.5166666666666668,103.5,756.7333333333332,4.216666666666666,62.333333333333336
2024-05-09 01:00:00,2.033333333333333,220.0,757.0166666666668,5.033333333333333,53.333333333333336
2024-05-09 02:00:00,1.2833333333333332,116.83333333333333,757.2166666666667,5.166666666666667,55.833333333333336
2024-05-09 03:00:00,1.0333333333333332,117.5,757.5,7.483333333333334,51.666666666666664
2024-05-09 04:00:00,1.7166666666666668,129.0,757.6333333333333,9.0,45.166666666666664
2024-05-09 05:00:00,2.25,229.5,757.7833333333333,7.716666666666666,43.333333333333336
2024-05-09 06:00:00,2.9,226.83333333333334,757.9,9.016666666666667,39.166666666666664
2024-05-09 07:00:00,3.3666666666666667,245.5,757.7999999999998,10.0,37.833333333333336
2024-05-09 08:00:00,3.5,244.83333333333334,757.6166666666667,10.416666666666666,38.0
2024-05-09 09:00:00,2.783333333333333,252.16666666666666,757.3833333333333,10.283333333333333,35.5
2024-05-09 10:00:00,3.9166666666666665,261.6666666666667,757.1500000000001,11.066666666666668,36.5
2024-05-09 11:00:00,3.366666666666667,222.16666666666666,756.9833333333332,10.450000000000001,38.833333333333336
2024-05-09 12:00:00,7.383333333333333,25.833333333333332,757.1666666666666,7.733333333333334,54.5
2024-05-09 13:00:00,5.166666666666667,22.833333333333332,757.4833333333332,9.083333333333334,49.0
2024-05-09 14:00:00,2.8166666666666664,79.66666666666667,757.6166666666667,8.700000000000001,46.5
2024-05-09 15:00:00,2.35,119.83333333333333,758.1,6.966666666666666,53.166666666666664
2024-05-09 16:00:00,2.6166666666666667,119.83333333333333,758.6666666666666,6.3,57.166666666666664
2024-05-09 17:00:00,2.033333333333333,83.0,759.25,5.166666666666667,66.0
2024-05-09 18:00:00,2.566666666666667,87.83333333333333,759.4666666666667,4.333333333333333,72.83333333333333
2024-05-09 19:00:00,2.433333333333333,84.5,759.5166666666668,4.133333333333334,71.0
2024-05-09 20:00:00,2.533333333333333,74.16666666666667,759.4499999999999,3.9,71.83333333333333
2024-05-09 21:00:00,1.0666666666666667,150.33333333333334,759.3833333333333,3.716666666666667,71.0
2024-05-09 22:00:00,0.3833333333333333,164.5,759.5666666666666,3.733333333333333,69.66666666666667
2024-05-09 23:00:00,0.8833333333333334,59.333333333333336,759.6333333333333,2.9,77.0
2024-05-10 00:00:00,1.1333333333333335,62.333333333333336,759.3666666666667,2.75,77.83333333333333
2024-05-10 01:00:00,1.1166666666666667,38.0,759.3833333333333,2.283333333333333,83.83333333333333
2024-05-10 02:00:00,0.9333333333333332,280.1666666666667,759.9,3.3666666666666667,76.66666666666667
2024-05-10 03:00:00,1.0,251.33333333333334,760.1166666666667,5.3500000000000005,66.5
2024-05-10 04:00:00,1.2166666666666666,170.33333333333334,760.1,7.8999999999999995,57.0
2024-05-10 05:00:00,2.15,244.0,760.3166666666666,8.083333333333334,61.666666666666664
2024-05-10 06:00:00,3.3333333333333335,226.0,760.4333333333334,8.65,61.833333333333336
2024-05-10 07:00:00,3.6666666666666665,239.16666666666666,760.5833333333334,9.633333333333333,59.833333333333336
2024-05-10 08:00:00,3.6333333333333333,233.33333333333334,760.3666666666667,10.450000000000001,56.333333333333336
2024-05-10 09:00:00,4.066666666666666,235.33333333333334,760.2000000000002,11.116666666666667,53.333333333333336
2024-05-10 10:00:00,3.85,237.83333333333334,760.2166666666667,11.5,52.0
2024-05-10 11:00:00,3.6999999999999997,258.6666666666667,760.1500000000001,12.016666666666666,50.5
2024-05-10 12:00:00,3.6166666666666667,259.0,760.1833333333334,11.783333333333333,50.0
2024-05-10 13:00:00,3.6,256.5,760.3166666666666,11.85,49.0
2024-05-10 14:00:00,3.3666666666666667,252.66666666666666,760.6333333333333,10.516666666666667,51.833333333333336
2024-05-10 15:00:00,3.533333333333333,185.66666666666666,761.1833333333334,9.583333333333334,53.833333333333336
2024-05-10 16:00:00,5.7,15.333333333333334,761.4833333333332,8.316666666666666,55.833333333333336
2024-05-10 17:00:00,3.6666666666666665,62.166666666666664,761.8333333333334,7.983333333333333,56.666666666666664
2024-05-10 18:00:00,2.4166666666666665,104.5,762.0833333333334,7.633333333333333,59.0
2024-05-10 19:00:00,1.3833333333333335,95.33333333333333,762.1333333333333,7.883333333333333,55.0
2024-05-10 20:00:00,1.05,110.66666666666667,762.3833333333333,7.55,55.333333333333336
2024-05-10 21:00:00,0.6,138.16666666666666,762.4333333333334,6.8,57.833333333333336
2024-05-10 22:00:00,0.18333333333333335,43.166666666666664,762.3000000000001,5.933333333333334,62.833333333333336
2024-05-10 23:00:00,0.46666666666666673,62.166666666666664,762.3166666666666,5.95,62.833333333333336
2024-05-11 00:00:00,0.8833333333333333,75.16666666666667,762.1666666666666,5.916666666666667,65.0
2024-05-11 01:00:00,0.9500000000000001,52.166666666666664,762.4166666666666,5.716666666666666,66.16666666666667
2024-05-11 02:00:00,1.0999999999999999,129.33333333333334,762.75,6.166666666666667,72.16666666666667
2024-05-11 03:00:00,0.5333333333333333,70.5,763.0666666666666,9.9,51.166666666666664
2024-05-11 04:00:00,0.9833333333333334,229.83333333333334,763.4166666666666,11.316666666666668,48.166666666666664
2024-05-11 05:00:00,2.1999999999999997,225.0,763.5666666666666,11.483333333333334,47.833333333333336
2024-05-11 06:00:00,3.1999999999999997,219.16666666666666,763.6666666666666,12.15,46.666666666666664
2024-05-11 07:00:00,3.9,241.16666666666666,763.5833333333334,13.15,43.333333333333336
2024-05-11 08:00:00,4.066666666666666,234.83333333333334,763.35,13.700000000000001,39.666666666666664
2024-05-11 09:00:00,3.5666666666666664,235.16666666666666,763.2333333333332,14.4,37.166666666666664
2024-05-11 10:00:00,3.4166666666666665,233.66666666666666,763.0666666666666,15.1,35.333333333333336
2024-05-11 11:00:00,3.9666666666666663,244.66666666666666,762.7833333333333,15.316666666666668,34.833333333333336
2024-05-11 12:00:00,3.9,255.0,762.6,15.333333333333334,33.166666666666664
2024-05-11 13:00:00,2.933333333333333,237.0,762.5500000000001,15.200000000000001,31.166666666666668
2024-05-11 14:00:00,2.9333333333333336,244.0,762.5333333333333,14.25,32.5
2024-05-11 15:00:00,2.3000000000000003,254.66666666666666,762.6999999999999,12.483333333333334,37.166666666666664
2024-05-11 16:00:00,0.75,317.3333333333333,762.8333333333334,10.283333333333333,47.5
2024-05-11 17:00:00,1.95,249.0,762.7999999999998,9.516666666666667,49.666666666666664
2024-05-11 18:00:00,1.3833333333333335,32.833333333333336,762.6833333333334,8.933333333333334,51.333333333333336
2024-05-11 19:00:00,1.2,70.66666666666667,762.3333333333334,9.266666666666667,48.666666666666664
2024-05-11 20:00:00,1.0166666666666666,56.333333333333336,762.0666666666666,9.433333333333334,48.666666666666664
2024-05-11 21:00:00,1.3,134.0,761.65,8.516666666666667,53.666666666666664
2024-05-11 22:00:00,1.3499999999999999,204.33333333333334,761.4499999999999,8.666666666666666,50.666666666666664
2024-05-11 23:00:00,1.1833333333333333,87.83333333333333,761.1833333333334,8.166666666666666,50.5
2024-05-12 00:00:00,1.7833333333333332,348.6666666666667,760.8333333333334,7.783333333333334,49.666666666666664
2024-05-12 01:00:00,0.9166666666666666,213.66666666666666,760.9499999999999,8.15,47.666666666666664
2024-05-12 02:00:00,1.55,244.0,761.1999999999999,8.833333333333334,49.166666666666664
2024-05-12 03:00:00,1.0333333333333334,93.83333333333333,761.1333333333333,12.816666666666668,36.5
2024-05-12 04:00:00,0.6333333333333333,135.83333333333334,761.25,15.1,29.166666666666668
2024-05-12 05:00:00,1.1166666666666667,222.83333333333334,761.15,15.766666666666667,29.0
2024-05-12 06:00:00,2.766666666666667,226.66666666666666,761.3166666666666,15.916666666666666,31.0
2024-05-12 07:00:00,3.5833333333333335,252.83333333333334,761.8666666666667,15.283333333333333,33.833333333333336
2024-05-12 08:00:00,1.6833333333333333,124.5,761.0,16.45,30.333333333333332
2024-05-12 09:00:00,1.5833333333333333,147.16666666666666,760.6166666666667,16.933333333333334,31.0
2024-05-12 10:00:00,2.1999999999999997,226.83333333333334,760.4,17.166666666666668,31.666666666666668
2024-05-12 11:00:00,2.533333333333333,238.16666666666666,759.75,18.683333333333334,29.333333333333332
2024-05-12 12:00:00,3.3166666666666664,247.16666666666666,759.2166666666667,18.766666666666666,28.666666666666668
2024-05-12 13:00:00,2.9333333333333336,239.5,759.2333333333332,17.650000000000002,28.666666666666668
2024-05-12 14:00:00,1.2833333333333334,193.5,759.3833333333333,16.95,29.0
2024-05-12 15:00:00,3.766666666666666,199.16666666666666,760.3666666666667,13.5,49.333333333333336
2024-05-12 16:00:00,1.9833333333333334,83.66666666666667,759.8333333333334,12.683333333333332,54.5
2024-05-12 17:00:00,1.05,52.5,759.8166666666666,13.483333333333334,45.833333333333336
2024-05-12 18:00:00,1.8166666666666664,84.83333333333333,759.6833333333334,15.1,35.0
2024-05-12 19:00:00,4.083333333333333,212.83333333333334,759.25,16.5,31.166666666666668
2024-05-12 20:00:00,1.8833333333333335,81.33333333333333,758.85,15.383333333333333,34.333333333333336
2024-05-12 21:00:00,1.5833333333333333,86.33333333333333,758.5,15.716666666666667,31.666666666666668
2024-05-12 22:00:00,1.4000000000000001,201.33333333333334,758.2833333333333,15.299999999999999,33.166666666666664
2024-05-12 23:00:00,1.8666666666666665,228.16666666666666,758.1999999999999,15.75,31.0
2024-05-13 00:00:00,3.9,225.33333333333334,758.1166666666667,15.733333333333334,33.0
2024-05-13 01:00:00,3.5999999999999996,217.0,758.15,15.366666666666667,35.0
2024-05-13 02:00:00,1.3666666666666665,246.5,758.25,14.916666666666666,39.166666666666664
2024-05-13 03:00:00,1.5166666666666666,275.3333333333333,758.4333333333334,15.216666666666667,42.333333333333336
2024-05-13 04:00:00,3.5666666666666664,271.6666666666667,758.2166666666667,16.283333333333335,40.5
2024-05-13 05:00:00,6.25,268.8333333333333,758.1666666666666,15.533333333333333,43.166666666666664
2024-05-13 06:00:00,4.883333333333334,282.1666666666667,758.6666666666666,13.466666666666667,55.333333333333336
2024-05-13 07:00:00,3.6666666666666665,240.33333333333334,759.2166666666667,12.016666666666666,65.0
2024-05-13 08:00:00,2.3333333333333335,93.0,758.6999999999999,12.216666666666667,69.0
2024-05-13 09:00:00,0.8166666666666668,134.0,757.7833333333333,13.933333333333332,55.0
2024-05-13 10:00:00,0.18333333333333335,146.33333333333334,756.9333333333334,15.283333333333333,48.166666666666664
2024-05-13 11:00:00,1.8666666666666665,152.16666666666666,755.6833333333334,15.933333333333332,44.666666666666664
2024-05-13 12:00:00,3.5,256.0,756.3166666666666,13.716666666666667,56.833333333333336
2024-05-13 13:00:00,4.8500000000000005,279.8333333333333,757.7333333333332,9.333333333333334,99.25
2024-05-13 14:00:00,4.3,178.0,757.7333333333332,8.866666666666667,100.0
2024-05-13 15:00:00,4.116666666666666,49.333333333333336,756.8666666666667,9.85,93.25
2024-05-13 16:00:00,2.066666666666667,79.33333333333333,756.7166666666667,10.75,86.5
2024-05-13 17:00:00,2.216666666666667,115.83333333333333,756.9333333333334,10.966666666666667,81.0
2024-05-13 18:00:00,1.6833333333333333,44.166666666666664,756.4499999999999,10.216666666666667,93.16666666666667
2024-05-13 19:00:00,1.0,53.666666666666664,755.85,10.083333333333334,94.66666666666667
2024-05-13 20:00:00,1.45,108.16666666666667,755.3333333333334,10.183333333333334,92.33333333333333
2024-05-13 21:00:00,1.45,161.33333333333334,755.3333333333334,9.633333333333333,96.33333333333333
2024-05-13 22:00:00,0.9,146.33333333333334,754.8333333333334,9.466666666666667,99.5
2024-05-13 23:00:00,1.6833333333333336,257.3333333333333,754.7666666666668,9.866666666666667,94.33333333333333
2024-05-14 00:00:00,1.0666666666666667,79.33333333333333,754.9833333333332,9.049999999999999,99.83333333333333
2024-05-14 01:00:00,0.6333333333333334,179.5,754.7666666666668,9.166666666666666,100.0
2024-05-14 02:00:00,0.5666666666666667,274.3333333333333,755.0666666666666,9.700000000000001,89.5
2024-05-14 03:00:00,0.03333333333333333,148.66666666666666,755.3833333333333,10.299999999999999,90.0
2024-05-14 04:00:00,0.0,257.0,755.8000000000001,11.233333333333334,81.16666666666667
2024-05-14 05:00:00,0.5666666666666667,211.33333333333334,755.9833333333332,12.283333333333333,72.5
2024-05-14 06:00:00,2.266666666666667,278.1666666666667,756.1500000000001,13.183333333333332,74.33333333333333
2024-05-14 07:00:00,3.75,260.5,756.1833333333334,14.166666666666666,69.33333333333333
2024-05-14 08:00:00,3.6333333333333333,254.66666666666666,756.2833333333333,14.5,65.66666666666667
2024-05-14 09:00:00,4.45,247.83333333333334,756.2333333333332,15.5,50.5
2024-05-14 10:00:00,4.95,245.5,755.8666666666667,15.799999999999999,45.166666666666664
2024-05-14 11:00:00,7.866666666666667,258.1666666666667,756.0666666666666,14.583333333333334,43.333333333333336
2024-05-14 12:00:00,2.5833333333333335,88.16666666666667,756.5500000000001,11.883333333333333,47.5
2024-05-14 13:00:00,1.75,198.16666666666666,756.0166666666668,14.533333333333333,40.0
2024-05-14 14:00:00,2.5500000000000003,266.1666666666667,756.1,14.75,43.5
2024-05-14 15:00:00,0.2833333333333333,116.5,756.3833333333333,12.65,53.666666666666664
2024-05-14 16:00:00,0.18333333333333335,268.3333333333333,756.6833333333334,11.450000000000001,54.5
2024-05-14 17:00:00,0.0,187.66666666666666,757.0333333333333,11.0,56.0
2024-05-14 18:00:00,0.45,266.3333333333333,757.25,10.916666666666666,52.666666666666664
2024-05-14 19:00:00,0.35000000000000003,252.33333333333334,757.3833333333333,10.416666666666666,54.0
2024-05-14 20:00:00,0.3,227.0,757.3666666666667,10.116666666666667,54.166666666666664
2024-05-14 21:00:00,0.09999999999999999,173.33333333333334,757.4666666666667,8.833333333333334,58.333333333333336
2024-05-14 22:00:00,0.9333333333333335,280.0,757.5833333333334,9.15,55.5
2024-05-14 23:00:00,1.0666666666666667,261.0,757.8166666666666,8.5,52.333333333333336
2024-05-15 00:00:00,3.3333333333333335,271.1666666666667,757.9,8.566666666666666,48.166666666666664
2024-05-15 01:00:00,3.5666666666666664,269.5,758.15,8.516666666666667,39.833333333333336
2024-05-15 02:00:00,3.3333333333333335,271.1666666666667,758.5666666666666,8.85,37.0
2024-05-15 03:00:00,3.716666666666667,257.5,759.0333333333333,10.516666666666667,36.5
2024-05-15 04:00:00,5.1499999999999995,265.3333333333333,759.3000000000001,11.866666666666667,36.333333333333336
2024-05-15 05:00:00,5.066666666666666,271.6666666666667,759.4666666666667,12.733333333333334,38.833333333333336
2024-05-15 06:00:00,5.05,256.5,759.5833333333334,13.466666666666667,38.833333333333336
2024-05-15 07:00:00,4.733333333333333,255.0,759.7833333333333,14.266666666666666,40.833333333333336
2024-05-15 08:00:00,5.2,252.66666666666666,759.5500000000001,15.166666666666666,38.666666666666664
2024-05-15 09:00:00,5.933333333333334,262.8333333333333,759.4,15.083333333333334,33.666666666666664
2024-05-15 10:00:00,4.883333333333334,247.83333333333334,759.15,15.716666666666667,32.666666666666664
2024-05-15 11:00:00,4.8500000000000005,257.8333333333333,758.9,16.116666666666667,31.666666666666668
2024-05-15 12:00:00,4.416666666666667,258.0,758.75,16.21666666666667,27.666666666666668
2024-05-15 13:00:00,3.983333333333333,259.1666666666667,758.9,15.816666666666668,27.0
2024-05-15 14:00:00,1.8333333333333333,281.3333333333333,759.0833333333334,15.416666666666666,26.833333333333332
2024-05-15 15:00:00,0.7000000000000001,319.5,759.1500000000001,12.666666666666666,38.666666666666664
2024-05-15 16:00:00,1.2833333333333334,201.5,759.4166666666666,11.766666666666666,40.166666666666664
2024-05-15 17:00:00,0.75,97.5,760.0166666666668,9.45,61.5
2024-05-15 18:00:00,0.8833333333333333,88.66666666666667,760.5,10.15,47.666666666666664
2024-05-15 19:00:00,1.1166666666666667,75.83333333333333,760.5166666666668,10.816666666666668,44.5
2024-05-15 20:00:00,3.066666666666667,176.66666666666666,760.4333333333334,11.450000000000001,44.166666666666664
2024-05-15 21:00:00,2.1999999999999997,260.5,760.1,10.950000000000001,47.0
2024-05-15 22:00:00,0.9666666666666668,33.5,760.1166666666667,9.916666666666666,58.333333333333336
2024-05-15 23:00:00,1.9000000000000001,82.16666666666667,759.9,9.966666666666667,57.5
2024-05-16 00:00:00,2.15,126.33333333333333,760.0833333333334,10.049999999999999,60.5
2024-05-16 01:00:00,2.6166666666666667,196.0,760.3833333333333,9.366666666666665,69.16666666666667
2024-05-16 02:00:00,2.4,81.66666666666667,760.6833333333334,9.066666666666666,72.83333333333333
2024-05-16 03:00:00,1.4833333333333334,78.66666666666667,760.9833333333332,11.766666666666666,53.833333333333336
2024-05-16 04:00:00,1.0999999999999999,230.16666666666666,761.25,13.016666666666666,48.166666666666664
2024-05-16 05:00:00,1.95,237.0,761.5,13.033333333333333,49.5
2024-05-16 06:00:00,3.3833333333333333,248.66666666666666,761.4333333333334,14.216666666666667,42.166666666666664
2024-05-16 07:00:00,4.233333333333333,249.33333333333334,761.3666666666667,14.666666666666666,36.666666666666664
2024-05-16 08:00:00,5.183333333333334,252.5,761.1666666666666,14.5,35.0
2024-05-16 09:00:00,4.483333333333333,254.0,760.6833333333334,15.549999999999999,27.5
2024-05-16 10:00:00,4.283333333333333,256.1666666666667,760.2166666666667,16.433333333333334,22.333333333333332
2024-05-16 11:00:00,5.95,255.16666666666666,759.9166666666666,16.183333333333334,19.666666666666668
2024-05-16 12:00:00,6.316666666666666,253.83333333333334,759.8499999999999,16.333333333333332,20.0
2024-05-16 13:00:00,5.966666666666666,254.5,759.8333333333334,15.933333333333332,21.166666666666668
2024-05-16 14:00:00,5.1000000000000005,256.6666666666667,759.9499999999999,14.950000000000001,24.0
2024-05-16 15:00:00,3.4499999999999997,258.6666666666667,760.0166666666668,13.35,28.333333333333332
2024-05-16 16:00:00,1.55,293.0,760.0666666666666,12.166666666666666,31.333333333333332
2024-05-16 17:00:00,0.4166666666666667,277.0,760.4499999999999,12.016666666666666,33.5
2024-05-16 18:00:00,3.766666666666667,260.6666666666667,760.8333333333334,11.966666666666667,36.166666666666664
2024-05-16 19:00:00,0.16666666666666666,266.1666666666667,760.4499999999999,11.0,44.833333333333336
2024-05-16 20:00:00,3.4166666666666665,254.0,760.0333333333333,11.049999999999999,43.333333333333336
2024-05-16 21:00:00,1.75,254.0,759.6333333333333,10.15,45.833333333333336
2024-05-16 22:00:00,1.5166666666666666,229.5,759.5666666666666,9.966666666666667,48.5
2024-05-16 23:00:00,0.9500000000000001,87.83333333333333,759.1833333333334,7.8500000000000005,62.5
2024-05-17 00:00:00,0.8333333333333334,277.1666666666667,759.3333333333334,8.35,56.0
2024-05-17 01:00:00,1.95,255.33333333333334,759.3833333333333,8.3,53.333333333333336
2024-05-17 02:00:00,2.8166666666666664,261.6666666666667,759.3833333333333,7.916666666666667,54.0
2024-05-17 03:00:00,1.9333333333333333,281.5,759.3833333333333,8.833333333333334,47.833333333333336
2024-05-17 04:00:00,2.4,240.66666666666666,759.2166666666667,10.549999999999999,45.333333333333336
2024-05-17 05:00:00,4.816666666666666,254.33333333333334,759.2166666666667,11.299999999999999,43.166666666666664
2024-05-17 06:00:00,5.016666666666667,255.16666666666666,759.0,12.566666666666668,41.0
2024-05-17 07:00:00,6.616666666666667,251.16666666666666,758.6999999999999,12.616666666666667,39.333333333333336
2024-05-17 08:00:00,7.533333333333332,253.16666666666666,758.9833333333332,11.35,47.833333333333336
2024-05-17 09:00:00,5.866666666666667,257.1666666666667,758.4833333333332,12.549999999999999,47.166666666666664
2024-05-17 10:00:00,5.666666666666667,244.66666666666666,757.9499999999999,13.366666666666667,42.666666666666664
2024-05-17 11:00:00,5.8999999999999995,248.0,757.65,12.950000000000001,41.166666666666664
2024-05-17 12:00:00,5.866666666666667,262.5,758.0500000000001,10.266666666666667,58.833333333333336
2024-05-17 13:00:00,2.533333333333333,254.83333333333334,757.5,12.383333333333333,51.0
2024-05-17 14:00:00,3.8333333333333335,262.5,757.1666666666666,12.6,46.166666666666664
2024-05-17 15:00:00,2.3000000000000003,257.0,757.1666666666666,11.283333333333333,49.333333333333336
2024-05-17 16:00:00,0.3666666666666667,200.0,757.4333333333334,9.200000000000001,61.833333333333336
2024-05-17 17:00:00,1.2,71.66666666666667,757.7166666666667,8.266666666666667,72.33333333333333
2024-05-17 18:00:00,0.75,73.83333333333333,757.7166666666667,7.6499999999999995,77.5
2024-05-17 19:00:00,0.03333333333333333,99.16666666666667,757.6,7.6000000000000005,71.66666666666667
2024-05-17 20:00:00,0.4166666666666667,270.8333333333333,757.5,7.733333333333333,66.0
2024-05-17 21:00:00,0.75,290.6666666666667,757.25,8.566666666666666,59.833333333333336
2024-05-17 22:00:00,0.6666666666666666,271.1666666666667,757.0666666666666,8.416666666666666,56.333333333333336
2024-05-17 23:00:00,2.0500000000000003,261.5,756.7833333333333,7.766666666666667,56.666666666666664
2024-05-18 00:00:00,3.15,267.8333333333333,756.5166666666668,8.25,49.833333333333336
2024-05-18 01:00:00,3.033333333333333,258.6666666666667,756.5333333333333,7.833333333333333,48.666666666666664
2024-05-18 02:00:00,2.8333333333333335,256.6666666666667,756.6833333333334,8.133333333333333,47.833333333333336
2024-05-18 03:00:00,2.8333333333333335,265.0,756.9499999999999,9.450000000000001,45.333333333333336
2024-05-18 04:00:00,3.3000000000000003,249.83333333333334,757.0500000000001,10.633333333333333,41.666666666666664
2024-05-18 05:00:00,4.55,257.8333333333333,757.1166666666667,11.4,33.5
2024-05-18 06:00:00,5.716666666666666,260.3333333333333,757.2333333333332,12.166666666666666,27.5
2024-05-18 07:00:00,7.433333333333334,269.6666666666667,757.0833333333334,12.383333333333333,24.166666666666668
2024-05-18 08:00:00,6.8500000000000005,267.0,756.8000000000001,12.783333333333333,24.5
2024-05-18 09:00:00,6.866666666666667,253.16666666666666,756.6333333333333,12.883333333333333,27.0
2024-05-18 10:00:00,6.2,258.3333333333333,756.5833333333334,13.233333333333334,25.166666666666668
2024-05-18 11:00:00,6.8999999999999995,254.5,756.3000000000001,13.666666666666666,24.833333333333332
2024-05-18 12:00:00,8.65,260.3333333333333,756.0833333333334,13.833333333333334,22.833333333333332
2024-05-18 13:00:00,8.733333333333333,253.66666666666666,755.9333333333334,13.566666666666668,23.166666666666668
2024-05-18 14:00:00,6.516666666666667,267.5,756.2333333333332,13.216666666666667,24.166666666666668
2024-05-18 15:00:00,5.483333333333333,264.3333333333333,756.7166666666667,11.950000000000001,28.0
2024-05-18 16:00:00,3.75,263.6666666666667,757.0666666666666,10.866666666666667,32.0
2024-05-18 17:00:00,3.716666666666667,279.1666666666667,757.1500000000001,10.450000000000001,33.0
2024-05-18 18:00:00,4.3500000000000005,281.8333333333333,757.2000000000002,10.333333333333334,32.333333333333336
2024-05-18 19:00:00,2.9,200.33333333333334,757.0833333333334,9.566666666666668,33.666666666666664
2024-05-18 20:00:00,3.283333333333333,305.3333333333333,756.9499999999999,9.166666666666666,31.166666666666668
2024-05-18 21:00:00,2.2333333333333334,117.16666666666667,756.8833333333333,6.566666666666666,46.833333333333336
2024-05-18 22:00:00,2.466666666666667,83.33333333333333,756.8166666666666,5.2,54.0
2024-05-18 23:00:00,2.733333333333333,78.5,756.9333333333334,4.316666666666667,59.333333333333336
2024-05-19 00:00:00,2.5166666666666666,74.66666666666667,756.8499999999999,4.45,55.166666666666664
2024-05-19 01:00:00,1.9000000000000001,68.5,757.25,4.3,54.5
2024-05-19 02:00:00,2.2666666666666666,77.16666666666667,757.7833333333333,4.466666666666666,59.833333333333336
2024-05-19 03:00:00,1.9166666666666667,94.5,758.2666666666668,7.45,50.833333333333336
2024-05-19 04:00:00,1.25,174.33333333333334,758.6999999999999,9.9,41.833333333333336
2024-05-19 05:00:00,2.3666666666666667,247.5,758.9666666666667,10.216666666666667,43.0
2024-05-19 06:00:00,2.983333333333333,247.0,759.0666666666666,10.566666666666666,46.0
2024-05-19 07:00:00,3.25,244.5,759.1166666666667,11.0,46.166666666666664
2024-05-19 08:00:00,3.1,251.16666666666666,758.8833333333333,11.549999999999999,44.833333333333336
2024-05-19 09:00:00,4.05,250.0,758.6500000000001,11.983333333333334,43.166666666666664
2024-05-19 10:00:00,3.8166666666666664,245.5,758.2833333333333,12.316666666666668,41.5
2024-05-19 11:00:00,4.166666666666667,239.83333333333334,757.9166666666666,12.516666666666666,39.666666666666664
2024-05-19 12:00:00,3.6999999999999997,238.83333333333334,757.75,12.083333333333334,40.166666666666664
2024-05-19 13:00:00,2.183333333333333,270.3333333333333,757.3833333333333,12.216666666666667,39.166666666666664
2024-05-19 14:00:00,2.033333333333333,248.83333333333334,757.1666666666666,12.083333333333334,38.666666666666664
2024-05-19 15:00:00,0.7666666666666666,283.3333333333333,757.2833333333333,10.316666666666666,42.333333333333336
2024-05-19 16:00:00,1.3833333333333335,99.16666666666667,757.3666666666667,8.216666666666667,53.333333333333336
2024-05-19 17:00:00,2.1,73.66666666666667,757.6333333333333,8.0,49.666666666666664
2024-05-19 18:00:00,2.033333333333333,41.666666666666664,757.5666666666666,8.833333333333334,47.166666666666664
2024-05-19 19:00:00,0.5499999999999999,141.5,757.6999999999999,9.733333333333333,45.833333333333336
2024-05-19 20:00:00,0.9,172.33333333333334,757.5833333333334,9.75,45.0
2024-05-19 21:00:00,1.0833333333333333,181.33333333333334,757.25,9.700000000000001,44.0
2024-05-19 22:00:00,3.0,283.8333333333333,757.7666666666668,8.133333333333333,56.5
2024-05-19 23:00:00,0.5,301.5,757.4666666666667,8.516666666666667,52.666666666666664
2024-05-20 00:00:00,0.8666666666666667,269.3333333333333,757.3833333333333,8.266666666666667,51.666666666666664
2024-05-20 01:00:00,0.19999999999999998,237.0,757.5,7.333333333333333,54.166666666666664
2024-05-20 02:00:00,0.35000000000000003,274.1666666666667,757.6666666666666,7.816666666666666,51.0
2024-05-20 03:00:00,1.5833333333333333,259.1666666666667,758.0833333333334,9.683333333333332,48.166666666666664
2024-05-20 04:00:00,1.6666666666666667,243.83333333333334,758.4333333333334,11.133333333333333,45.0
2024-05-20 05:00:00,2.1166666666666667,235.5,758.6666666666666,12.0,40.0
2024-05-20 06:00:00,2.6666666666666665,239.83333333333334,758.9499999999999,12.533333333333333,40.666666666666664
2024-05-20 07:00:00,3.1999999999999997,234.33333333333334,759.0,13.299999999999999,40.166666666666664
2024-05-20 08:00:00,3.783333333333333,242.33333333333334,759.0333333333333,14.1,36.833333333333336
2024-05-20 09:00:00,3.6333333333333333,240.5,758.8833333333333,14.85,34.5
2024-05-20 10:00:00,3.3666666666666667,238.83333333333334,758.5166666666668,15.25,33.833333333333336
2024-05-20 11:00:00,3.4166666666666665,246.66666666666666,758.2333333333332,15.75,33.0
2024-05-20 12:00:00,3.466666666666667,232.5,758.1,15.850000000000001,32.5
2024-05-20 13:00:00,2.766666666666667,249.5,758.0500000000001,15.583333333333334,33.333333333333336
2024-05-20 14:00:00,2.066666666666667,242.16666666666666,758.2833333333333,14.316666666666668,34.833333333333336
2024-05-20 15:00:00,1.2833333333333334,220.66666666666666,758.6333333333333,13.799999999999999,35.333333333333336
2024-05-20 16:00:00,0.7833333333333333,247.33333333333334,758.8000000000001,13.566666666666668,36.5
2024-05-20 17:00:00,1.2166666666666666,258.1666666666667,759.0833333333334,13.049999999999999,40.333333333333336
2024-05-20 18:00:00,0.6833333333333335,288.8333333333333,759.1666666666666,12.816666666666668,42.0
2024-05-20 19:00:00,0.15,267.1666666666667,759.3333333333334,12.366666666666667,44.833333333333336
2024-05-20 20:00:00,1.1666666666666667,269.5,759.6166666666667,11.966666666666667,48.833333333333336
2024-05-20 21:00:00,4.916666666666667,304.6666666666667,759.6,11.566666666666665,48.666666666666664
2024-05-20 22:00:00,3.483333333333333,271.8333333333333,759.2833333333333,11.799999999999999,46.833333333333336
2024-05-20 23:00:00,2.6999999999999997,287.3333333333333,759.1666666666666,10.799999999999999,59.0
2024-05-21 00:00:00,3.283333333333333,283.1666666666667,759.1,10.983333333333334,57.833333333333336
2024-05-21 01:00:00,2.6,270.5,759.1,11.016666666666666,56.333333333333336
2024-05-21 02:00:00,0.7000000000000001,294.3333333333333,759.2833333333333,11.083333333333334,58.333333333333336
2024-05-21 03:00:00,1.1333333333333333,265.1666666666667,759.5,12.35,56.166666666666664
2024-05-21 04:00:00,2.6166666666666667,266.5,759.6999999999999,13.666666666666666,51.0
2024-05-21 05:00:00,3.283333333333333,240.16666666666666,759.8499999999999,14.283333333333333,52.5
2024-05-21 06:00:00,3.9,232.0,759.9666666666667,14.833333333333334,46.666666666666664
2024-05-21 07:00:00,4.483333333333333,255.66666666666666,760.0166666666668,15.416666666666666,44.833333333333336
2024-05-21 08:00:00,3.8666666666666667,248.33333333333334,759.8166666666666,16.3,41.0
2024-05-21 09:00:00,2.716666666666667,270.0,759.5166666666668,16.133333333333333,38.833333333333336
2024-05-21 10:00:00,2.75,218.0,759.0,16.766666666666666,36.0
2024-05-21 11:00:00,3.3666666666666667,261.1666666666667,758.7666666666668,16.133333333333336,36.5
2024-05-21 12:00:00,4.8,271.3333333333333,759.0333333333333,14.783333333333333,41.833333333333336
2024-05-21 13:00:00,8.65,295.1666666666667,760.35,9.433333333333334,86.33333333333333
2024-05-21 14:00:00,3.8333333333333335,304.6666666666667,760.6666666666666,10.15,64.66666666666667
2024-05-21 15:00:00,1.4666666666666668,149.16666666666666,760.7666666666668,10.183333333333334,67.16666666666667
2024-05-21 16:00:00,2.1666666666666665,82.66666666666667,760.7166666666667,9.25,74.5
2024-05-21 17:00:00,2.5500000000000003,81.16666666666667,760.8666666666667,8.883333333333335,78.0
2024-05-21 18:00:00,2.2333333333333334,74.5,760.7833333333333,9.15,75.83333333333333
2024-05-21 19:00:00,2.2333333333333334,86.16666666666667,760.4166666666666,9.200000000000001,74.0
2024-05-21 20:00:00,2.15,69.83333333333333,759.9,9.483333333333333,70.66666666666667
2024-05-21 21:00:00,0.7833333333333333,216.16666666666666,759.8166666666666,9.833333333333334,68.33333333333333
2024-05-21 22:00:00,0.3,173.5,759.7666666666668,9.616666666666667,73.0
2024-05-21 23:00:00,2.4166666666666665,79.5,759.4166666666666,9.033333333333333,83.16666666666667
2024-05-22 00:00:00,1.5,85.5,759.0666666666666,8.483333333333333,88.66666666666667
2024-05-22 01:00:00,0.9166666666666666,48.5,758.9499999999999,7.716666666666666,88.83333333333333
2024-05-22 02:00:00,0.31666666666666665,71.66666666666667,759.0500000000001,8.483333333333333,83.66666666666667
2024-05-22 03:00:00,0.26666666666666666,198.0,759.2000000000002,11.583333333333334,60.833333333333336
2024-05-22 04:00:00,1.0166666666666666,265.3333333333333,759.2833333333333,12.783333333333333,56.0
2024-05-22 05:00:00,1.4833333333333334,242.16666666666666,759.4,13.35,55.166666666666664
2024-05-22 06:00:00,2.8166666666666664,240.33333333333334,759.5666666666666,14.5,50.666666666666664
2024-05-22 07:00:00,3.1166666666666667,234.0,759.5833333333334,15.116666666666667,50.166666666666664
2024-05-22 08:00:00,3.25,235.5,759.35,15.666666666666666,48.833333333333336
2024-05-22 09:00:00,3.65,248.66666666666666,759.0833333333334,15.766666666666667,46.5
2024-05-22 10:00:00,3.766666666666667,259.1666666666667,758.7166666666667,16.283333333333335,41.666666666666664
2024-05-22 11:00:00,3.5,260.0,758.2833333333333,16.283333333333335,39.666666666666664
2024-05-22 12:00:00,3.3833333333333333,257.3333333333333,757.9,16.716666666666665,35.833333333333336
2024-05-22 13:00:00,2.966666666666667,258.1666666666667,757.8000000000001,15.549999999999999,37.5
2024-05-22 14:00:00,2.8166666666666664,257.5,757.75,14.866666666666667,40.666666666666664
2024-05-22 15:00:00,4.566666666666666,284.8333333333333,757.7333333333332,13.583333333333334,46.5
2024-05-22 16:00:00,5.833333333333333,256.6666666666667,758.5833333333334,12.4,48.833333333333336
2024-05-22 17:00:00,4.6000000000000005,254.33333333333334,760.0666666666666,8.566666666666666,85.0
2024-05-22 18:00:00,1.6500000000000001,241.83333333333334,759.8833333333333,6.983333333333333,88.4
2024-05-22 19:00:00,2.15,102.66666666666667,758.9499999999999,7.2,91.8
2024-05-22 20:00:00,2.216666666666667,98.66666666666667,757.9333333333334,7.533333333333334,
2024-05-22 21:00:00,2.5,156.33333333333334,757.4833333333332,8.200000000000001,98.6
2024-05-22 22:00:00,0.7999999999999999,155.16666666666666,757.3166666666666,8.166666666666666,99.66666666666667
2024-05-22 23:00:00,1.7,245.16666666666666,757.2166666666667,7.916666666666667,99.75
2024-05-23 00:00:00,0.8666666666666667,107.5,756.9166666666666,7.0,99.56666666666666
2024-05-23 01:00:00,0.9500000000000001,87.16666666666667,756.8333333333334,7.433333333333334,99.38333333333334
2024-05-23 02:00:00,0.7166666666666667,78.83333333333333,757.0,7.8999999999999995,99.2
2024-05-23 03:00:00,1.0666666666666667,139.66666666666666,756.9833333333332,10.166666666666666,76.0
2024-05-23 04:00:00,1.2333333333333334,254.66666666666666,757.25,12.066666666666668,56.833333333333336
2024-05-23 05:00:00,2.6833333333333336,236.16666666666666,757.5166666666668,12.166666666666666,66.0
2024-05-23 06:00:00,2.6,233.83333333333334,757.6333333333333,12.783333333333333,68.5
2024-05-23 07:00:00,3.266666666666667,233.16666666666666,757.5333333333333,13.65,66.66666666666667
2024-05-23 08:00:00,3.85,240.66666666666666,757.4333333333334,13.65,63.333333333333336
2024-05-23 09:00:00,4.0,242.0,757.3166666666666,13.983333333333334,65.66666666666667
2024-05-23 10:00:00,4.75,250.5,756.9833333333332,14.4,58.0
2024-05-23 11:00:00,4.3999999999999995,248.33333333333334,756.6833333333334,15.216666666666667,48.333333333333336
2024-05-23 12:00:00,3.9499999999999997,250.66666666666666,756.6666666666666,15.416666666666666,48.333333333333336
2024-05-23 13:00:00,4.05,247.16666666666666,756.7166666666667,15.116666666666667,46.166666666666664
2024-05-23 14:00:00,3.783333333333333,251.0,756.7833333333333,14.1,45.833333333333336
2024-05-23 15:00:00,2.6833333333333336,213.0,757.0,12.983333333333334,42.666666666666664
2024-05-23 16:00:00,1.6666666666666667,90.5,757.3333333333334,9.9,70.33333333333333
2024-05-23 17:00:00,2.4499999999999997,80.5,757.6666666666666,8.866666666666667,81.33333333333333
2024-05-23 18:00:00,1.45,70.33333333333333,757.5,8.799999999999999,77.33333333333333
2024-05-23 19:00:00,1.5999999999999999,75.16666666666667,757.5333333333333,8.816666666666666,69.0
2024-05-23 20:00:00,0.6,116.83333333333333,757.4333333333334,8.733333333333333,64.83333333333333
2024-05-23 21:00:00,0.8166666666666668,80.16666666666667,757.1833333333334,9.116666666666667,57.666666666666664
2024-05-23 22:00:00,1.45,70.0,757.1999999999999,8.75,54.833333333333336
2024-05-23 23:00:00,1.7333333333333334,70.33333333333333,757.2333333333332,8.566666666666666,56.0
2024-05-24 00:00:00,1.4000000000000001,90.0,757.2000000000002,8.450000000000001,56.166666666666664
2024-05-24 01:00:00,1.2,93.0,757.2833333333333,8.166666666666666,49.833333333333336
2024-05-24 02:00:00,0.7333333333333334,93.16666666666667,757.5500000000001,9.033333333333333,45.833333333333336
2024-05-24 03:00:00,1.1666666666666667,94.5,757.7666666666668,12.366666666666667,38.333333333333336
2024-05-24 04:00:00,1.3666666666666665,80.83333333333333,758.1333333333333,14.450000000000001,34.5
2024-05-24 05:00:00,1.8166666666666667,223.33333333333334,758.3166666666666,14.299999999999999,38.5
2024-05-24 06:00:00,3.266666666666667,221.33333333333334,758.6166666666667,14.766666666666666,40.166666666666664
2024-05-24 07:00:00,3.5833333333333335,241.0,758.6999999999999,15.533333333333333,37.166666666666664
2024-05-24 08:00:00,4.05,241.16666666666666,758.5500000000001,15.983333333333334,38.833333333333336
2024-05-24 09:00:00,4.283333333333333,249.16666666666666,758.3166666666666,16.5,38.166666666666664
2024-05-24 10:00:00,4.05,251.0,758.25,16.566666666666666,35.0
2024-05-24 11:00:00,4.133333333333334,259.5,758.2000000000002,16.283333333333335,35.833333333333336
2024-05-24 12:00:00,4.116666666666666,264.5,758.1833333333334,15.566666666666668,38.166666666666664
2024-05-24 13:00:00,2.8166666666666664,253.33333333333334,758.1,16.583333333333332,35.333333333333336
2024-05-24 14:00:00,2.783333333333333,259.6666666666667,758.1666666666666,15.9,32.5
2024-05-24 15:00:00,3.0,251.33333333333334,758.4833333333332,14.5,39.666666666666664
2024-05-24 16:00:00,2.9499999999999997,254.16666666666666,759.15,14.016666666666666,43.166666666666664
2024-05-24 17:00:00,3.483333333333333,279.6666666666667,759.7333333333332,13.25,45.166666666666664
2024-05-24 18:00:00,2.85,316.6666666666667,760.0333333333333,12.516666666666666,48.0
2024-05-24 19:00:00,3.5500000000000003,305.1666666666667,759.8000000000001,12.883333333333333,38.166666666666664
2024-05-24 20:00:00,0.8166666666666668,149.66666666666666,759.9,11.450000000000001,46.333333333333336
2024-05-24 21:00:00,0.7833333333333332,98.83333333333333,759.8499999999999,9.866666666666667,54.833333333333336
2024-05-24 22:00:00,1.05,94.83333333333333,759.8833333333333,9.916666666666666,55.833333333333336
2024-05-24 23:00:00,1.7666666666666666,79.66666666666667,759.5166666666668,10.033333333333333,52.0
2024-05-25 00:00:00,1.2166666666666668,65.33333333333333,759.3666666666667,9.85,52.166666666666664
2024-05-25 01:00:00,1.1333333333333333,66.5,759.6333333333333,9.049999999999999,57.166666666666664
2024-05-25 02:00:00,0.26666666666666666,258.0,760.2333333333332,10.783333333333333,52.666666666666664
2024-05-25 03:00:00,1.8666666666666665,259.0,760.7333333333332,12.5,48.666666666666664
2024-05-25 04:00:00,2.4166666666666665,314.1666666666667,761.25,12.333333333333334,54.0
2024-05-25 05:00:00,1.1166666666666667,206.83333333333334,761.1500000000001,14.383333333333333,44.5
2024-05-25 06:00:00,1.7,221.5,761.4666666666667,15.0,45.333333333333336
2024-05-25 07:00:00,2.433333333333333,233.16666666666666,761.6999999999999,16.0,42.833333333333336
2024-05-25 08:00:00,2.566666666666667,264.1666666666667,761.5166666666668,16.916666666666668,42.5
2024-05-25 09:00:00,2.966666666666667,243.66666666666666,761.3000000000001,17.45,41.0
2024-05-25 10:00:00,2.1666666666666665,231.33333333333334,761.0666666666666,17.316666666666666,39.333333333333336
2024-05-25 11:00:00,2.3333333333333335,178.83333333333334,760.8166666666666,17.366666666666667,34.666666666666664
2024-05-25 12:00:00,2.766666666666667,260.6666666666667,760.5166666666668,17.95,26.5
2024-05-25 13:00:00,1.6500000000000001,195.33333333333334,760.2833333333333,18.150000000000002,28.833333333333332
2024-05-25 14:00:00,2.2,187.83333333333334,760.2000000000002,18.066666666666666,29.166666666666668
2024-05-25 15:00:00,1.0333333333333334,74.0,760.2166666666667,15.633333333333333,36.0
2024-05-25 16:00:00,2.65,94.83333333333333,760.0500000000001,13.516666666666666,49.166666666666664
2024-05-25 17:00:00,5.466666666666668,231.16666666666666,760.1999999999999,12.083333333333334,60.666666666666664
2024-05-25 18:00:00,4.1000000000000005,200.0,761.8833333333333,10.1,82.66666666666667
2024-05-25 19:00:00,3.1166666666666667,93.33333333333333,761.9166666666666,10.549999999999999,75.16666666666667
2024-05-25 20:00:00,2.216666666666667,137.5,762.2166666666667,9.933333333333334,88.0
2024-05-25 21:00:00,5.316666666666666,68.33333333333333,761.9,9.5,86.66666666666667
2024-05-25 22:00:00,2.966666666666667,88.5,761.65,9.65,87.0
2024-05-25 23:00:00,3.65,82.33333333333333,761.4,10.200000000000001,77.83333333333333
2024-05-26 00:00:00,2.766666666666667,87.16666666666667,761.3333333333334,9.783333333333333,85.5
2024-05-26 01:00:00,1.2833333333333334,78.83333333333333,761.5833333333334,10.666666666666666,72.33333333333333
2024-05-26 02:00:00,0.7333333333333334,236.33333333333334,761.6500000000001,11.733333333333334,64.83333333333333
2024-05-26 03:00:00,0.11666666666666668,309.6666666666667,761.9666666666667,13.633333333333333,53.5
2024-05-26 04:00:00,1.5,241.16666666666666,762.1833333333334,14.716666666666667,50.333333333333336
2024-05-26 05:00:00,1.05,116.66666666666667,762.2000000000002,16.03333333333333,46.5
2024-05-26 06:00:00,1.8833333333333335,118.16666666666667,762.3666666666667,16.5,45.833333333333336
2024-05-26 07:00:00,1.5,133.66666666666666,762.4833333333332,16.766666666666666,47.5
2024-05-26 08:00:00,2.1166666666666667,215.5,762.35,17.099999999999998,50.333333333333336
2024-05-26 09:00:00,2.4499999999999997,209.33333333333334,761.9833333333332,17.716666666666665,48.166666666666664
2024-05-26 10:00:00,2.6333333333333333,243.66666666666666,761.4833333333332,18.866666666666667,44.833333333333336
2024-05-26 11:00:00,2.2333333333333334,280.0,761.0666666666666,19.016666666666666,41.833333333333336
2024-05-26 12:00:00,3.1999999999999997,256.5,760.7333333333335,19.416666666666668,36.833333333333336
2024-05-26 13:00:00,3.216666666666667,227.66666666666666,760.5500000000001,19.3,34.666666666666664
2024-05-26 14:00:00,2.6,165.33333333333334,760.3499999999999,18.083333333333332,36.333333333333336
2024-05-26 15:00:00,4.883333333333334,243.66666666666666,761.5,15.216666666666667,49.333333333333336
2024-05-26 16:00:00,4.366666666666666,142.83333333333334,761.3166666666666,11.583333333333334,74.5
2024-05-26 17:00:00,0.6,80.83333333333333,761.5333333333333,11.983333333333334,71.83333333333333
2024-05-26 18:00:00,1.75,78.0,761.3833333333333,11.866666666666667,72.66666666666667
2024-05-26 19:00:00,1.8666666666666665,85.5,761.2833333333333,13.366666666666667,55.0
2024-05-26 20:00:00,1.3499999999999999,75.0,760.6999999999999,13.0,58.166666666666664
2024-05-26 21:00:00,1.2833333333333334,69.66666666666667,760.3666666666667,13.516666666666666,50.666666666666664
2024-05-26 22:00:00,1.5333333333333334,71.33333333333333,760.2999999999998,13.266666666666666,48.5
2024-05-26 23:00:00,1.3499999999999999,55.5,760.2166666666667,13.133333333333333,48.666666666666664
2024-05-27 00:00:00,2.3333333333333335,40.833333333333336,760.0500000000001,13.133333333333333,47.333333333333336
2024-05-27 01:00:00,1.8499999999999999,54.0,760.0666666666666,12.75,48.666666666666664
2024-05-27 02:00:00,1.1833333333333333,62.166666666666664,760.35,13.483333333333334,48.0
2024-05-27 03:00:00,1.9166666666666667,65.66666666666667,760.6833333333334,16.366666666666667,39.0
2024-05-27 04:00:00,0.75,127.0,760.8166666666666,17.900000000000002,37.0
2024-05-27 05:00:00,2.1,254.83333333333334,760.8666666666667,17.566666666666666,40.0
2024-05-27 06:00:00,2.4,248.16666666666666,761.0333333333333,18.099999999999998,40.166666666666664
2024-05-27 07:00:00,2.5500000000000003,241.33333333333334,761.1333333333333,18.85,40.833333333333336
2024-05-27 08:00:00,2.783333333333333,256.5,761.1666666666666,19.216666666666665,37.166666666666664
2024-05-27 09:00:00,3.783333333333333,252.33333333333334,761.0166666666668,20.066666666666666,33.333333333333336
2024-05-27 10:00:00,3.6,242.33333333333334,760.7833333333333,20.25,29.333333333333332
2024-05-27 11:00:00,3.566666666666667,252.83333333333334,760.6500000000001,21.083333333333332,25.333333333333332
2024-05-27 12:00:00,3.15,258.5,760.6,21.25,20.333333333333332
2024-05-27 13:00:00,3.266666666666667,263.0,760.5500000000001,20.650000000000002,22.166666666666668
2024-05-27 14:00:00,4.2,267.8333333333333,760.6666666666666,19.766666666666666,25.166666666666668
2024-05-27 15:00:00,1.9000000000000001,209.33333333333334,760.8666666666667,17.783333333333335,30.5
2024-05-27 16:00:00,2.0833333333333335,83.16666666666667,761.1833333333334,14.216666666666667,45.666666666666664
2024-05-27 17:00:00,2.4,90.33333333333333,761.4166666666666,13.466666666666667,46.0
2024-05-27 18:00:00,1.95,82.33333333333333,761.2833333333333,14.583333333333334,33.666666666666664
2024-05-27 19:00:00,2.0166666666666666,147.5,760.9666666666667,15.049999999999999,32.0
2024-05-27 20:00:00,1.9166666666666667,80.83333333333333,760.8166666666666,14.033333333333333,37.0
2024-05-27 21:00:00,2.5500000000000003,69.16666666666667,760.8000000000001,12.833333333333334,44.5
2024-05-27 22:00:00,2.4166666666666665,72.83333333333333,760.6333333333333,11.916666666666666,49.666666666666664
2024-05-27 23:00:00,2.716666666666667,65.5,760.6333333333333,11.850000000000001,50.333333333333336
2024-05-28 00:00:00,2.2166666666666663,71.0,760.85,11.6,49.5
2024-05-28 01:00:00,2.183333333333333,80.5,761.1,10.6,53.833333333333336
2024-05-28 02:00:00,3.1166666666666667,68.66666666666667,761.3666666666667,11.700000000000001,52.166666666666664
2024-05-28 03:00:00,2.1,81.5,761.65,14.799999999999999,44.5
2024-05-28 04:00:00,1.5666666666666667,104.16666666666667,761.8833333333333,17.8,39.333333333333336
2024-05-28 05:00:00,1.0666666666666667,189.66666666666666,762.1500000000001,19.2,27.833333333333332
2024-05-28 06:00:00,2.2666666666666666,240.16666666666666,762.4,19.349999999999998,27.0
2024-05-28 07:00:00,3.1166666666666667,248.66666666666666,762.4499999999999,19.833333333333332,27.333333333333332
2024-05-28 08:00:00,3.6166666666666667,243.0,762.3333333333334,20.400000000000002,27.166666666666668
2024-05-28 09:00:00,3.3000000000000003,244.5,762.0666666666666,20.78333333333333,26.166666666666668
2024-05-28 10:00:00,4.033333333333333,250.5,761.75,21.26666666666667,26.833333333333332
2024-05-28 11:00:00,3.6833333333333336,239.5,761.5333333333333,21.183333333333334,26.666666666666668
2024-05-28 12:00:00,4.166666666666667,253.5,761.4499999999999,21.266666666666666,25.166666666666668
2024-05-28 13:00:00,4.016666666666667,261.3333333333333,761.2666666666668,21.03333333333333,21.166666666666668
2024-05-28 14:00:00,4.1000000000000005,252.16666666666666,761.1999999999999,20.283333333333335,21.0
2024-05-28 15:00:00,2.0,161.33333333333334,761.5666666666666,17.849999999999998,29.0
2024-05-28 16:00:00,4.3500000000000005,32.5,761.7833333333333,16.183333333333334,34.333333333333336
2024-05-28 17:00:00,7.416666666666667,66.66666666666667,761.9333333333334,16.116666666666667,32.166666666666664
2024-05-28 18:00:00,5.633333333333333,124.16666666666667,762.1333333333333,16.0,28.833333333333332
2024-05-28 19:00:00,3.5500000000000003,55.0,762.1999999999999,15.466666666666667,28.5
2024-05-28 20:00:00,1.3833333333333335,71.33333333333333,762.0666666666666,13.816666666666668,33.333333333333336
2024-05-28 21:00:00,1.75,75.66666666666667,761.9333333333334,13.033333333333333,33.833333333333336
2024-05-28 22:00:00,2.35,88.66666666666667,761.7333333333332,12.516666666666666,36.166666666666664
2024-05-28 23:00:00,1.5666666666666667,75.5,761.5666666666666,12.233333333333334,36.166666666666664
2024-05-29 00:00:00,1.8166666666666667,68.0,761.5166666666668,12.016666666666666,34.833333333333336
2024-05-29 01:00:00,2.183333333333333,63.166666666666664,761.7166666666667,12.0,33.666666666666664
2024-05-29 02:00:00,1.75,74.83333333333333,762.0333333333333,12.783333333333333,34.833333333333336
2024-05-29 03:00:00,0.6166666666666667,97.0,762.2833333333333,16.8,29.666666666666668
2024-05-29 04:00:00,0.8333333333333334,196.5,762.3666666666667,17.95,28.333333333333332
2024-05-29 05:00:00,1.55,231.33333333333334,762.3833333333333,18.583333333333332,29.166666666666668
2024-05-29 06:00:00,2.3333333333333335,227.66666666666666,762.4666666666667,18.866666666666667,26.833333333333332
2024-05-29 07:00:00,3.6,239.5,762.5166666666668,19.333333333333332,26.5
2024-05-29 08:00:00,3.3166666666666664,234.66666666666666,762.1999999999999,19.916666666666668,27.833333333333332
2024-05-29 09:00:00,2.6833333333333336,235.0,761.8833333333333,20.316666666666666,27.833333333333332
2024-05-29 10:00:00,3.6,249.83333333333334,761.6,20.8,27.833333333333332
2024-05-29 11:00:00,3.6999999999999997,241.66666666666666,761.2833333333333,21.033333333333335,26.333333333333332
2024-05-29 12:00:00,3.216666666666667,240.16666666666666,761.0666666666666,21.01666666666667,25.333333333333332
2024-05-29 13:00:00,2.8000000000000003,247.83333333333334,761.0666666666666,20.816666666666666,24.333333333333332
2024-05-29 14:00:00,3.216666666666667,255.5,761.0333333333333,20.05,24.5
2024-05-29 15:00:00,1.7666666666666666,273.1666666666667,761.1500000000001,18.366666666666667,25.166666666666668
2024-05-29 16:00:00,1.0,115.5,761.3833333333333,16.166666666666668,31.333333333333332
2024-05-29 17:00:00,1.5166666666666666,109.16666666666667,761.6333333333333,15.383333333333335,33.0
2024-05-29 18:00:00,2.2333333333333334,87.0,761.6833333333334,15.766666666666666,31.166666666666668
2024-05-29 19:00:00,2.5166666666666666,111.83333333333333,761.5666666666666,15.116666666666667,31.833333333333332
2024-05-29 20:00:00,1.6666666666666667,85.0,761.4499999999999,14.016666666666666,35.0
2024-05-29 21:00:00,2.35,67.33333333333333,761.3166666666666,13.583333333333334,35.666666666666664
2024-05-29 22:00:00,1.8333333333333333,71.66666666666667,761.4,13.066666666666668,37.833333333333336
2024-05-29 23:00:00,1.6500000000000001,73.66666666666667,761.5166666666668,12.85,38.666666666666664
2024-05-30 00:00:00,0.5166666666666667,57.833333333333336,761.8000000000001,13.1,37.166666666666664
2024-05-30 01:00:00,0.7166666666666667,31.5,762.15,13.266666666666666,35.666666666666664
2024-05-30 02:00:00,1.9333333333333333,345.5,762.3833333333333,13.966666666666667,36.5
2024-05-30 03:00:00,0.6666666666666666,277.0,762.6166666666667,17.133333333333333,30.833333333333332
2024-05-30 04:00:00,1.0999999999999999,272.8333333333333,762.8666666666667,18.3,29.0
2024-05-30 05:00:00,1.7166666666666668,275.6666666666667,762.9499999999999,19.166666666666668,29.666666666666668
2024-05-30 06:00:00,2.1999999999999997,235.16666666666666,763.0333333333333,19.916666666666668,29.333333333333332
2024-05-30 07:00:00,2.316666666666667,222.5,763.0833333333334,20.533333333333335,27.0
2024-05-30 08:00:00,3.1,232.33333333333334,762.9,21.21666666666667,25.5
2024-05-30 09:00:00,3.283333333333333,230.0,762.7333333333332,21.916666666666668,23.666666666666668
2024-05-30 10:00:00,2.966666666666667,245.83333333333334,762.6333333333333,22.566666666666666,22.666666666666668
2024-05-30 11:00:00,2.983333333333333,223.5,762.5166666666668,22.78333333333333,21.333333333333332
2024-05-30 12:00:00,3.15,229.33333333333334,762.4833333333332,22.883333333333336,21.0
2024-05-30 13:00:00,2.6166666666666667,254.16666666666666,762.5,22.71666666666667,20.666666666666668
2024-05-30 14:00:00,2.1,258.3333333333333,762.6,22.183333333333334,21.0
2024-05-30 15:00:00,1.0,176.5,762.9499999999999,20.116666666666667,25.833333333333332
2024-05-30 16:00:00,2.1333333333333333,103.16666666666667,763.1833333333334,17.633333333333333,33.166666666666664
2024-05-30 17:00:00,2.4,112.0,763.4166666666666,17.28333333333333,32.666666666666664
2024-05-30 18:00:00,2.3666666666666667,81.16666666666667,763.5833333333334,17.150000000000002,32.0
2024-05-30 19:00:00,2.1666666666666665,95.16666666666667,763.6166666666667,15.716666666666667,36.0
2024-05-30 20:00:00,2.4166666666666665,74.0,763.5666666666666,15.316666666666668,36.666666666666664
2024-05-30 21:00:00,1.9833333333333332,69.16666666666667,763.5500000000001,15.15,36.0
2024-05-30 22:00:00,0.6,59.333333333333336,763.7000000000002,15.25,34.5
2024-05-30 23:00:00,1.0833333333333333,119.83333333333333,763.8000000000001,15.033333333333333,34.5
2024-05-31 00:00:00,1.2,175.0,764.25,15.133333333333333,34.166666666666664
2024-05-31 01:00:00,2.466666666666667,298.5,764.4833333333332,14.183333333333332,37.0
2024-05-31 02:00:00,2.1,338.6666666666667,764.8000000000001,15.583333333333334,35.5
2024-05-31 03:00:00,0.31666666666666665,286.0,765.1833333333334,18.516666666666666,30.666666666666668
2024-05-31 04:00:00,1.6666666666666667,265.5,765.5833333333334,19.816666666666666,29.5
2024-05-31 05:00:00,2.283333333333333,231.0,765.9,20.483333333333334,29.333333333333332
2024-05-31 06:00:00,2.466666666666667,217.0,765.9833333333332,21.216666666666665,26.666666666666668
2024-05-31 07:00:00,2.8333333333333335,236.16666666666666,765.8166666666666,22.166666666666668,25.166666666666668
2024-05-31 08:00:00,3.1333333333333333,248.5,765.6333333333333,22.833333333333332,23.666666666666668
2024-05-31 09:00:00,2.983333333333333,248.33333333333334,765.3166666666666,23.5,21.666666666666668
2024-05-31 10:00:00,3.6999999999999997,230.33333333333334,765.0333333333333,23.8,20.833333333333332
2024-05-31 11:00:00,4.2,254.16666666666666,764.7166666666667,24.233333333333334,20.833333333333332
2024-05-31 12:00:00,2.9166666666666665,228.5,764.6166666666667,23.95,20.166666666666668
2024-05-31 13:00:00,3.25,244.83333333333334,764.3833333333333,23.816666666666666,19.333333333333332
2024-05-31 14:00:00,3.0666666666666664,253.33333333333334,764.4,23.11666666666667,20.0
2024-05-31 15:00:00,1.8333333333333333,273.0,764.5833333333334,21.266666666666666,22.5
2024-05-31 16:00:00,1.2,328.3333333333333,764.6833333333334,18.8,27.833333333333332
2024-05-31 17:00:00,1.45,152.66666666666666,764.7166666666667,17.849999999999998,29.166666666666668
2024-05-31 18:00:00,0.7666666666666666,83.16666666666667,764.8166666666666,16.783333333333335,32.5
2024-05-31 19:00:00,0.43333333333333335,59.0,764.6666666666666,16.583333333333332,32.166666666666664
2024-05-31 20:00:00,1.6666666666666667,79.16666666666667,764.3666666666667,16.45,30.833333333333332
2024-05-31 21:00:00,1.0333333333333334,71.0,764.0666666666666,16.316666666666666,28.833333333333332
2024-05-31 22:00:00,0.9333333333333335,31.0,763.6833333333334,16.333333333333332,28.833333333333332
2024-05-31 23:00:00,1.75,340.5,763.5,16.166666666666668,29.666666666666668
2024-06-01 00:00:00,1.6166666666666665,236.5,763.5,15.633333333333333,31.166666666666668
2024-06-01 01:00:00,1.4833333333333334,30.333333333333332,763.5166666666668,15.233333333333334,33.0
2024-06-01 02:00:00,1.1833333333333333,62.666666666666664,763.5500000000001,16.5,32.666666666666664
2024-06-01 03:00:00,1.3166666666666667,64.5,763.7833333333333,20.05,27.0
2024-06-01 04:00:00,2.6999999999999997,79.0,763.9666666666667,21.599999999999998,23.0
2024-06-01 05:00:00,1.2833333333333334,74.0,763.9333333333334,22.916666666666668,22.5
2024-06-01 06:00:00,1.6333333333333335,205.5,763.9166666666666,23.099999999999998,22.5
2024-06-01 07:00:00,2.783333333333333,231.83333333333334,763.8333333333334,23.45,22.666666666666668
2024-06-01 08:00:00,3.6,260.1666666666667,763.4666666666667,24.21666666666667,21.5
2024-06-01 09:00:00,3.616666666666667,212.0,762.9833333333332,24.766666666666666,19.5
2024-06-01 10:00:00,4.533333333333333,258.6666666666667,762.6666666666666,25.366666666666664,19.0
2024-06-01 11:00:00,4.083333333333333,238.66666666666666,762.35,25.28333333333333,18.166666666666668
2024-06-01 12:00:00,4.8,258.8333333333333,761.9333333333334,25.28333333333333,17.0
2024-06-01 13:00:00,3.8666666666666667,261.0,761.7833333333333,24.933333333333334,15.5
2024-06-01 14:00:00,2.3833333333333333,264.5,761.5166666666668,24.366666666666664,14.333333333333334
2024-06-01 15:00:00,1.0833333333333333,283.6666666666667,761.4,22.133333333333336,18.5
2024-06-01 16:00:00,1.8666666666666665,348.6666666666667,761.3833333333333,19.483333333333334,22.666666666666668
2024-06-01 17:00:00,1.5999999999999999,147.5,761.4666666666667,19.116666666666667,22.0
2024-06-01 18:00:00,0.65,72.33333333333333,761.15,19.03333333333333,21.166666666666668
2024-06-01 19:00:00,0.5499999999999999,193.66666666666666,760.7333333333332,19.383333333333333,21.333333333333332
2024-06-01 20:00:00,1.6333333333333335,282.3333333333333,760.4166666666666,20.016666666666666,20.0
2024-06-01 21:00:00,2.1666666666666665,274.0,760.15,18.3,23.333333333333332
2024-06-01 22:00:00,1.3666666666666665,68.66666666666667,759.8666666666667,17.349999999999998,25.5
2024-06-01 23:00:00,1.3333333333333333,66.66666666666667,759.75,17.233333333333334,25.5
2024-06-02 00:00:00,2.9,90.83333333333333,759.8166666666666,15.683333333333332,35.5
2024-06-02 01:00:00,3.4333333333333336,99.66666666666667,759.9,13.816666666666668,56.833333333333336
2024-06-02 02:00:00,3.0833333333333335,90.33333333333333,760.0,14.166666666666666,57.5
2024-06-02 03:00:00,2.8000000000000003,103.0,760.1333333333333,16.5,50.5
2024-06-02 04:00:00,3.033333333333333,111.66666666666667,760.3666666666667,18.75,42.833333333333336
2024-06-02 05:00:00,3.0500000000000003,106.0,760.5833333333334,19.816666666666666,39.833333333333336
2024-06-02 06:00:00,2.733333333333333,104.5,760.75,20.400000000000002,38.666666666666664
2024-06-02 07:00:00,2.8166666666666664,120.83333333333333,760.6666666666666,21.05,32.666666666666664
2024-06-02 08:00:00,2.866666666666667,195.83333333333334,760.5333333333333,22.21666666666667,23.666666666666668
2024-06-02 09:00:00,3.8333333333333335,237.83333333333334,760.4499999999999,23.066666666666666,18.5
2024-06-02 10:00:00,3.0500000000000003,260.0,760.2833333333333,23.516666666666666,16.166666666666668
2024-06-02 11:00:00,2.85,223.83333333333334,759.9833333333332,23.400000000000002,16.333333333333332
2024-06-02 12:00:00,2.6333333333333333,129.83333333333334,759.9166666666666,21.55,26.5
2024-06-02 13:00:00,3.1,134.83333333333334,759.8499999999999,19.783333333333335,31.666666666666668
2024-06-02 14:00:00,3.35,116.33333333333333,760.0833333333334,18.283333333333335,37.166666666666664
2024-06-02 15:00:00,3.1666666666666665,111.16666666666667,760.4333333333334,15.316666666666668,45.833333333333336
2024-06-02 16:00:00,4.016666666666667,104.66666666666667,760.4499999999999,14.366666666666667,40.166666666666664
2024-06-02 17:00:00,3.8333333333333335,84.83333333333333,760.6999999999999,14.966666666666667,31.166666666666668
2024-06-02 18:00:00,6.316666666666666,47.666666666666664,760.75,14.85,28.5
2024-06-02 19:00:00,12.866666666666667,16.666666666666668,760.5333333333333,12.733333333333334,41.333333333333336
2024-06-02 20:00:00,13.5,15.666666666666666,760.3666666666667,12.4,42.5
2024-06-02 21:00:00,8.033333333333333,17.166666666666668,760.1500000000001,13.916666666666666,29.333333333333332
2024-06-02 22:00:00,6.583333333333333,24.0,760.1666666666666,13.866666666666667,27.833333333333332
2024-06-02 23:00:00,5.1000000000000005,27.0,760.25,13.533333333333333,28.5
2024-06-03 00:00:00,7.8,22.333333333333332,760.4833333333332,12.533333333333333,35.333333333333336
2024-06-03 01:00:00,4.716666666666666,28.166666666666668,760.8333333333334,12.549999999999999,37.166666666666664
2024-06-03 02:00:00,4.416666666666667,31.5,761.25,13.083333333333334,38.166666666666664
2024-06-03 03:00:00,2.3666666666666667,54.5,761.5500000000001,15.1,35.833333333333336
2024-06-03 04:00:00,2.9333333333333336,52.333333333333336,761.7666666666668,16.25,34.166666666666664
2024-06-03 05:00:00,3.016666666666666,38.666666666666664,761.9833333333332,16.8,33.833333333333336
2024-06-03 06:00:00,3.65,62.5,762.1666666666666,17.8,33.333333333333336
2024-06-03 07:00:00,3.9,59.5,762.2999999999998,18.433333333333334,31.666666666666668
2024-06-03 08:00:00,2.966666666666667,103.33333333333333,762.1666666666666,19.3,29.5
2024-06-03 09:00:00,2.75,116.5,761.8000000000001,20.466666666666665,29.0
2024-06-03 10:00:00,3.5833333333333335,223.33333333333334,761.6333333333333,20.483333333333334,30.833333333333332
2024-06-03 11:00:00,3.283333333333333,241.66666666666666,761.5,20.916666666666668,29.666666666666668
2024-06-03 12:00:00,2.8333333333333335,269.3333333333333,761.4,20.866666666666664,28.166666666666668
2024-06-03 13:00:00,2.783333333333333,236.5,761.3666666666667,20.766666666666666,26.666666666666668
2024-06-03 14:00:00,2.5166666666666666,156.66666666666666,761.5166666666668,19.0,33.5
2024-06-03 15:00:00,2.316666666666667,109.5,761.7833333333333,16.2,43.333333333333336
2024-06-03 16:00:00,1.9666666666666666,107.0,762.0333333333333,14.383333333333333,49.333333333333336
2024-06-03 17:00:00,2.6,95.66666666666667,762.2833333333333,13.316666666666668,54.5
2024-06-03 18:00:00,2.75,80.66666666666667,762.4333333333334,12.416666666666666,60.0
2024-06-03 19:00:00,2.966666666666667,72.83333333333333,762.25,11.983333333333334,60.5
2024-06-03 20:00:00,2.966666666666667,69.5,762.0666666666666,11.533333333333333,61.666666666666664
2024-06-03 21:00:00,3.0500000000000003,65.33333333333333,761.9166666666666,11.016666666666666,64.33333333333333
2024-06-03 22:00:00,3.1666666666666665,66.16666666666667,761.7166666666667,10.633333333333333,67.5
2024-06-03 23:00:00,2.8333333333333335,66.16666666666667,761.4499999999999,10.450000000000001,68.5
2024-06-04 00:00:00,2.533333333333333,64.5,761.5833333333334,10.283333333333333,68.16666666666667
2024-06-04 01:00:00,2.6166666666666667,68.66666666666667,761.8333333333334,9.816666666666666,69.83333333333333
2024-06-04 02:00:00,2.6166666666666667,71.66666666666667,762.0,10.533333333333333,68.16666666666667
2024-06-04 03:00:00,1.95,86.66666666666667,762.25,13.683333333333332,55.166666666666664
2024-06-04 04:00:00,1.0666666666666667,156.83333333333334,762.4666666666667,16.566666666666666,44.166666666666664
2024-06-04 05:00:00,1.9666666666666668,235.0,762.4499999999999,17.0,38.833333333333336
2024-06-04 06:00:00,2.1166666666666667,234.16666666666666,762.4166666666666,17.866666666666667,38.0
2024-06-04 07:00:00,3.15,240.5,762.3666666666667,18.849999999999998,37.0
2024-06-04 08:00:00,3.283333333333333,225.0,762.0666666666666,19.316666666666666,36.333333333333336
2024-06-04 09:00:00,4.05,242.16666666666666,761.7666666666668,19.95,34.833333333333336
2024-06-04 10:00:00,3.5833333333333335,246.16666666666666,761.5166666666668,20.383333333333333,33.666666666666664
2024-06-04 11:00:00,3.65,242.5,761.3333333333334,20.716666666666665,32.333333333333336
2024-06-04 12:00:00,3.1333333333333333,250.33333333333334,761.1500000000001,20.533333333333335,31.166666666666668
2024-06-04 13:00:00,2.5833333333333335,232.5,761.0666666666666,20.366666666666667,30.5
2024-06-04 14:00:00,2.2333333333333334,171.5,761.0,19.416666666666668,32.833333333333336
2024-06-04 15:00:00,2.1666666666666665,87.33333333333333,761.2833333333333,17.05,41.5
2024-06-04 16:00:00,2.65,122.5,761.6999999999999,15.233333333333334,49.0
2024-06-04 17:00:00,2.8166666666666664,112.33333333333333,762.0,14.1,52.666666666666664
2024-06-04 18:00:00,2.3666666666666667,78.0,762.1500000000001,13.016666666666666,57.166666666666664
2024-06-04 19:00:00,2.6833333333333336,71.33333333333333,762.1333333333333,12.416666666666666,61.5
2024-06-04 20:00:00,2.3666666666666667,70.33333333333333,761.9,12.883333333333333,58.666666666666664
2024-06-04 21:00:00,2.4166666666666665,76.83333333333333,761.6333333333333,12.083333333333334,62.5
2024-06-04 22:00:00,2.316666666666667,67.83333333333333,761.3666666666667,11.549999999999999,64.83333333333333
2024-06-04 23:00:00,1.3666666666666665,82.33333333333333,761.2000000000002,10.783333333333333,65.33333333333333
2024-06-05 00:00:00,0.9833333333333334,79.0,761.4499999999999,10.933333333333332,58.833333333333336
2024-06-05 01:00:00,0.8833333333333333,114.83333333333333,761.6999999999999,11.466666666666667,53.0
2024-06-05 02:00:00,0.8833333333333333,90.33333333333333,761.8666666666667,12.416666666666666,50.5
2024-06-05 03:00:00,0.9500000000000001,91.16666666666667,762.0166666666668,15.033333333333333,47.666666666666664
2024-06-05 04:00:00,0.9500000000000001,195.66666666666666,762.1333333333333,17.733333333333334,34.333333333333336
2024-06-05 05:00:00,2.533333333333333,236.16666666666666,762.2000000000002,17.733333333333334,33.0
2024-06-05 06:00:00,3.483333333333333,231.0,762.2000000000002,17.849999999999998,35.5
2024-06-05 07:00:00,3.5666666666666664,232.5,762.1666666666666,18.400000000000002,35.0
2024-06-05 08:00:00,3.75,231.16666666666666,761.7666666666668,19.183333333333334,33.833333333333336
2024-06-05 09:00:00,5.583333333333333,132.0,761.8333333333334,18.283333333333335,34.833333333333336
2024-06-05 10:00:00,8.9,24.333333333333332,762.3833333333333,13.549999999999999,47.0
2024-06-05 11:00:00,7.983333333333333,24.5,762.35,13.183333333333332,48.166666666666664
2024-06-05 12:00:00,5.266666666666667,232.83333333333334,761.9833333333332,15.199999999999998,38.5
2024-06-05 13:00:00,6.233333333333333,126.83333333333333,761.0,16.316666666666666,34.0
2024-06-05 14:00:00,1.25,179.0,761.1,16.383333333333336,35.333333333333336
2024-06-05 15:00:00,6.383333333333333,42.0,760.8833333333333,15.016666666666666,38.166666666666664
2024-06-05 16:00:00,9.216666666666667,18.5,760.7666666666668,14.833333333333334,34.333333333333336
2024-06-05 17:00:00,9.35,14.833333333333334,761.1,14.85,36.0
2024-06-05 18:00:00,2.983333333333333,70.83333333333333,761.75,14.35,37.166666666666664
2024-06-05 19:00:00,0.8666666666666667,77.66666666666667,761.9,13.433333333333332,38.666666666666664
2024-06-05 20:00:00,1.55,64.5,761.5,13.666666666666666,39.5
2024-06-05 21:00:00,1.5666666666666667,230.33333333333334,761.5333333333333,13.683333333333332,39.333333333333336
2024-06-05 22:00:00,0.9833333333333334,319.0,762.0,12.483333333333334,45.666666666666664
2024-06-05 23:00:00,1.3333333333333333,305.3333333333333,761.8166666666666,12.183333333333332,49.666666666666664
2024-06-06 00:00:00,1.45,290.1666666666667,761.7833333333333,12.9,47.5
2024-06-06 01:00:00,0.2333333333333333,294.1666666666667,762.0,11.733333333333334,52.0
2024-06-06 02:00:00,0.16666666666666666,299.6666666666667,762.1999999999999,12.15,51.833333333333336
2024-06-06 03:00:00,1.3666666666666665,260.8333333333333,762.3666666666667,13.816666666666668,48.0
2024-06-06 04:00:00,1.6500000000000001,275.1666666666667,762.5500000000001,15.016666666666666,46.666666666666664
2024-06-06 05:00:00,1.7833333333333332,269.6666666666667,762.6333333333333,15.950000000000001,45.166666666666664
2024-06-06 06:00:00,2.0166666666666666,246.5,762.5333333333333,17.150000000000002,41.333333333333336
2024-06-06 07:00:00,3.216666666666667,235.0,762.4666666666667,18.316666666666666,38.333333333333336
2024-06-06 08:00:00,3.283333333333333,239.16666666666666,762.2666666666668,19.466666666666665,34.833333333333336
2024-06-06 09:00:00,3.8166666666666664,241.0,762.1166666666667,20.3,32.333333333333336
2024-06-06 10:00:00,3.7166666666666663,231.83333333333334,761.8666666666667,20.033333333333335,32.0
2024-06-06 11:00:00,3.4333333333333336,265.5,761.7000000000002,20.4,30.833333333333332
2024-06-06 12:00:00,4.95,127.0,762.0666666666666,17.416666666666668,39.0
2024-06-06 13:00:00,2.6666666666666665,85.83333333333333,762.1833333333334,16.366666666666664,38.666666666666664
2024-06-06 14:00:00,3.9,31.666666666666668,761.9,17.2,37.333333333333336
2024-06-06 15:00:00,6.083333333333333,30.166666666666668,761.6999999999999,15.916666666666666,42.833333333333336
2024-06-06 16:00:00,6.5,23.166666666666668,761.9833333333332,15.4,40.333333333333336
2024-06-06 17:00:00,3.8833333333333333,22.666666666666668,762.5500000000001,15.416666666666666,38.833333333333336
2024-06-06 18:00:00,1.4333333333333333,88.0,762.8833333333333,14.216666666666667,43.166666666666664
2024-06-06 19:00:00,1.3499999999999999,67.33333333333333,762.9499999999999,13.233333333333334,46.0
2024-06-06 20:00:00,0.35000000000000003,71.0,762.5500000000001,12.883333333333333,46.166666666666664
2024-06-06 21:00:00,0.6166666666666666,63.166666666666664,762.2166666666667,12.4,47.0
2024-06-06 22:00:00,0.8166666666666668,88.16666666666667,761.9499999999999,12.5,45.833333333333336
2024-06-06 23:00:00,1.2666666666666666,71.33333333333333,761.7166666666667,12.5,43.666666666666664
2024-06-07 00:00:00,1.6666666666666667,293.0,761.6333333333333,12.283333333333333,42.166666666666664
2024-06-07 01:00:00,2.6833333333333336,345.1666666666667,761.7666666666668,12.183333333333332,42.666666666666664
2024-06-07 02:00:00,1.1666666666666667,317.1666666666667,762.0666666666666,13.4,41.0
2024-06-07 03:00:00,1.0333333333333334,101.0,762.3333333333334,16.066666666666666,37.833333333333336
2024-06-07 04:00:00,1.633333333333333,103.33333333333333,762.4833333333332,18.016666666666666,29.833333333333332
2024-06-07 05:00:00,1.45,238.0,762.4499999999999,18.416666666666668,28.5
2024-06-07 06:00:00,2.4499999999999997,223.83333333333334,762.4666666666667,19.2,27.0
2024-06-07 07:00:00,2.6833333333333336,228.33333333333334,762.25,19.95,25.833333333333332
2024-06-07 08:00:00,3.1333333333333333,221.16666666666666,762.0,20.7,25.0
2024-06-07 09:00:00,3.3000000000000003,214.5,761.6333333333333,21.2,23.666666666666668
2024-06-07 10:00:00,3.1,223.5,761.3666666666667,21.71666666666667,22.166666666666668
2024-06-07 11:00:00,3.1166666666666667,252.5,761.0500000000001,22.016666666666666,20.833333333333332
2024-06-07 12:00:00,2.966666666666667,248.66666666666666,760.8166666666666,21.566666666666666,20.333333333333332
2024-06-07 13:00:00,2.4,286.0,760.6666666666666,20.400000000000002,21.0
2024-06-07 14:00:00,6.566666666666666,18.666666666666668,760.7166666666667,19.25,31.666666666666668
2024-06-07 15:00:00,7.966666666666666,18.5,760.8333333333334,17.933333333333334,33.5
2024-06-07 16:00:00,5.983333333333333,16.833333333333332,761.0500000000001,17.266666666666666,32.333333333333336
2024-06-07 17:00:00,1.7833333333333332,86.83333333333333,761.6333333333333,16.23333333333333,34.666666666666664
2024-06-07 18:00:00,2.0500000000000003,94.0,761.8833333333333,14.833333333333334,40.5
2024-06-07 19:00:00,2.1666666666666665,90.0,761.7333333333332,14.4,42.0
2024-06-07 20:00:00,1.95,80.66666666666667,761.4833333333332,14.033333333333333,41.666666666666664
2024-06-07 21:00:00,2.0500000000000003,71.66666666666667,761.2333333333332,13.616666666666667,40.5
2024-06-07 22:00:00,1.6166666666666665,65.33333333333333,761.0333333333333,13.566666666666668,36.5
2024-06-07 23:00:00,2.3000000000000003,74.66666666666667,761.0,13.233333333333334,37.833333333333336
2024-06-08 00:00:00,2.6166666666666667,83.33333333333333,761.0833333333334,13.016666666666666,40.666666666666664
2024-06-08 01:00:00,1.3833333333333335,72.33333333333333,761.2166666666667,13.299999999999999,35.5
2024-06-08 02:00:00,0.9833333333333334,88.83333333333333,761.4666666666667,13.566666666666665,34.833333333333336
2024-06-08 03:00:00,0.6,99.66666666666667,761.5833333333334,17.5,28.0
2024-06-08 04:00:00,0.7666666666666666,188.0,761.6500000000001,19.983333333333334,20.666666666666668
2024-06-08 05:00:00,1.8499999999999999,258.3333333333333,761.7166666666667,19.916666666666668,20.0
2024-06-08 06:00:00,1.9833333333333334,174.83333333333334,761.5833333333334,20.416666666666668,18.0
2024-06-08 07:00:00,2.783333333333333,243.83333333333334,761.4333333333334,21.28333333333333,18.333333333333332
2024-06-08 08:00:00,2.533333333333333,231.83333333333334,761.1666666666666,21.616666666666664,17.666666666666668
2024-06-08 09:00:00,4.216666666666667,266.5,760.6666666666666,22.21666666666667,18.0
2024-06-08 10:00:00,3.233333333333333,243.16666666666666,760.3499999999999,22.8,17.666666666666668
2024-06-08 11:00:00,3.7000000000000006,241.0,760.2166666666667,22.666666666666668,17.0
2024-06-08 12:00:00,3.25,281.0,760.0500000000001,22.599999999999998,15.5
2024-06-08 13:00:00,3.233333333333333,269.6666666666667,759.9499999999999,22.46666666666667,15.0
2024-06-08 14:00:00,2.9166666666666665,257.0,759.9499999999999,21.866666666666664,14.666666666666666
2024-06-08 15:00:00,2.0166666666666666,258.1666666666667,760.0500000000001,20.183333333333334,15.833333333333334
2024-06-08 16:00:00,1.5666666666666667,338.6666666666667,760.3166666666666,17.233333333333334,20.333333333333332
2024-06-08 17:00:00,1.4000000000000001,109.0,760.6833333333334,16.283333333333335,22.666666666666668
2024-06-08 18:00:00,1.6333333333333335,59.833333333333336,760.9666666666667,15.916666666666666,23.666666666666668
2024-06-08 19:00:00,1.6666666666666667,73.16666666666667,760.9833333333332,15.616666666666667,23.0
2024-06-08 20:00:00,2.3000000000000003,70.33333333333333,760.7833333333333,15.883333333333333,21.333333333333332
2024-06-08 21:00:00,2.35,61.833333333333336,760.6,15.549999999999999,21.833333333333332
2024-06-08 22:00:00,2.9499999999999997,79.83333333333333,760.3666666666667,14.85,25.0
2024-06-08 23:00:00,2.8000000000000003,87.83333333333333,760.3833333333333,14.666666666666666,26.833333333333332
2024-06-09 00:00:00,2.9166666666666665,81.83333333333333,760.5833333333334,14.816666666666665,25.833333333333332
2024-06-09 01:00:00,1.75,79.83333333333333,760.8833333333333,14.633333333333333,24.0
2024-06-09 02:00:00,0.6666666666666666,69.33333333333333,761.3833333333333,15.450000000000001,22.166666666666668
2024-06-09 03:00:00,1.2,57.5,761.6999999999999,18.933333333333334,17.0
2024-06-09 04:00:00,1.7666666666666666,89.83333333333333,761.7833333333333,20.583333333333332,15.666666666666666
2024-06-09 05:00:00,1.8166666666666667,154.83333333333334,761.6999999999999,20.966666666666665,14.833333333333334
2024-06-09 06:00:00,2.15,253.33333333333334,761.7333333333332,21.25,15.5
2024-06-09 07:00:00,2.983333333333333,245.83333333333334,761.7833333333333,22.116666666666664,15.0
2024-06-09 08:00:00,3.766666666666666,233.16666666666666,761.6500000000001,22.599999999999998,14.5
2024-06-09 09:00:00,3.25,215.5,761.3833333333333,23.3,14.833333333333334
2024-06-09 10:00:00,3.8833333333333333,261.5,761.0833333333334,23.666666666666668,14.833333333333334
2024-06-09 11:00:00,3.35,251.33333333333334,760.8333333333334,23.900000000000002,14.666666666666666
2024-06-09 12:00:00,2.983333333333333,255.16666666666666,760.5500000000001,23.933333333333334,14.166666666666666
2024-06-09 13:00:00,2.766666666666667,269.1666666666667,760.3333333333334,24.0,13.666666666666666
2024-06-09 14:00:00,2.4,270.5,760.3833333333333,23.28333333333333,13.666666666666666
2024-06-09 15:00:00,1.2333333333333334,311.0,760.4833333333332,21.283333333333335,16.333333333333332
2024-06-09 16:00:00,0.85,25.0,760.75,18.533333333333335,20.0
2024-06-09 17:00:00,0.9666666666666667,68.16666666666667,761.4499999999999,17.866666666666667,20.666666666666668
2024-06-09 18:00:00,2.0,70.33333333333333,761.6166666666667,17.583333333333332,22.0
2024-06-09 19:00:00,1.0833333333333333,125.83333333333333,761.9833333333332,18.716666666666665,20.333333333333332
2024-06-09 20:00:00,2.35,299.5,762.3333333333334,18.25,20.5
2024-06-09 21:00:00,3.3833333333333333,336.1666666666667,761.9333333333334,17.616666666666667,22.166666666666668
2024-06-09 22:00:00,1.8166666666666667,285.8333333333333,761.8499999999999,16.366666666666667,25.0
2024-06-09 23:00:00,1.2,223.0,761.75,16.099999999999998,25.5
2024-06-10 00:00:00,1.0,47.0,761.7166666666667,16.133333333333333,25.166666666666668
2024-06-10 01:00:00,0.85,50.0,761.8333333333334,15.316666666666668,25.666666666666668
2024-06-10 02:00:00,0.9666666666666667,50.833333333333336,762.0,16.616666666666667,24.166666666666668
2024-06-10 03:00:00,2.2333333333333334,64.33333333333333,762.0500000000001,20.4,18.333333333333332
2024-06-10 04:00:00,1.75,82.66666666666667,762.3000000000001,21.96666666666667,15.666666666666666
2024-06-10 05:00:00,1.8166666666666667,103.33333333333333,762.4333333333334,22.933333333333334,14.333333333333334
2024-06-10 06:00:00,2.3000000000000003,103.33333333333333,762.4333333333334,23.816666666666666,14.333333333333334
2024-06-10 07:00:00,2.3833333333333333,159.5,762.4,23.96666666666667,13.666666666666666
2024-06-10 08:00:00,3.5500000000000003,215.0,762.1666666666666,23.95,13.333333333333334
2024-06-10 09:00:00,4.383333333333334,250.16666666666666,762.15,24.650000000000002,13.166666666666666
2024-06-10 10:00:00,3.6,241.5,761.8833333333333,24.900000000000002,13.666666666666666
2024-06-10 11:00:00,2.9499999999999997,219.0,761.5333333333333,25.21666666666667,13.166666666666666
2024-06-10 12:00:00,3.1333333333333333,194.83333333333334,761.5333333333333,24.366666666666664,13.166666666666666
2024-06-10 13:00:00,3.4499999999999997,218.0,761.1666666666666,23.2,14.5
2024-06-10 14:00:00,4.416666666666667,251.83333333333334,761.7833333333333,21.3,21.666666666666668
2024-06-10 15:00:00,1.2833333333333334,203.5,762.1333333333333,20.233333333333334,22.666666666666668
2024-06-10 16:00:00,2.016666666666667,85.66666666666667,762.15,18.400000000000002,31.833333333333332
2024-06-10 17:00:00,2.3000000000000003,95.5,762.15,17.733333333333334,33.0
2024-06-10 18:00:00,1.4333333333333333,79.66666666666667,762.35,16.883333333333333,34.0
2024-06-10 19:00:00,1.3833333333333335,77.66666666666667,762.25,17.066666666666666,32.666666666666664
2024-06-10 20:00:00,1.8333333333333333,90.16666666666667,761.9666666666667,17.366666666666667,30.666666666666668
2024-06-10 21:00:00,0.9166666666666666,102.66666666666667,761.5333333333333,17.916666666666668,28.0
2024-06-10 22:00:00,0.8333333333333334,244.33333333333334,761.5,18.45,25.0
2024-06-10 23:00:00,1.0666666666666667,77.66666666666667,761.4499999999999,16.866666666666667,29.833333333333332
2024-06-11 00:00:00,2.233333333333333,77.33333333333333,761.3499999999999,15.549999999999999,32.666666666666664
2024-06-11 01:00:00,1.1666666666666667,81.5,761.5,15.816666666666668,33.333333333333336
2024-06-11 02:00:00,1.6833333333333336,247.66666666666666,761.75,16.583333333333332,32.666666666666664
2024-06-11 03:00:00,0.7833333333333333,140.0,761.7333333333332,18.466666666666665,29.833333333333332
2024-06-11 04:00:00,1.6666666666666667,142.33333333333334,761.8666666666667,20.666666666666668,28.0
2024-06-11 05:00:00,1.9166666666666667,251.16666666666666,761.8666666666667,20.98333333333333,27.333333333333332
2024-06-11 06:00:00,1.7333333333333334,258.6666666666667,761.9,21.583333333333332,27.166666666666668
2024-06-11 07:00:00,2.6833333333333336,274.3333333333333,761.9333333333334,22.516666666666666,25.666666666666668
2024-06-11 08:00:00,2.4,270.6666666666667,761.6833333333334,22.733333333333334,24.666666666666668
2024-06-11 09:00:00,4.633333333333334,263.5,761.2166666666667,23.383333333333336,23.166666666666668
2024-06-11 10:00:00,4.466666666666667,251.66666666666666,760.7833333333333,24.066666666666666,21.833333333333332
2024-06-11 11:00:00,4.45,238.16666666666666,760.3333333333334,23.933333333333334,22.0
2024-06-11 12:00:00,5.5,250.16666666666666,760.0500000000001,24.599999999999998,20.833333333333332
2024-06-11 13:00:00,5.066666666666666,259.0,759.9833333333332,23.633333333333336,19.833333333333332
2024-06-11 14:00:00,4.916666666666667,261.8333333333333,759.8666666666667,22.55,22.0
2024-06-11 15:00:00,1.4833333333333334,239.16666666666666,759.9166666666666,21.46666666666667,25.166666666666668
2024-06-11 16:00:00,2.4666666666666663,137.5,760.2166666666667,21.383333333333336,24.333333333333332
2024-06-11 17:00:00,4.1000000000000005,88.16666666666667,760.1999999999999,20.016666666666666,28.0
2024-06-11 18:00:00,4.8999999999999995,199.16666666666666,761.6166666666667,11.38,70.25
2024-06-11 19:00:00,4.766666666666667,82.16666666666667,761.1999999999999,14.5,52.5
2024-06-11 20:00:00,3.3333333333333335,85.33333333333333,760.9,14.366666666666667,58.166666666666664
2024-06-11 21:00:00,3.3833333333333333,93.5,760.75,14.416666666666666,58.333333333333336
2024-06-11 22:00:00,3.3666666666666667,91.66666666666667,760.2333333333332,14.65,56.0
2024-06-11 23:00:00,3.4333333333333336,86.0,760.0833333333334,14.65,54.333333333333336
2024-06-12 00:00:00,3.1333333333333333,87.83333333333333,760.25,13.883333333333333,56.833333333333336
2024-06-12 01:00:00,3.35,78.0,760.4833333333332,13.633333333333333,57.0
2024-06-12 02:00:00,3.0833333333333335,90.5,760.6999999999999,14.083333333333334,56.5
2024-06-12 03:00:00,2.8166666666666664,93.33333333333333,760.9,16.733333333333334,49.333333333333336
2024-06-12 04:00:00,2.0333333333333337,98.83333333333333,761.0666666666666,19.516666666666666,41.166666666666664
2024-06-12 05:00:00,2.0166666666666666,97.66666666666667,761.1,21.400000000000002,31.166666666666668
2024-06-12 06:00:00,1.9000000000000001,112.33333333333333,761.0500000000001,22.23333333333333,28.0
2024-06-12 07:00:00,1.8333333333333333,160.66666666666666,760.8833333333333,22.55,26.666666666666668
2024-06-12 08:00:00,2.8000000000000003,261.8333333333333,760.6500000000001,23.133333333333336,25.0
2024-06-12 09:00:00,3.35,225.66666666666666,760.5166666666668,23.933333333333334,18.666666666666668
2024-06-12 10:00:00,3.516666666666667,249.33333333333334,760.0333333333333,24.3,19.833333333333332
2024-06-12 11:00:00,3.933333333333333,269.8333333333333,759.7666666666668,24.516666666666666,18.166666666666668
2024-06-12 12:00:00,2.966666666666667,255.66666666666666,759.6333333333333,24.666666666666668,17.833333333333332
2024-06-12 13:00:00,2.9166666666666665,255.83333333333334,759.5,24.266666666666666,17.833333333333332
2024-06-12 14:00:00,2.1166666666666667,253.66666666666666,759.6500000000001,23.616666666666664,17.666666666666668
2024-06-12 15:00:00,1.8499999999999999,217.5,759.8666666666667,21.46666666666667,21.833333333333332
2024-06-12 16:00:00,1.6666666666666667,81.16666666666667,760.1,18.083333333333332,42.5
2024-06-12 17:00:00,2.4166666666666665,80.16666666666667,760.3000000000001,16.900000000000002,51.333333333333336
2024-06-12 18:00:00,4.366666666666667,71.5,760.25,17.45,43.666666666666664
2024-06-12 19:00:00,7.95,18.833333333333332,760.1166666666667,18.683333333333334,36.5
2024-06-12 20:00:00,6.75,21.0,759.9833333333332,18.650000000000002,34.166666666666664
2024-06-12 21:00:00,2.9,77.0,759.75,18.033333333333335,32.833333333333336
2024-06-12 22:00:00,2.35,87.33333333333333,759.6500000000001,16.733333333333334,36.666666666666664
2024-06-12 23:00:00,2.316666666666667,82.0,759.7333333333332,16.416666666666668,37.333333333333336
2024-06-13 00:00:00,1.94,86.6,759.78,16.080000000000002,37.6
2024-06-13 01:00:00,1.3499999999999999,58.166666666666664,759.9333333333334,15.35,39.0
2024-06-13 02:00:00,0.7166666666666667,66.66666666666667,760.2666666666668,16.233333333333334,37.833333333333336
2024-06-13 03:00:00,0.9500000000000001,122.66666666666667,760.3499999999999,18.783333333333335,36.833333333333336
2024-06-13 04:00:00,1.6666666666666667,209.16666666666666,760.5333333333333,20.916666666666668,32.0
2024-06-13 05:00:00,1.5166666666666666,248.83333333333334,760.6333333333333,21.333333333333332,32.166666666666664
2024-06-13 06:00:00,1.8,248.66666666666666,760.4666666666667,22.46666666666667,29.333333333333332
2024-06-13 07:00:00,2.25,250.0,760.2833333333333,23.3,26.5
2024-06-13 08:00:00,2.6666666666666665,239.33333333333334,760.0500000000001,24.116666666666664,23.333333333333332
2024-06-13 09:00:00,3.6333333333333333,250.33333333333334,759.6833333333334,24.616666666666664,26.666666666666668
2024-06-13 10:00:00,3.516666666666667,240.0,759.1833333333334,24.7,26.333333333333332
2024-06-13 11:00:00,4.25,263.0,758.5833333333334,25.25,24.0
2024-06-13 12:00:00,4.366666666666666,270.3333333333333,758.0333333333333,25.566666666666666,22.666666666666668
2024-06-13 13:00:00,8.233333333333333,65.66666666666667,757.9666666666667,21.633333333333336,32.833333333333336
2024-06-13 14:00:00,11.0,24.166666666666668,758.2166666666667,18.866666666666667,33.833333333333336
2024-06-13 15:00:00,5.783333333333334,107.16666666666667,758.8666666666667,18.233333333333334,36.833333333333336
2024-06-13 16:00:00,7.666666666666667,25.0,759.15,16.633333333333333,46.833333333333336
2024-06-13 17:00:00,7.566666666666667,45.166666666666664,759.9666666666667,15.950000000000001,50.666666666666664
2024-06-13 18:00:00,4.216666666666667,121.83333333333333,760.75,14.966666666666667,57.5
2024-06-13 19:00:00,2.6999999999999997,98.83333333333333,760.8166666666666,14.049999999999999,67.5
2024-06-13 20:00:00,2.5833333333333335,92.0,760.0,13.783333333333333,69.16666666666667
2024-06-13 21:00:00,2.316666666666667,81.83333333333333,759.5333333333333,13.966666666666667,64.5
2024-06-13 22:00:00,2.85,85.5,759.2833333333333,14.116666666666667,61.166666666666664
2024-06-13 23:00:00,1.1166666666666667,92.83333333333333,759.3333333333334,13.833333333333334,60.333333333333336
2024-06-14 00:00:00,1.3333333333333333,209.16666666666666,759.25,13.133333333333333,60.333333333333336
2024-06-14 01:00:00,0.9833333333333334,185.5,759.2666666666668,13.266666666666666,58.833333333333336
2024-06-14 02:00:00,0.8666666666666667,66.66666666666667,759.5333333333333,14.083333333333334,57.5
2024-06-14 03:00:00,0.16666666666666666,215.16666666666666,759.6,16.316666666666666,48.333333333333336
2024-06-14 04:00:00,0.7833333333333333,277.1666666666667,759.6333333333333,16.766666666666666,46.166666666666664
2024-06-14 05:00:00,0.6666666666666666,132.16666666666666,759.6666666666666,17.599999999999998,45.5
2024-06-14 06:00:00,2.2333333333333334,241.16666666666666,759.6,19.2,40.833333333333336
2024-06-14 07:00:00,2.0833333333333335,254.66666666666666,759.5500000000001,18.833333333333332,41.666666666666664
2024-06-14 08:00:00,1.7833333333333332,225.0,759.2333333333332,20.0,39.0
2024-06-14 09:00:00,3.4333333333333336,239.83333333333334,758.8166666666666,21.45,36.333333333333336
2024-06-14 10:00:00,3.3833333333333333,254.33333333333334,758.4166666666666,21.666666666666668,35.333333333333336
2024-06-14 11:00:00,3.8833333333333333,258.0,758.0833333333334,21.900000000000002,34.666666666666664
2024-06-14 12:00:00,4.3500000000000005,270.8333333333333,757.7333333333332,22.099999999999998,34.166666666666664
2024-06-14 13:00:00,5.8500000000000005,65.5,757.5833333333334,19.3,42.166666666666664
2024-06-14 14:00:00,2.5500000000000003,109.5,757.6166666666667,18.266666666666666,41.5
2024-06-14 15:00:00,2.9166666666666665,179.33333333333334,757.9666666666667,14.333333333333334,73.0
2024-06-14 16:00:00,3.5500000000000003,267.0,758.0500000000001,13.833333333333334,66.0
2024-06-14 17:00:00,3.3000000000000003,199.66666666666666,759.1999999999999,12.5,71.5
2024-06-14 18:00:00,,201.125,759.2183333333332,12.730833333333333,70.75416666666666
2024-06-14 19:00:00,,202.58333333333331,759.2366666666666,12.961666666666666,70.00833333333334
2024-06-14 20:00:00,,,,,
2024-06-14 21:00:00,,,,,
2024-06-14 22:00:00,,,,,
2024-06-14 23:00:00,,,,,
2024-06-15 00:00:00,,,,,
2024-06-15 01:00:00,,,,,
2024-06-15 02:00:00,,,,,
2024-06-15 03:00:00,,,,,
2024-06-15 04:00:00,,,,,
2024-06-15 05:00:00,,,,,
2024-06-15 06:00:00,,,,,
2024-06-15 07:00:00,,,,,
2024-06-15 08:00:00,,,,,
2024-06-15 09:00:00,,,,,
2024-06-15 10:00:00,,,,,
2024-06-15 11:00:00,,,,,
2024-06-15 12:00:00,,,,,
2024-06-15 13:00:00,,,,,
2024-06-15 14:00:00,,,,,
2024-06-15 15:00:00,,,,,
2024-06-15 16:00:00,,,,,
2024-06-15 17:00:00,,,,,
2024-06-15 18:00:00,,,,,
2024-06-15 19:00:00,,,,,
2024-06-15 20:00:00,,,,,
2024-06-15 21:00:00,,,,,
2024-06-15 22:00:00,,,,,
2024-06-15 23:00:00,,,,,
2024-06-16 00:00:00,,,,,
2024-06-16 01:00:00,,,,,
2024-06-16 02:00:00,,,,,
2024-06-16 03:00:00,,,,,
2024-06-16 04:00:00,,,,,
2024-06-16 05:00:00,,,,,
2024-06-16 06:00:00,,,,,
2024-06-16 07:00:00,,,,,
2024-06-16 08:00:00,,,,,
2024-06-16 09:00:00,2.9333333333333336,258.0,759.9333333333334,21.733333333333334,41.666666666666664
2024-06-16 10:00:00,2.216666666666667,248.33333333333334,759.7666666666668,21.55,40.333333333333336
2024-06-16 11:00:00,2.5166666666666666,238.66666666666666,759.6,22.46666666666667,38.666666666666664
2024-06-16 12:00:00,9.483333333333333,212.5,759.9,19.05,39.666666666666664
2024-06-16 13:00:00,11.816666666666668,218.0,760.6333333333333,15.783333333333333,48.166666666666664
2024-06-16 14:00:00,12.116666666666667,195.66666666666666,760.0333333333333,17.133333333333333,37.666666666666664
2024-06-16 15:00:00,4.1499999999999995,199.33333333333334,760.4833333333332,17.96666666666667,32.166666666666664
2024-06-16 16:00:00,0.5166666666666667,232.66666666666666,761.0333333333333,16.833333333333332,38.0
2024-06-16 17:00:00,2.4833333333333334,239.66666666666666,761.5833333333334,16.25,46.166666666666664
2024-06-16 18:00:00,2.6,243.5,761.8833333333333,15.816666666666668,48.666666666666664
2024-06-16 19:00:00,2.15,241.5,761.35,15.883333333333333,47.0
2024-06-16 20:00:00,1.6666666666666667,231.33333333333334,761.1333333333333,16.75,41.833333333333336
2024-06-16 21:00:00,1.4166666666666667,222.33333333333334,761.6,14.766666666666666,52.166666666666664
2024-06-16 22:00:00,0.6666666666666666,234.33333333333334,761.8000000000001,14.366666666666667,51.666666666666664
2024-06-16 23:00:00,1.3,235.33333333333334,761.4666666666667,14.266666666666666,52.5
2024-06-17 00:00:00,1.8,202.83333333333334,761.4166666666666,14.133333333333333,53.333333333333336
2024-06-17 01:00:00,1.3333333333333333,214.0,761.6,14.5,51.0
2024-06-17 02:00:00,0.9166666666666666,240.5,761.9333333333334,15.15,50.0
2024-06-17 03:00:00,0.4166666666666667,244.66666666666666,762.2833333333333,18.116666666666667,43.166666666666664
2024-06-17 04:00:00,0.9666666666666667,226.33333333333334,762.5166666666668,19.633333333333333,40.5
2024-06-17 05:00:00,1.8333333333333333,221.0,762.7000000000002,19.916666666666668,40.5
2024-06-17 06:00:00,2.8333333333333335,220.16666666666666,762.7833333333333,20.599999999999998,37.333333333333336
2024-06-17 07:00:00,3.1,228.83333333333334,762.9833333333332,21.233333333333334,37.333333333333336
2024-06-17 08:00:00,2.683333333333333,228.83333333333334,762.8166666666666,21.666666666666668,34.833333333333336
2024-06-17 09:00:00,3.5666666666666664,226.83333333333334,762.5500000000001,22.483333333333334,33.0
2024-06-17 10:00:00,3.766666666666667,238.5,762.3499999999999,22.916666666666668,31.0
2024-06-17 11:00:00,4.666666666666667,237.16666666666666,762.3333333333334,21.133333333333333,33.0
2024-06-17 12:00:00,9.85,201.33333333333334,762.2333333333332,20.216666666666665,36.166666666666664
2024-06-17 13:00:00,5.566666666666666,194.83333333333334,762.2000000000002,21.05,31.166666666666668
2024-06-17 14:00:00,2.1333333333333333,231.5,762.3333333333334,21.75,28.333333333333332
2024-06-17 15:00:00,1.3166666666666667,236.33333333333334,762.5500000000001,19.55,36.5
2024-06-17 16:00:00,2.0166666666666666,246.66666666666666,762.8000000000001,17.2,45.833333333333336
2024-06-17 17:00:00,1.8833333333333335,249.5,763.15,16.533333333333335,46.833333333333336
2024-06-17 18:00:00,2.316666666666667,254.0,763.2666666666668,15.733333333333334,50.333333333333336
2024-06-17 19:00:00,2.35,255.5,763.2166666666667,15.266666666666666,50.333333333333336
2024-06-17 20:00:00,2.65,250.33333333333334,763.0833333333334,14.816666666666668,51.666666666666664
2024-06-17 21:00:00,2.0166666666666666,252.0,763.1,14.383333333333333,52.833333333333336
2024-06-17 22:00:00,2.4833333333333334,250.0,763.0,14.583333333333334,50.5
2024-06-17 23:00:00,1.9000000000000001,250.0,762.9499999999999,14.5,50.666666666666664
2024-06-18 00:00:00,0.8166666666666668,241.83333333333334,763.0833333333334,14.133333333333333,52.666666666666664
2024-06-18 01:00:00,0.6,236.66666666666666,763.25,13.516666666666666,57.0
2024-06-18 02:00:00,0.6166666666666667,231.0,763.5500000000001,14.666666666666666,53.833333333333336
2024-06-18 03:00:00,1.05,250.66666666666666,763.8333333333334,17.383333333333333,46.833333333333336
2024-06-18 04:00:00,0.9666666666666667,241.66666666666666,764.0166666666668,19.816666666666666,41.166666666666664
2024-06-18 05:00:00,1.5999999999999999,226.83333333333334,764.1666666666666,19.900000000000002,37.333333333333336
2024-06-18 06:00:00,1.8833333333333335,230.5,764.2999999999998,20.616666666666667,36.5
2024-06-18 07:00:00,2.466666666666667,227.0,764.3000000000001,21.366666666666664,35.0
2024-06-18 08:00:00,2.75,233.33333333333334,764.0,22.133333333333336,34.5
2024-06-18 09:00:00,3.3666666666666667,239.0,763.6333333333333,22.816666666666666,33.333333333333336
2024-06-18 10:00:00,2.9499999999999997,234.66666666666666,763.2333333333332,23.116666666666664,31.5
2024-06-18 11:00:00,5.3999999999999995,208.33333333333334,763.0,22.616666666666664,31.5
2024-06-18 12:00:00,7.733333333333333,203.33333333333334,762.8166666666666,21.849999999999998,36.0
2024-06-18 13:00:00,8.15,204.83333333333334,762.7166666666667,20.48333333333333,38.0
2024-06-18 14:00:00,9.966666666666667,202.0,762.8166666666666,19.166666666666668,39.5
2024-06-18 15:00:00,7.133333333333333,198.33333333333334,763.1,19.333333333333332,36.5
2024-06-18 16:00:00,8.799999999999999,202.33333333333334,763.3666666666667,18.666666666666668,36.666666666666664
2024-06-18 17:00:00,9.633333333333333,197.16666666666666,763.5500000000001,17.916666666666668,39.0
2024-06-18 18:00:00,7.95,194.33333333333334,763.7000000000002,18.183333333333334,37.5
2024-06-18 19:00:00,4.733333333333333,200.33333333333334,763.6166666666667,18.283333333333335,35.833333333333336
2024-06-18 20:00:00,1.6500000000000001,240.16666666666666,763.4333333333334,17.033333333333335,40.333333333333336
2024-06-18 21:00:00,0.9333333333333332,243.83333333333334,763.1,16.266666666666666,44.5
2024-06-18 22:00:00,0.26666666666666666,223.33333333333334,762.9666666666667,16.55,41.166666666666664
2024-06-18 23:00:00,1.5999999999999999,247.5,762.7833333333333,15.15,47.0
2024-06-19 00:00:00,1.5666666666666667,248.66666666666666,762.7166666666667,14.833333333333334,49.833333333333336
2024-06-19 01:00:00,1.55,242.16666666666666,762.9666666666667,14.683333333333332,51.5
2024-06-19 02:00:00,1.5833333333333333,241.66666666666666,763.3166666666666,15.25,50.833333333333336
2024-06-19 03:00:00,0.8166666666666668,241.33333333333334,763.6333333333333,18.05,46.0
2024-06-19 04:00:00,1.6166666666666665,239.83333333333334,763.8166666666666,19.900000000000002,40.0
2024-06-19 05:00:00,2.5500000000000003,224.16666666666666,763.9,20.033333333333335,39.833333333333336
2024-06-19 06:00:00,2.533333333333333,231.5,763.9166666666666,20.849999999999998,38.5
2024-06-19 07:00:00,3.6333333333333333,229.0,763.8333333333334,21.5,35.333333333333336
2024-06-19 08:00:00,3.6,228.66666666666666,763.4499999999999,22.150000000000002,34.0
2024-06-19 09:00:00,3.5500000000000003,233.66666666666666,763.1833333333334,21.833333333333332,34.0
2024-06-19 10:00:00,11.316666666666668,206.5,763.3833333333333,17.05,41.0
2024-06-19 11:00:00,12.666666666666666,203.33333333333334,763.5166666666668,16.05,45.5
2024-06-19 12:00:00,11.033333333333333,193.83333333333334,763.5333333333333,16.849999999999998,40.666666666666664
2024-06-19 13:00:00,7.766666666666667,202.16666666666666,762.9833333333332,18.566666666666666,30.166666666666668
2024-06-19 14:00:00,6.033333333333334,201.16666666666666,762.6666666666666,19.05,28.833333333333332
2024-06-19 15:00:00,5.966666666666666,200.83333333333334,762.7000000000002,19.116666666666667,27.5
2024-06-19 16:00:00,5.883333333333333,197.5,763.0,18.683333333333334,30.0
2024-06-19 17:00:00,5.166666666666667,202.66666666666666,763.4,18.25,32.833333333333336
2024-06-19 18:00:00,7.266666666666667,192.83333333333334,763.0333333333333,17.083333333333332,35.0
2024-06-19 19:00:00,4.95,196.83333333333334,762.9499999999999,17.033333333333335,31.833333333333332
2024-06-19 20:00:00,4.2,202.66666666666666,762.8000000000001,16.566666666666666,34.5
2024-06-19 21:00:00,1.25,226.83333333333334,763.0833333333334,14.700000000000001,43.0
2024-06-19 22:00:00,1.5999999999999999,243.33333333333334,762.65,13.583333333333334,49.0
2024-06-19 23:00:00,1.7833333333333332,234.83333333333334,762.25,13.6,53.166666666666664
2024-06-20 00:00:00,1.1500000000000001,228.0,762.1666666666666,13.966666666666667,52.666666666666664
2024-06-20 01:00:00,1.5666666666666667,242.83333333333334,762.1,13.066666666666668,57.0
2024-06-20 02:00:00,1.7166666666666668,233.33333333333334,762.1833333333334,13.9,53.5
2024-06-20 03:00:00,0.8166666666666668,221.5,762.2833333333333,16.766666666666666,44.666666666666664
2024-06-20 04:00:00,1.25,245.0,762.4666666666667,17.933333333333334,43.0
2024-06-20 05:00:00,1.6166666666666665,244.66666666666666,762.4333333333334,18.666666666666668,41.833333333333336
2024-06-20 06:00:00,2.2666666666666666,220.66666666666666,762.4166666666666,19.216666666666665,40.833333333333336
2024-06-20 07:00:00,2.6833333333333336,226.66666666666666,762.3166666666666,19.866666666666667,39.0
2024-06-20 08:00:00,3.016666666666667,238.16666666666666,762.0333333333333,20.083333333333332,38.333333333333336
2024-06-20 09:00:00,2.8166666666666664,239.0,761.7166666666667,19.583333333333332,39.333333333333336
2024-06-20 10:00:00,6.216666666666666,199.5,761.6166666666667,17.150000000000002,54.333333333333336
2024-06-20 11:00:00,4.75,206.33333333333334,762.0500000000001,11.583333333333334,87.5
2024-06-20 12:00:00,4.283333333333333,245.16666666666666,761.3166666666666,13.583333333333334,93.0
2024-06-20 13:00:00,3.9499999999999997,215.66666666666666,760.65,16.766666666666666,62.833333333333336
2024-06-20 14:00:00,2.6666666666666665,201.5,760.25,18.3,50.5
2024-06-20 15:00:00,2.1999999999999997,234.16666666666666,760.2000000000002,16.816666666666666,54.0
2024-06-20 16:00:00,1.95,246.33333333333334,760.2333333333332,14.883333333333333,64.66666666666667
2024-06-20 17:00:00,2.1999999999999997,245.33333333333334,760.4666666666667,14.200000000000001,69.16666666666667
2024-06-20 18:00:00,2.25,251.66666666666666,760.4833333333332,13.816666666666668,70.0
2024-06-20 19:00:00,1.9833333333333334,256.1666666666667,760.4,13.566666666666668,70.66666666666667
2024-06-20 20:00:00,1.0166666666666666,248.0,760.1833333333334,13.716666666666667,68.0
2024-06-20 21:00:00,1.0666666666666667,223.16666666666666,759.9666666666667,13.766666666666666,65.83333333333333
2024-06-20 22:00:00,2.0666666666666664,196.5,759.6666666666666,13.566666666666668,65.5
2024-06-20 23:00:00,1.4666666666666668,208.0,759.5666666666666,13.799999999999999,62.166666666666664
2024-06-21 00:00:00,0.39999999999999997,224.5,759.6,13.700000000000001,60.833333333333336
2024-06-21 01:00:00,1.1833333333333333,228.33333333333334,759.7333333333332,13.083333333333334,66.0
2024-06-21 02:00:00,1.0,224.0,759.8833333333333,13.233333333333334,70.5
2024-06-21 03:00:00,1.8333333333333333,241.33333333333334,760.0,15.450000000000001,58.333333333333336
2024-06-21 04:00:00,3.1333333333333333,253.5,759.9333333333334,16.516666666666666,53.5
2024-06-21 05:00:00,3.4499999999999997,249.66666666666666,759.8666666666667,17.416666666666668,49.5
2024-06-21 06:00:00,3.6166666666666667,246.5,759.8000000000001,18.333333333333332,45.833333333333336
2024-06-21 07:00:00,3.8000000000000003,236.83333333333334,759.4833333333332,19.349999999999998,44.0
2024-06-21 08:00:00,3.466666666666667,232.66666666666666,759.3000000000001,20.016666666666666,42.166666666666664
2024-06-21 09:00:00,4.033333333333333,244.16666666666666,759.0666666666666,20.900000000000002,39.833333333333336
2024-06-21 10:00:00,3.85,235.66666666666666,758.75,21.616666666666664,36.166666666666664
2024-06-21 11:00:00,3.65,228.83333333333334,758.3333333333334,21.683333333333334,36.333333333333336
2024-06-21 12:00:00,4.1499999999999995,232.33333333333334,758.25,20.5,38.166666666666664
2024-06-21 13:00:00,6.8999999999999995,206.5,758.6333333333333,18.75,40.666666666666664
2024-06-21 14:00:00,6.666666666666667,198.33333333333334,758.4166666666666,18.966666666666665,37.833333333333336
2024-06-21 15:00:00,5.566666666666666,204.0,758.65,17.616666666666667,41.0
2024-06-21 16:00:00,4.966666666666667,204.16666666666666,758.9833333333332,18.400000000000002,35.333333333333336
2024-06-21 17:00:00,5.283333333333333,193.83333333333334,758.9,17.433333333333334,39.5
2024-06-21 18:00:00,3.1166666666666667,221.0,758.85,16.349999999999998,45.333333333333336
2024-06-21 19:00:00,1.6166666666666665,247.66666666666666,758.75,14.783333333333333,53.5
2024-06-21 20:00:00,1.5333333333333334,244.83333333333334,758.4833333333332,14.35,56.166666666666664
2024-06-21 21:00:00,1.2333333333333334,251.16666666666666,758.1833333333334,13.633333333333333,60.0
2024-06-21 22:00:00,1.45,243.33333333333334,758.0500000000001,13.566666666666668,58.833333333333336
2024-06-21 23:00:00,1.6666666666666667,244.33333333333334,757.9833333333332,12.766666666666666,62.833333333333336
2024-06-22 00:00:00,1.5666666666666667,240.33333333333334,758.0833333333334,12.866666666666667,59.166666666666664
2024-06-22 01:00:00,0.48333333333333334,227.16666666666666,758.25,13.0,57.0
2024-06-22 02:00:00,1.4666666666666668,211.66666666666666,758.35,14.550000000000002,50.666666666666664
2024-06-22 03:00:00,1.6833333333333333,231.66666666666666,758.3333333333334,16.900000000000002,38.5
2024-06-22 04:00:00,2.5333333333333337,245.33333333333334,758.6833333333334,18.166666666666668,39.833333333333336
2024-06-22 05:00:00,3.4,240.0,758.9166666666666,17.4,40.333333333333336
2024-06-22 06:00:00,2.6,237.16666666666666,758.9,17.7,38.0
2024-06-22 07:00:00,2.75,241.66666666666666,758.65,19.716666666666665,34.0
2024-06-22 08:00:00,2.1166666666666667,221.83333333333334,758.3333333333334,20.5,32.833333333333336
2024-06-22 09:00:00,3.75,233.33333333333334,758.1500000000001,21.849999999999998,30.833333333333332
2024-06-22 10:00:00,3.7000000000000006,239.83333333333334,757.8333333333334,22.233333333333334,28.5
2024-06-22 11:00:00,4.133333333333334,244.83333333333334,757.5166666666668,22.71666666666667,28.166666666666668
2024-06-22 12:00:00,3.6333333333333333,244.0,757.4666666666667,22.016666666666666,28.833333333333332
2024-06-22 13:00:00,2.716666666666667,221.5,757.4166666666666,21.516666666666666,33.0
2024-06-22 14:00:00,3.0833333333333335,235.16666666666666,757.6666666666666,20.166666666666668,38.833333333333336
2024-06-22 15:00:00,2.9,236.83333333333334,757.9333333333334,18.116666666666664,46.333333333333336
2024-06-22 16:00:00,2.6833333333333336,251.33333333333334,758.35,16.266666666666666,54.0
2024-06-22 17:00:00,2.6833333333333336,246.66666666666666,758.75,15.916666666666666,51.333333333333336
2024-06-22 18:00:00,2.0833333333333335,249.5,758.9833333333332,15.800000000000002,49.5
2024-06-22 19:00:00,1.45,245.33333333333334,758.9,15.183333333333332,50.833333333333336
2024-06-22 20:00:00,0.7833333333333333,243.16666666666666,758.7333333333332,15.566666666666668,45.666666666666664
2024-06-22 21:00:00,1.0,244.83333333333334,758.5333333333333,15.966666666666669,42.5
2024-06-22 22:00:00,0.7166666666666667,225.33333333333334,758.3499999999999,16.233333333333334,42.833333333333336
2024-06-22 23:00:00,3.3666666666666667,228.16666666666666,758.6,16.483333333333334,44.166666666666664
2024-06-23 00:00:00,3.783333333333333,205.0,759.1666666666666,15.316666666666668,51.0
2024-06-23 01:00:00,2.766666666666667,241.5,759.0666666666666,14.166666666666666,57.0
2024-06-23 02:00:00,2.2333333333333334,241.83333333333334,759.0500000000001,13.950000000000001,63.166666666666664
2024-06-23 03:00:00,1.4166666666666667,241.33333333333334,759.6999999999999,16.3,51.833333333333336
2024-06-23 04:00:00,2.183333333333333,225.16666666666666,759.7833333333333,18.633333333333333,40.833333333333336
2024-06-23 05:00:00,1.366666666666667,225.16666666666666,760.1,19.233333333333334,38.833333333333336
2024-06-23 06:00:00,1.7666666666666666,226.16666666666666,760.35,20.783333333333335,35.666666666666664
2024-06-23 07:00:00,2.3000000000000003,236.83333333333334,760.5333333333333,20.933333333333334,35.0
2024-06-23 08:00:00,2.8166666666666664,237.83333333333334,760.5500000000001,20.900000000000002,37.333333333333336
2024-06-23 09:00:00,3.4499999999999997,242.5,760.3333333333334,20.766666666666666,36.333333333333336
2024-06-23 10:00:00,1.5833333333333333,227.5,759.6333333333333,21.483333333333334,34.5
2024-06-23 11:00:00,2.3833333333333333,228.33333333333334,759.2666666666668,22.166666666666668,31.666666666666668
2024-06-23 12:00:00,3.25,249.5,759.4833333333332,21.266666666666666,33.333333333333336
2024-06-23 13:00:00,4.033333333333333,248.33333333333334,759.6999999999999,20.866666666666667,33.833333333333336
2024-06-23 14:00:00,2.0833333333333335,241.66666666666666,759.8000000000001,21.033333333333335,32.833333333333336
2024-06-23 15:00:00,4.85,210.66666666666666,759.9,18.566666666666666,44.0
2024-06-23 16:00:00,7.633333333333334,220.16666666666666,761.8000000000001,14.35,67.5
2024-06-23 17:00:00,2.3000000000000003,236.33333333333334,761.5333333333333,12.65,84.83333333333333
2024-06-23 18:00:00,1.8833333333333335,229.5,761.1833333333334,13.366666666666667,77.66666666666667
2024-06-23 19:00:00,1.9833333333333334,223.16666666666666,760.8499999999999,17.883333333333333,40.0
2024-06-23 20:00:00,0.8333333333333334,213.5,760.8833333333333,16.566666666666666,48.166666666666664
2024-06-23 21:00:00,0.03333333333333333,220.66666666666666,761.1833333333334,15.833333333333334,52.333333333333336
2024-06-23 22:00:00,0.65,237.66666666666666,761.25,14.799999999999999,56.166666666666664
2024-06-23 23:00:00,1.0666666666666667,215.83333333333334,761.0333333333333,14.799999999999999,54.0
2024-06-24 00:00:00,1.3833333333333335,210.83333333333334,760.9499999999999,14.516666666666666,55.833333333333336
2024-06-24 01:00:00,1.4000000000000001,206.83333333333334,761.0500000000001,14.416666666666666,56.666666666666664
2024-06-24 02:00:00,1.6333333333333335,200.66666666666666,761.1833333333334,14.9,57.333333333333336
2024-06-24 03:00:00,0.21666666666666667,222.66666666666666,761.2000000000002,17.983333333333334,49.666666666666664
2024-06-24 04:00:00,0.8666666666666667,251.16666666666666,761.3833333333333,19.283333333333335,44.166666666666664
2024-06-24 05:00:00,1.5166666666666666,229.33333333333334,761.6166666666667,19.599999999999998,43.666666666666664
2024-06-24 06:00:00,0.9833333333333334,207.83333333333334,761.35,20.316666666666666,41.166666666666664
2024-06-24 07:00:00,1.45,231.83333333333334,760.8833333333333,21.75,38.0
2024-06-24 08:00:00,3.3000000000000003,235.66666666666666,760.9166666666666,22.46666666666667,35.833333333333336
2024-06-24 09:00:00,3.65,236.5,760.7666666666668,21.866666666666664,34.833333333333336
2024-06-24 10:00:00,2.6666666666666665,231.33333333333334,759.8333333333334,23.5,29.333333333333332
2024-06-24 11:00:00,3.5500000000000003,249.5,759.5166666666668,23.166666666666668,30.833333333333332
2024-06-24 12:00:00,2.8333333333333335,236.33333333333334,759.1333333333333,22.78333333333333,33.166666666666664
2024-06-24 13:00:00,6.266666666666667,244.33333333333334,761.15,15.033333333333333,51.333333333333336
2024-06-24 14:00:00,4.5,246.0,761.4833333333332,13.466666666666667,98.8
2024-06-24 15:00:00,2.85,244.33333333333334,760.1,14.016666666666666,86.16666666666667
2024-06-24 16:00:00,3.1833333333333336,250.83333333333334,759.8166666666666,15.049999999999999,65.0
2024-06-24 17:00:00,2.75,241.83333333333334,760.1,15.933333333333332,53.5
2024-06-24 18:00:00,2.6833333333333336,242.83333333333334,759.85,15.633333333333333,54.166666666666664
2024-06-24 19:00:00,2.6,249.66666666666666,759.9666666666667,15.0,58.333333333333336
2024-06-24 20:00:00,4.216666666666667,211.5,759.3666666666667,16.583333333333332,48.166666666666664
2024-06-24 21:00:00,2.6,238.66666666666666,759.2166666666667,15.666666666666666,53.333333333333336
2024-06-24 22:00:00,2.3833333333333333,246.0,759.0,14.666666666666666,59.166666666666664
2024-06-24 23:00:00,2.1,248.66666666666666,758.6999999999999,14.416666666666666,58.5
2024-06-25 00:00:00,1.4666666666666668,237.83333333333334,758.6999999999999,13.75,62.166666666666664
2024-06-25 01:00:00,2.15,254.83333333333334,758.6333333333333,13.933333333333332,59.0
2024-06-25 02:00:00,2.6333333333333333,253.16666666666666,758.6333333333333,14.616666666666667,57.333333333333336
2024-06-25 03:00:00,2.5833333333333335,247.16666666666666,758.4333333333334,16.166666666666668,54.833333333333336
2024-06-25 04:00:00,2.4,249.83333333333334,758.25,19.533333333333335,47.0
2024-06-25 05:00:00,3.216666666666667,249.83333333333334,758.1833333333334,21.183333333333334,38.0
2024-06-25 06:00:00,2.716666666666667,242.83333333333334,758.1833333333334,21.849999999999998,36.166666666666664
2024-06-25 07:00:00,3.0500000000000003,238.66666666666666,757.85,22.099999999999998,34.666666666666664
2024-06-25 08:00:00,2.8833333333333333,245.33333333333334,757.35,22.0,34.833333333333336
2024-06-25 09:00:00,2.066666666666667,229.16666666666666,756.85,22.78333333333333,32.0
2024-06-25 10:00:00,2.1,226.83333333333334,756.3666666666667,23.616666666666664,29.666666666666668
2024-06-25 11:00:00,3.4666666666666663,234.16666666666666,755.9666666666667,23.916666666666668,29.333333333333332
2024-06-25 12:00:00,3.4,239.66666666666666,755.5,24.116666666666664,28.0
2024-06-25 13:00:00,2.9166666666666665,246.5,755.1333333333333,23.683333333333334,27.5
2024-06-25 14:00:00,2.0833333333333335,230.33333333333334,755.0833333333334,22.733333333333334,31.166666666666668
2024-06-25 15:00:00,2.783333333333333,237.33333333333334,755.5500000000001,19.3,47.666666666666664
2024-06-25 16:00:00,3.6666666666666665,241.33333333333334,755.7166666666667,18.266666666666666,50.5
2024-06-25 17:00:00,6.0,240.0,755.75,17.816666666666666,48.666666666666664
2024-06-25 18:00:00,8.283333333333333,237.5,755.5500000000001,17.633333333333333,47.166666666666664
2024-06-25 19:00:00,10.716666666666667,202.0,755.75,16.45,56.166666666666664
2024-06-25 20:00:00,11.433333333333332,203.16666666666666,755.5500000000001,15.75,60.5
2024-06-25 21:00:00,10.066666666666666,205.66666666666666,755.5666666666666,15.366666666666667,57.166666666666664
2024-06-25 22:00:00,10.216666666666667,204.16666666666666,755.0666666666666,15.616666666666667,52.333333333333336
2024-06-25 23:00:00,8.366666666666667,206.33333333333334,754.9166666666666,16.05,48.333333333333336
2024-06-26 00:00:00,7.550000000000001,205.66666666666666,754.7166666666667,16.116666666666667,48.5
2024-06-26 01:00:00,5.5,206.5,755.3833333333333,15.016666666666666,58.333333333333336
2024-06-26 02:00:00,9.066666666666666,203.66666666666666,755.4166666666666,14.9,57.0
2024-06-26 03:00:00,8.15,206.66666666666666,755.4,15.766666666666666,53.166666666666664
2024-06-26 04:00:00,3.1999999999999997,224.5,755.6999999999999,17.233333333333334,49.0
2024-06-26 05:00:00,1.1833333333333333,236.83333333333334,755.6333333333333,18.883333333333333,47.166666666666664
2024-06-26 06:00:00,1.6666666666666667,229.16666666666666,755.5833333333334,20.01666666666667,41.333333333333336
2024-06-26 07:00:00,2.2666666666666666,226.0,755.5333333333333,20.599999999999998,39.333333333333336
2024-06-26 08:00:00,1.0166666666666666,227.33333333333334,755.3000000000001,21.150000000000002,37.833333333333336
2024-06-26 09:00:00,1.5166666666666666,228.83333333333334,755.0333333333333,21.28333333333333,37.5
2024-06-26 10:00:00,2.4833333333333334,229.66666666666666,754.6333333333333,22.433333333333334,37.0
2024-06-26 11:00:00,3.783333333333333,247.0,754.2666666666668,23.366666666666664,34.166666666666664
2024-06-26 12:00:00,3.9,236.5,754.0500000000001,21.983333333333334,39.0
2024-06-26 13:00:00,3.4499999999999997,222.33333333333334,753.8333333333334,21.933333333333334,35.833333333333336
2024-06-26 14:00:00,4.016666666666667,234.16666666666666,754.1833333333334,19.7,48.0
2024-06-26 15:00:00,4.016666666666667,212.16666666666666,755.2833333333333,13.816666666666668,75.5
2024-06-26 16:00:00,2.85,240.0,755.1166666666667,14.983333333333334,69.83333333333333
2024-06-26 17:00:00,2.6,241.16666666666666,755.5833333333334,15.283333333333333,70.33333333333333
2024-06-26 18:00:00,3.0666666666666664,230.16666666666666,755.7166666666667,15.533333333333333,68.33333333333333
2024-06-26 19:00:00,3.0500000000000003,253.0,755.3333333333334,14.9,66.5
2024-06-26 20:00:00,3.1,254.33333333333334,755.0,14.75,64.83333333333333
2024-06-26 21:00:00,2.533333333333333,255.83333333333334,755.0500000000001,14.5,62.333333333333336
2024-06-26 22:00:00,1.5833333333333333,251.5,755.0,14.0,62.833333333333336
2024-06-26 23:00:00,0.48333333333333334,230.16666666666666,755.1166666666667,14.466666666666667,56.833333333333336
2024-06-27 00:00:00,0.3,228.0,755.3000000000001,14.666666666666666,56.166666666666664
2024-06-27 01:00:00,1.8333333333333333,192.5,755.4333333333334,14.25,63.0
2024-06-27 02:00:00,1.7666666666666666,187.5,755.7666666666668,14.916666666666666,64.33333333333333
2024-06-27 03:00:00,0.5333333333333333,229.33333333333334,756.2666666666668,18.166666666666668,49.5
2024-06-27 04:00:00,2.5500000000000003,230.5,756.6,19.25,47.0
2024-06-27 05:00:00,12.15,199.33333333333334,756.6166666666667,15.966666666666667,70.16666666666667
2024-06-27 06:00:00,8.966666666666667,201.66666666666666,756.7333333333332,17.516666666666666,59.833333333333336
2024-06-27 07:00:00,4.95,212.66666666666666,756.7999999999998,19.633333333333333,50.666666666666664
2024-06-27 08:00:00,2.75,239.0,756.6166666666667,21.75,43.5
2024-06-27 09:00:00,3.5,239.33333333333334,756.3333333333334,21.233333333333334,46.166666666666664
2024-06-27 10:00:00,3.8333333333333335,245.83333333333334,756.4166666666666,20.183333333333334,50.333333333333336
2024-06-27 11:00:00,3.3666666666666667,241.66666666666666,756.3666666666667,20.183333333333334,51.666666666666664
2024-06-27 12:00:00,2.733333333333333,237.16666666666666,756.2166666666667,19.133333333333333,52.333333333333336
2024-06-27 13:00:00,2.533333333333333,251.33333333333334,756.3333333333334,18.45,52.333333333333336
2024-06-27 14:00:00,2.35,254.16666666666666,756.6666666666666,17.716666666666665,55.833333333333336
2024-06-27 15:00:00,2.4833333333333334,255.83333333333334,756.9666666666667,17.0,56.5
2024-06-27 16:00:00,3.1,254.16666666666666,757.2833333333333,15.049999999999999,65.16666666666667
2024-06-27 17:00:00,2.3666666666666667,256.5,757.5500000000001,14.333333333333334,68.83333333333333
2024-06-27 18:00:00,2.216666666666667,254.0,757.7833333333333,13.583333333333334,75.66666666666667
2024-06-27 19:00:00,2.766666666666667,255.66666666666666,757.7999999999998,13.816666666666668,70.0
2024-06-27 20:00:00,2.433333333333333,255.33333333333334,757.7333333333332,13.533333333333333,71.0
2024-06-27 21:00:00,2.316666666666667,249.0,757.6666666666666,14.1,66.5
2024-06-27 22:00:00,2.066666666666667,224.0,757.6,14.916666666666666,64.66666666666667
2024-06-27 23:00:00,0.85,216.83333333333334,757.4166666666666,15.866666666666667,57.333333333333336
2024-06-28 00:00:00,1.8833333333333335,195.66666666666666,757.3333333333334,15.666666666666666,56.333333333333336
2024-06-28 01:00:00,2.6666666666666665,191.66666666666666,757.4499999999999,15.483333333333334,56.5
2024-06-28 02:00:00,2.1,196.0,757.4833333333332,16.233333333333334,56.666666666666664
2024-06-28 03:00:00,0.45,209.5,757.5333333333333,19.416666666666668,46.5
2024-06-28 04:00:00,0.7000000000000001,233.5,757.7166666666667,20.633333333333333,41.666666666666664
2024-06-28 05:00:00,1.2833333333333334,243.66666666666666,757.5500000000001,21.45,40.5
2024-06-28 06:00:00,2.1166666666666667,236.66666666666666,757.5500000000001,21.96666666666667,40.333333333333336
2024-06-28 07:00:00,2.35,229.5,757.4,22.599999999999998,39.833333333333336
2024-06-28 08:00:00,2.35,237.16666666666666,757.0833333333334,23.150000000000002,39.166666666666664
2024-06-28 09:00:00,2.65,237.16666666666666,756.6166666666667,23.78333333333333,36.833333333333336
2024-06-28 10:00:00,2.5166666666666666,237.66666666666666,756.3000000000001,24.349999999999998,35.833333333333336
2024-06-28 11:00:00,3.1999999999999997,244.83333333333334,756.0,24.266666666666666,33.833333333333336
2024-06-28 12:00:00,3.6833333333333336,246.66666666666666,755.6666666666666,24.8,29.166666666666668
2024-06-28 13:00:00,2.5500000000000003,245.5,755.2666666666668,24.8,28.0
2024-06-28 14:00:00,2.4833333333333334,246.83333333333334,755.25,23.516666666666666,29.833333333333332
2024-06-28 15:00:00,5.333333333333333,245.83333333333334,755.9166666666666,21.900000000000002,33.833333333333336
2024-06-28 16:00:00,2.25,234.0,756.0333333333333,20.483333333333334,38.666666666666664
2024-06-28 17:00:00,2.216666666666667,234.0,756.3833333333333,19.516666666666666,41.333333333333336
2024-06-28 18:00:00,2.25,251.5,756.1166666666667,18.666666666666668,42.833333333333336
2024-06-28 19:00:00,2.0,242.0,756.35,17.3,54.666666666666664
2024-06-28 20:00:00,6.6000000000000005,199.83333333333334,755.7833333333333,18.716666666666665,43.666666666666664
2024-06-28 21:00:00,2.6666666666666665,228.5,755.3833333333333,18.5,43.166666666666664
2024-06-28 22:00:00,2.9499999999999997,248.66666666666666,755.1666666666666,16.966666666666665,51.166666666666664
2024-06-28 23:00:00,3.5,248.0,755.2166666666667,16.616666666666667,54.833333333333336
2024-06-29 00:00:00,3.3333333333333335,250.33333333333334,755.0333333333333,15.516666666666666,59.833333333333336
2024-06-29 01:00:00,3.0833333333333335,256.3333333333333,755.2333333333332,15.533333333333333,57.666666666666664
2024-06-29 02:00:00,2.5166666666666666,247.16666666666666,755.2000000000002,16.216666666666665,55.166666666666664
2024-06-29 03:00:00,1.5999999999999999,248.5,755.4833333333332,18.533333333333335,50.0
2024-06-29 04:00:00,0.8333333333333334,239.66666666666666,755.7833333333333,21.333333333333332,42.833333333333336
2024-06-29 05:00:00,1.5833333333333333,236.66666666666666,755.9333333333334,21.416666666666668,40.833333333333336
2024-06-29 06:00:00,2.316666666666667,236.83333333333334,756.1666666666666,22.400000000000002,38.666666666666664
2024-06-29 07:00:00,3.766666666666667,242.66666666666666,756.2666666666668,22.55,39.833333333333336
2024-06-29 08:00:00,3.65,241.66666666666666,756.2999999999998,22.933333333333334,40.0
2024-06-29 09:00:00,3.0500000000000003,243.0,756.15,23.683333333333334,39.0
2024-06-29 10:00:00,2.3666666666666667,231.5,755.9499999999999,23.95,36.0
2024-06-29 11:00:00,4.016666666666667,238.5,755.7666666666668,24.633333333333336,34.333333333333336
2024-06-29 12:00:00,3.1833333333333336,233.33333333333334,755.7166666666667,24.46666666666667,33.166666666666664
2024-06-29 13:00:00,3.5833333333333335,246.0,755.6333333333333,24.583333333333332,33.333333333333336
2024-06-29 14:00:00,2.6333333333333333,244.83333333333334,755.8499999999999,24.233333333333334,32.833333333333336
2024-06-29 15:00:00,1.8,242.83333333333334,756.1,20.433333333333334,50.333333333333336
2024-06-29 16:00:00,2.1166666666666667,252.0,756.25,17.133333333333333,67.66666666666667
2024-06-29 17:00:00,2.016666666666667,250.16666666666666,756.4,15.783333333333333,76.83333333333333
2024-06-29 18:00:00,3.3166666666666664,252.5,756.75,15.316666666666668,76.0
2024-06-29 19:00:00,3.516666666666667,255.83333333333334,756.9833333333332,15.233333333333334,72.33333333333333
2024-06-29 20:00:00,3.4333333333333336,256.8333333333333,756.9833333333332,15.066666666666668,72.5
2024-06-29 21:00:00,3.65,256.1666666666667,756.75,15.049999999999999,71.16666666666667
2024-06-29 22:00:00,2.75,256.5,756.7333333333332,15.35,67.66666666666667
2024-06-29 23:00:00,2.5,256.8333333333333,756.8499999999999,14.516666666666666,75.0
2024-06-30 00:00:00,2.4166666666666665,255.16666666666666,757.0500000000001,14.116666666666667,76.83333333333333
2024-06-30 01:00:00,2.316666666666667,255.0,757.3833333333333,13.983333333333334,77.83333333333333
2024-06-30 02:00:00,1.5999999999999999,249.83333333333334,757.6333333333333,14.75,75.66666666666667
2024-06-30 03:00:00,1.5833333333333333,250.16666666666666,757.9166666666666,16.383333333333333,69.0
2024-06-30 04:00:00,0.9833333333333334,244.16666666666666,758.1,18.716666666666665,60.333333333333336
2024-06-30 05:00:00,1.7,231.83333333333334,758.4166666666666,20.900000000000002,45.666666666666664
2024-06-30 06:00:00,1.8166666666666667,223.33333333333334,758.5666666666666,21.933333333333334,39.333333333333336
2024-06-30 07:00:00,2.25,227.66666666666666,758.5500000000001,22.599999999999998,38.5
2024-06-30 08:00:00,2.533333333333333,228.0,758.4333333333334,22.866666666666664,41.166666666666664
2024-06-30 09:00:00,2.716666666666667,226.83333333333334,758.0333333333333,23.78333333333333,39.0
2024-06-30 10:00:00,3.5833333333333335,243.66666666666666,757.75,23.883333333333336,38.666666666666664
2024-06-30 11:00:00,3.4333333333333336,240.66666666666666,757.6,24.28333333333333,36.166666666666664
2024-06-30 12:00:00,3.6166666666666667,245.66666666666666,757.3833333333333,24.483333333333334,33.666666666666664
2024-06-30 13:00:00,3.783333333333333,248.0,757.2833333333333,24.266666666666666,33.166666666666664
2024-06-30 14:00:00,2.766666666666667,245.33333333333334,757.4333333333334,23.599999999999998,34.333333333333336
2024-06-30 15:00:00,2.15,241.83333333333334,757.6999999999999,20.716666666666665,46.5
2024-06-30 16:00:00,2.3666666666666667,254.33333333333334,757.9166666666666,16.8,66.0
2024-06-30 17:00:00,2.1999999999999997,252.83333333333334,758.2833333333333,15.450000000000001,76.33333333333333
2024-06-30 18:00:00,2.65,255.5,758.4499999999999,14.883333333333333,80.83333333333333
2024-06-30 19:00:00,2.6833333333333336,254.66666666666666,758.3499999999999,14.516666666666666,80.16666666666667
2024-06-30 20:00:00,1.9666666666666668,253.0,758.3166666666666,14.166666666666666,82.5
2024-06-30 21:00:00,2.1,256.0,758.1666666666666,14.116666666666667,81.0
2024-06-30 22:00:00,2.1333333333333333,253.66666666666666,757.9499999999999,13.75,84.83333333333333
2024-06-30 23:00:00,1.6666666666666667,252.66666666666666,757.7833333333333,13.266666666666667,93.33333333333333
2024-07-01 00:00:00,1.6166666666666665,249.5,757.7166666666667,14.166666666666666,79.5
2024-07-01 01:00:00,1.3833333333333335,249.66666666666666,758.0666666666666,14.166666666666666,76.66666666666667
2024-07-01 02:00:00,1.6166666666666665,257.3333333333333,758.3166666666666,14.9,72.5
2024-07-01 03:00:00,0.43333333333333335,244.5,758.4499999999999,17.95,61.333333333333336
2024-07-01 04:00:00,1.7,248.5,758.4666666666667,20.650000000000002,47.833333333333336
2024-07-01 05:00:00,2.4833333333333334,238.0,758.6833333333334,20.733333333333334,48.166666666666664
2024-07-01 06:00:00,1.866666666666667,235.0,758.7666666666668,21.400000000000002,46.166666666666664
2024-07-01 07:00:00,2.6166666666666667,238.16666666666666,758.4666666666667,22.25,44.166666666666664
2024-07-01 08:00:00,2.8666666666666667,226.33333333333334,757.9666666666667,23.116666666666664,41.833333333333336
2024-07-01 09:00:00,3.5,237.33333333333334,757.5500000000001,23.233333333333334,42.166666666666664
2024-07-01 10:00:00,3.3666666666666667,239.16666666666666,757.2333333333332,22.933333333333334,42.0
2024-07-01 11:00:00,3.0666666666666664,239.5,756.9,23.7,38.166666666666664
2024-07-01 12:00:00,1.8833333333333335,237.66666666666666,756.5166666666668,23.483333333333334,37.0
2024-07-01 13:00:00,2.6833333333333336,240.16666666666666,756.0833333333334,23.150000000000002,36.666666666666664
2024-07-01 14:00:00,1.05,236.5,756.0,22.383333333333336,38.333333333333336
2024-07-01 15:00:00,1.75,238.16666666666666,756.1833333333334,21.166666666666668,43.0
2024-07-01 16:00:00,1.4333333333333333,222.0,757.1333333333333,17.466666666666665,71.83333333333333
2024-07-01 17:00:00,4.283333333333333,250.0,757.0333333333333,16.366666666666667,84.66666666666667
2024-07-01 18:00:00,2.533333333333333,251.83333333333334,756.9333333333334,15.950000000000001,81.33333333333333
2024-07-01 19:00:00,2.65,254.83333333333334,756.5833333333334,16.366666666666667,72.16666666666667
2024-07-01 20:00:00,2.716666666666667,256.6666666666667,756.2833333333333,16.716666666666665,66.83333333333333
2024-07-01 21:00:00,2.716666666666667,254.83333333333334,755.8666666666667,17.016666666666666,62.833333333333336
2024-07-01 22:00:00,2.4166666666666665,248.83333333333334,755.5,17.599999999999998,58.0
2024-07-01 23:00:00,2.6166666666666667,250.33333333333334,755.1333333333333,17.816666666666666,55.333333333333336
2024-07-02 00:00:00,2.3333333333333335,247.0,754.9666666666667,17.95,51.333333333333336
2024-07-02 01:00:00,0.45,235.83333333333334,755.1,17.333333333333332,53.5
2024-07-02 02:00:00,0.4666666666666666,231.5,755.1500000000001,17.650000000000002,54.5
2024-07-02 03:00:00,0.39999999999999997,230.5,755.3000000000001,19.55,45.833333333333336
2024-07-02 04:00:00,1.1666666666666667,234.66666666666666,755.5333333333333,20.3,43.333333333333336
2024-07-02 05:00:00,1.6333333333333335,213.83333333333334,755.5,20.849999999999998,41.166666666666664
2024-07-02 06:00:00,1.3666666666666665,221.5,755.5,21.383333333333336,39.333333333333336
2024-07-02 07:00:00,2.65,237.0,755.1666666666666,22.516666666666666,39.666666666666664
2024-07-02 08:00:00,2.6,242.5,754.9499999999999,22.099999999999998,41.333333333333336
2024-07-02 09:00:00,3.0666666666666664,238.16666666666666,754.5,23.21666666666667,37.333333333333336
2024-07-02 10:00:00,3.4499999999999997,241.33333333333334,754.1166666666667,23.96666666666667,32.666666666666664
2024-07-02 11:00:00,2.4666666666666663,228.33333333333334,753.85,23.616666666666664,30.0
2024-07-02 12:00:00,4.366666666666667,245.5,753.4166666666666,24.983333333333334,29.166666666666668
2024-07-02 13:00:00,4.083333333333333,247.83333333333334,753.3166666666666,24.766666666666666,28.333333333333332
2024-07-02 14:00:00,2.8000000000000003,242.16666666666666,753.3333333333334,24.066666666666666,28.333333333333332
2024-07-02 15:00:00,1.45,246.83333333333334,753.5500000000001,22.666666666666668,31.0
2024-07-02 16:00:00,1.0833333333333333,209.5,753.9,20.566666666666666,38.166666666666664
2024-07-02 17:00:00,1.2166666666666666,235.83333333333334,754.1999999999999,20.083333333333332,40.0
2024-07-02 18:00:00,1.9833333333333334,243.0,754.1666666666666,19.883333333333333,39.5
2024-07-02 19:00:00,2.5166666666666666,253.5,754.0,19.8,40.333333333333336
2024-07-02 20:00:00,2.1999999999999997,248.66666666666666,753.7166666666667,19.483333333333334,41.666666666666664
2024-07-02 21:00:00,2.3666666666666667,234.83333333333334,753.8166666666666,19.483333333333334,40.833333333333336
2024-07-02 22:00:00,1.9666666666666668,235.66666666666666,753.5833333333334,16.900000000000002,57.166666666666664
2024-07-02 23:00:00,1.5166666666666666,237.33333333333334,753.25,17.333333333333332,52.166666666666664
2024-07-03 00:00:00,1.0,246.5,753.3833333333333,17.366666666666667,51.166666666666664
2024-07-03 01:00:00,1.3666666666666665,241.33333333333334,753.5166666666668,17.316666666666666,51.833333333333336
2024-07-03 02:00:00,0.31666666666666665,211.0,753.75,17.483333333333334,54.666666666666664
2024-07-03 03:00:00,0.25,248.16666666666666,754.0166666666668,19.9,45.833333333333336
2024-07-03 04:00:00,1.0999999999999999,231.33333333333334,754.25,21.283333333333335,40.166666666666664
2024-07-03 05:00:00,2.183333333333333,231.83333333333334,754.5666666666666,21.316666666666666,40.666666666666664
2024-07-03 06:00:00,2.5833333333333335,233.66666666666666,754.5500000000001,22.3,39.333333333333336
2024-07-03 07:00:00,3.516666666666667,241.66666666666666,754.6500000000001,22.96666666666667,37.833333333333336
2024-07-03 08:00:00,4.1499999999999995,240.66666666666666,754.5666666666666,23.483333333333334,37.666666666666664
2024-07-03 09:00:00,3.8333333333333335,244.0,754.3666666666667,23.866666666666664,36.166666666666664
2024-07-03 10:00:00,3.266666666666667,234.0,754.2833333333333,24.083333333333332,35.166666666666664
2024-07-03 11:00:00,3.15,243.16666666666666,754.1666666666666,24.45,35.0
2024-07-03 12:00:00,3.3333333333333335,237.66666666666666,754.1500000000001,24.683333333333334,34.333333333333336
2024-07-03 13:00:00,3.266666666666667,241.0,754.25,24.099999999999998,33.666666666666664
2024-07-03 14:00:00,3.1166666666666667,245.66666666666666,754.4833333333332,23.183333333333334,34.5
2024-07-03 15:00:00,1.7666666666666666,245.0,754.9166666666666,21.866666666666664,36.166666666666664
2024-07-03 16:00:00,1.3,217.5,755.2666666666668,20.48333333333333,39.833333333333336
2024-07-03 17:00:00,2.1333333333333333,199.66666666666666,755.65,19.316666666666666,42.5
2024-07-03 18:00:00,3.766666666666667,187.66666666666666,755.9666666666667,18.816666666666666,39.833333333333336
2024-07-03 19:00:00,4.016666666666667,185.33333333333334,755.9,18.766666666666666,32.666666666666664
2024-07-03 20:00:00,1.3,232.0,755.9,19.033333333333335,28.666666666666668
2024-07-03 21:00:00,1.6833333333333333,239.0,755.8166666666666,18.416666666666668,34.333333333333336
2024-07-03 22:00:00,0.7833333333333333,223.66666666666666,755.7166666666667,18.25,33.666666666666664
2024-07-03 23:00:00,2.8166666666666664,208.0,755.9833333333332,18.5,30.833333333333332
2024-07-04 00:00:00,1.05,222.0,756.2166666666667,17.48333333333333,32.166666666666664
2024-07-04 01:00:00,0.6,244.0,756.5666666666666,16.849999999999998,33.5
2024-07-04 02:00:00,1.9333333333333333,248.33333333333334,756.8833333333333,17.883333333333333,34.166666666666664
2024-07-04 03:00:00,0.6333333333333333,247.5,757.1333333333333,20.833333333333332,33.5
2024-07-04 04:00:00,0.8666666666666667,238.5,757.65,23.400000000000002,29.666666666666668
2024-07-04 05:00:00,1.1166666666666665,234.66666666666666,757.9833333333332,23.866666666666664,26.666666666666668
2024-07-04 06:00:00,1.6833333333333333,231.33333333333334,758.1166666666667,24.566666666666666,25.666666666666668
2024-07-04 07:00:00,2.0500000000000003,235.0,758.1333333333333,25.2,24.333333333333332
2024-07-04 08:00:00,2.65,233.16666666666666,758.0666666666666,26.016666666666666,24.0
2024-07-04 09:00:00,3.1,229.66666666666666,757.8666666666667,26.516666666666666,24.833333333333332
2024-07-04 10:00:00,2.8666666666666667,234.5,757.7333333333332,26.900000000000002,24.666666666666668
2024-07-04 11:00:00,2.8166666666666664,237.33333333333334,757.6500000000001,27.28333333333333,22.666666666666668
2024-07-04 12:00:00,3.1999999999999997,239.0,757.4499999999999,27.366666666666664,20.166666666666668
2024-07-04 13:00:00,2.8333333333333335,236.83333333333334,757.3166666666666,27.150000000000002,19.5
2024-07-04 14:00:00,3.0,245.16666666666666,757.3166666666666,26.299999999999997,21.833333333333332
2024-07-04 15:00:00,2.25,245.33333333333334,757.5666666666666,24.833333333333332,23.166666666666668
2024-07-04 16:00:00,1.5333333333333334,243.66666666666666,757.9166666666666,21.916666666666668,33.833333333333336
2024-07-04 17:00:00,1.7333333333333334,251.66666666666666,758.3666666666667,19.599999999999998,43.833333333333336
2024-07-04 18:00:00,2.2666666666666666,242.16666666666666,758.6166666666667,19.25,40.5
2024-07-04 19:00:00,2.5833333333333335,233.5,758.5833333333334,20.883333333333333,29.333333333333332
2024-07-04 20:00:00,2.6666666666666665,220.5,758.4499999999999,20.983333333333334,28.166666666666668
2024-07-04 21:00:00,3.016666666666666,222.33333333333334,758.2833333333333,20.966666666666665,27.333333333333332
2024-07-04 22:00:00,2.6666666666666665,234.5,758.1333333333333,20.466666666666665,27.166666666666668
2024-07-04 23:00:00,2.433333333333333,242.0,758.25,19.466666666666665,29.0
2024-07-05 00:00:00,2.1666666666666665,245.16666666666666,758.3166666666666,18.599999999999998,31.333333333333332
2024-07-05 01:00:00,2.1,245.33333333333334,758.5500000000001,18.066666666666666,32.5
2024-07-05 02:00:00,2.3333333333333335,250.66666666666666,758.8333333333334,18.233333333333334,35.166666666666664
2024-07-05 03:00:00,2.0,248.66666666666666,759.0500000000001,20.599999999999998,34.0
2024-07-05 04:00:00,1.75,246.0,759.2333333333332,23.55,30.5
2024-07-05 05:00:00,2.0833333333333335,231.0,759.2999999999998,24.71666666666667,27.0
2024-07-05 06:00:00,1.7833333333333332,231.66666666666666,759.3166666666666,26.066666666666666,23.333333333333332
2024-07-05 07:00:00,2.033333333333333,234.66666666666666,759.3000000000001,26.816666666666666,21.833333333333332
2024-07-05 08:00:00,2.8166666666666664,230.66666666666666,759.0500000000001,27.0,22.833333333333332
2024-07-05 09:00:00,3.1,233.66666666666666,758.85,27.016666666666666,22.833333333333332
2024-07-05 10:00:00,2.3000000000000003,225.0,758.6,27.416666666666668,21.666666666666668
2024-07-05 11:00:00,2.1666666666666665,229.5,758.2833333333333,27.75,21.166666666666668
2024-07-05 12:00:00,2.316666666666667,231.5,757.9499999999999,27.866666666666664,20.666666666666668
2024-07-05 13:00:00,2.65,232.5,757.6666666666666,27.46666666666667,20.833333333333332
2024-07-05 14:00:00,2.216666666666667,217.33333333333334,757.7333333333332,25.383333333333336,25.333333333333332
2024-07-05 15:00:00,2.3000000000000003,236.0,757.9666666666667,23.46666666666667,29.0
2024-07-05 16:00:00,2.033333333333333,248.66666666666666,758.2833333333333,21.583333333333332,30.333333333333332
2024-07-05 17:00:00,2.4,252.66666666666666,758.6833333333334,20.833333333333332,31.166666666666668
2024-07-05 18:00:00,2.766666666666667,251.33333333333334,758.8666666666667,20.583333333333332,31.666666666666668
2024-07-05 19:00:00,2.433333333333333,248.66666666666666,758.7333333333332,20.25,32.166666666666664
2024-07-05 20:00:00,1.3666666666666665,245.0,758.4333333333334,19.916666666666668,33.666666666666664
2024-07-05 21:00:00,2.65,254.16666666666666,758.25,18.633333333333333,36.333333333333336
2024-07-05 22:00:00,2.9166666666666665,254.0,758.1,18.583333333333332,36.333333333333336
2024-07-05 23:00:00,2.566666666666667,251.0,758.0833333333334,18.566666666666666,36.5
2024-07-06 00:00:00,1.7000000000000002,242.83333333333334,758.4,18.2,37.333333333333336
2024-07-06 01:00:00,0.7999999999999999,230.66666666666666,758.7333333333332,18.25,37.833333333333336
2024-07-06 02:00:00,0.2333333333333333,233.33333333333334,759.0,19.566666666666666,38.666666666666664
2024-07-06 03:00:00,0.5666666666666667,230.0,759.1,20.883333333333333,36.166666666666664
2024-07-06 04:00:00,0.9666666666666667,241.16666666666666,759.1666666666666,22.983333333333334,32.333333333333336
2024-07-06 05:00:00,2.0500000000000003,240.33333333333334,759.25,23.416666666666668,30.666666666666668
2024-07-06 06:00:00,2.5500000000000003,238.83333333333334,759.3499999999999,23.916666666666668,29.5
2024-07-06 07:00:00,2.5166666666666666,234.0,759.25,24.150000000000002,30.166666666666668
2024-07-06 08:00:00,2.6666666666666665,229.83333333333334,759.1,25.099999999999998,28.0
2024-07-06 09:00:00,3.75,229.83333333333334,758.9,25.78333333333333,25.166666666666668
2024-07-06 10:00:00,3.5833333333333335,233.0,758.7333333333332,25.150000000000002,24.0
2024-07-06 11:00:00,2.783333333333333,239.5,757.6500000000001,26.166666666666668,24.5
2024-07-06 12:00:00,2.6999999999999997,238.0,757.7166666666667,26.316666666666666,24.833333333333332
2024-07-06 13:00:00,2.783333333333333,238.16666666666666,757.7333333333332,25.383333333333336,23.5
2024-07-06 14:00:00,1.8,226.66666666666666,757.6833333333334,24.766666666666666,24.666666666666668
2024-07-06 15:00:00,1.2166666666666666,235.33333333333334,758.0500000000001,22.983333333333334,34.333333333333336
2024-07-06 16:00:00,1.9333333333333333,251.0,758.2833333333333,21.53333333333333,39.333333333333336
2024-07-06 17:00:00,3.9333333333333336,221.5,758.3333333333334,21.916666666666668,35.0
2024-07-06 18:00:00,2.15,244.66666666666666,758.65,20.916666666666668,38.666666666666664
2024-07-06 19:00:00,0.4666666666666666,224.83333333333334,758.7666666666668,20.433333333333334,38.0
2024-07-06 20:00:00,0.9833333333333334,236.16666666666666,758.5666666666666,20.45,35.166666666666664
2024-07-06 21:00:00,1.0666666666666667,245.33333333333334,758.4,19.316666666666666,41.0
2024-07-06 22:00:00,3.6999999999999997,227.16666666666666,758.1999999999999,18.616666666666667,49.0
2024-07-06 23:00:00,4.733333333333333,210.0,757.9833333333332,20.266666666666666,38.666666666666664
2024-07-07 00:00:00,1.8,241.66666666666666,758.15,18.633333333333333,48.0
2024-07-07 01:00:00,1.3,238.0,758.5333333333333,17.599999999999998,53.333333333333336
2024-07-07 02:00:00,1.2166666666666666,227.0,758.7833333333333,17.766666666666666,53.833333333333336
2024-07-07 03:00:00,0.8833333333333333,227.83333333333334,759.0833333333334,18.966666666666665,50.333333333333336
2024-07-07 04:00:00,2.15,229.83333333333334,759.5500000000001,20.766666666666666,44.5
2024-07-07 05:00:00,6.433333333333334,207.66666666666666,759.5500000000001,21.150000000000002,41.833333333333336
2024-07-07 06:00:00,5.45,215.66666666666666,759.4666666666667,22.650000000000002,37.5
2024-07-07 07:00:00,3.3833333333333333,223.16666666666666,759.4833333333332,24.183333333333334,34.833333333333336
2024-07-07 08:00:00,2.066666666666667,225.33333333333334,759.1333333333333,24.666666666666668,32.833333333333336
2024-07-07 09:00:00,2.716666666666667,236.33333333333334,758.7833333333333,24.666666666666668,31.0
2024-07-07 10:00:00,2.533333333333333,235.83333333333334,758.6500000000001,24.599999999999998,29.5
2024-07-07 11:00:00,0.8833333333333333,228.83333333333334,758.35,25.21666666666667,28.833333333333332
2024-07-07 12:00:00,1.1166666666666667,223.5,758.2000000000002,25.25,29.666666666666668
2024-07-07 13:00:00,2.3333333333333335,226.83333333333334,758.0500000000001,25.183333333333334,29.666666666666668
2024-07-07 14:00:00,3.466666666666667,236.5,757.9833333333332,23.483333333333334,33.5
2024-07-07 15:00:00,3.0833333333333335,229.0,758.3000000000001,22.366666666666664,35.333333333333336
2024-07-07 16:00:00,4.0,216.66666666666666,758.4499999999999,20.96666666666667,38.333333333333336
2024-07-07 17:00:00,3.3833333333333333,217.5,758.9333333333334,20.366666666666667,40.0
2024-07-07 18:00:00,3.4,215.83333333333334,759.1,20.016666666666666,41.833333333333336
2024-07-07 19:00:00,4.1,219.0,759.0166666666668,19.066666666666666,44.666666666666664
2024-07-07 20:00:00,9.483333333333333,197.0,758.7166666666667,18.683333333333334,45.5
2024-07-07 21:00:00,8.683333333333334,195.16666666666666,758.5,18.5,42.5
2024-07-07 22:00:00,7.466666666666666,194.5,758.4499999999999,18.666666666666668,37.166666666666664
2024-07-07 23:00:00,6.6499999999999995,197.0,758.4333333333334,18.833333333333332,33.333333333333336
2024-07-08 00:00:00,2.8333333333333335,214.33333333333334,758.6666666666666,18.05,33.833333333333336
2024-07-08 01:00:00,2.0166666666666666,233.5,758.9833333333332,16.966666666666665,35.333333333333336
2024-07-08 02:00:00,3.0500000000000003,220.66666666666666,759.0833333333334,18.166666666666668,33.166666666666664
2024-07-08 03:00:00,4.216666666666667,219.5,759.2166666666667,19.266666666666666,31.0
2024-07-08 04:00:00,1.4666666666666668,225.0,759.3833333333333,21.8,29.666666666666668
2024-07-08 05:00:00,1.2166666666666666,225.0,759.6666666666666,21.083333333333332,34.333333333333336
2024-07-08 06:00:00,1.2833333333333334,231.83333333333334,759.7333333333332,22.8,31.833333333333332
2024-07-08 07:00:00,1.5333333333333332,217.0,759.7333333333332,23.599999999999998,29.166666666666668
2024-07-08 08:00:00,1.9666666666666668,231.5,759.5833333333334,25.066666666666666,26.0
2024-07-08 09:00:00,2.1333333333333333,232.66666666666666,759.3833333333333,25.266666666666666,24.833333333333332
2024-07-08 10:00:00,2.216666666666667,232.33333333333334,758.9499999999999,26.383333333333336,23.333333333333332
2024-07-08 11:00:00,3.0,222.33333333333334,758.7166666666667,26.566666666666666,21.333333333333332
2024-07-08 12:00:00,3.6999999999999997,243.5,758.5666666666666,25.883333333333336,20.666666666666668
2024-07-08 13:00:00,4.383333333333334,206.0,758.3166666666666,24.883333333333336,25.5
2024-07-08 14:00:00,4.15,204.16666666666666,758.6166666666667,23.066666666666666,29.166666666666668
2024-07-08 15:00:00,6.3,209.66666666666666,759.0500000000001,21.316666666666666,37.0
2024-07-08 16:00:00,5.1,217.33333333333334,759.3166666666666,21.0,34.666666666666664
2024-07-08 17:00:00,4.033333333333333,243.33333333333334,759.7666666666668,20.016666666666666,40.0
2024-07-08 18:00:00,3.1666666666666665,236.33333333333334,759.8666666666667,19.366666666666667,42.666666666666664
2024-07-08 19:00:00,6.416666666666667,199.0,759.6666666666666,20.416666666666668,36.5
2024-07-08 20:00:00,4.266666666666667,207.33333333333334,759.5,20.75,32.833333333333336
2024-07-08 21:00:00,1.5,249.5,759.4,18.95,40.5
2024-07-08 22:00:00,1.95,246.0,759.2999999999998,18.150000000000002,41.166666666666664
2024-07-08 23:00:00,1.7,241.16666666666666,759.2999999999998,18.05,40.166666666666664
2024-07-09 00:00:00,1.5666666666666667,240.83333333333334,759.4666666666667,17.3,44.0
2024-07-09 01:00:00,1.7833333333333332,243.16666666666666,759.6,16.733333333333334,47.333333333333336
2024-07-09 02:00:00,1.5499999999999998,227.33333333333334,759.85,16.849999999999998,52.333333333333336
2024-07-09 03:00:00,1.6333333333333335,252.0,760.0333333333333,19.733333333333334,43.666666666666664
2024-07-09 04:00:00,0.7000000000000001,237.83333333333334,760.2666666666668,22.583333333333332,34.5
2024-07-09 05:00:00,1.4333333333333333,222.16666666666666,760.5,22.916666666666668,30.666666666666668
2024-07-09 06:00:00,1.7166666666666668,226.83333333333334,760.7166666666667,23.883333333333336,28.166666666666668
2024-07-09 07:00:00,2.0166666666666666,237.16666666666666,760.7999999999998,24.75,25.333333333333332
2024-07-09 08:00:00,2.6666666666666665,230.83333333333334,760.6,26.25,23.666666666666668
2024-07-09 09:00:00,4.233333333333333,243.83333333333334,760.3000000000001,26.683333333333334,23.5
2024-07-09 10:00:00,3.233333333333333,237.83333333333334,760.0166666666668,26.683333333333334,22.0
2024-07-09 11:00:00,1.2666666666666666,220.16666666666666,759.9166666666666,25.900000000000002,22.5
2024-07-09 12:00:00,2.3833333333333333,236.16666666666666,759.7666666666668,26.433333333333334,23.166666666666668
2024-07-09 13:00:00,2.4833333333333334,243.33333333333334,759.6166666666667,26.516666666666666,25.333333333333332
2024-07-09 14:00:00,2.766666666666667,244.16666666666666,759.7333333333332,25.099999999999998,33.166666666666664
2024-07-09 15:00:00,2.85,241.5,759.9499999999999,22.75,40.666666666666664
2024-07-09 16:00:00,3.1833333333333336,240.0,760.2833333333333,21.3,44.5
2024-07-09 17:00:00,3.6333333333333333,246.0,760.6166666666667,19.7,50.666666666666664
2024-07-09 18:00:00,4.166666666666667,222.33333333333334,760.7999999999998,21.216666666666665,41.0
2024-07-09 19:00:00,7.25,204.83333333333334,760.6666666666666,21.383333333333336,38.166666666666664
2024-07-09 20:00:00,8.25,199.83333333333334,760.5,20.983333333333334,38.0
2024-07-09 21:00:00,7.6000000000000005,195.66666666666666,760.5,21.333333333333332,35.333333333333336
2024-07-09 22:00:00,3.733333333333333,223.83333333333334,760.5666666666666,21.1,34.5
2024-07-09 23:00:00,2.066666666666667,248.16666666666666,760.5500000000001,19.233333333333334,41.166666666666664
2024-07-10 00:00:00,1.8499999999999999,246.0,760.8833333333333,18.316666666666666,45.0
2024-07-10 01:00:00,2.1166666666666667,248.0,761.2666666666668,17.866666666666667,46.5
2024-07-10 02:00:00,1.7,251.33333333333334,761.5166666666668,18.099999999999998,48.833333333333336
2024-07-10 03:00:00,1.3333333333333333,249.5,761.85,20.266666666666666,47.166666666666664
2024-07-10 04:00:00,0.48333333333333334,239.83333333333334,761.9833333333332,23.28333333333333,38.5
2024-07-10 05:00:00,1.0,232.66666666666666,762.0833333333334,24.183333333333334,31.5
2024-07-10 06:00:00,2.233333333333333,237.5,762.2666666666668,26.0,26.833333333333332
2024-07-10 07:00:00,2.5500000000000003,227.5,762.2000000000002,26.566666666666666,25.0
2024-07-10 08:00:00,3.8000000000000003,243.16666666666666,762.0333333333333,26.616666666666664,26.833333333333332
2024-07-10 09:00:00,3.8666666666666667,240.0,761.8000000000001,27.05,24.666666666666668
2024-07-10 10:00:00,4.083333333333333,244.0,761.4833333333332,27.583333333333332,23.333333333333332
2024-07-10 11:00:00,4.983333333333333,246.83333333333334,761.2333333333332,28.233333333333334,22.666666666666668
2024-07-10 12:00:00,3.716666666666667,234.66666666666666,761.2000000000002,28.266666666666666,21.833333333333332
2024-07-10 13:00:00,3.4499999999999997,234.33333333333334,761.1666666666666,27.866666666666664,21.666666666666668
2024-07-10 14:00:00,2.85,231.5,761.35,26.78333333333333,23.166666666666668
2024-07-10 15:00:00,2.316666666666667,234.5,761.5666666666666,23.666666666666668,36.0
2024-07-10 16:00:00,2.4499999999999997,244.16666666666666,761.85,21.650000000000002,42.333333333333336
2024-07-10 17:00:00,2.733333333333333,249.66666666666666,762.1500000000001,20.416666666666668,47.333333333333336
2024-07-10 18:00:00,3.0500000000000003,253.66666666666666,762.2166666666667,19.766666666666666,49.0
2024-07-10 19:00:00,3.1333333333333333,253.5,762.0666666666666,19.583333333333332,49.166666666666664
2024-07-10 20:00:00,3.1666666666666665,245.16666666666666,761.7833333333333,19.366666666666667,50.333333333333336
2024-07-10 21:00:00,3.9,229.66666666666666,761.6,20.083333333333332,45.5
2024-07-10 22:00:00,6.166666666666667,200.5,761.5833333333334,20.633333333333336,40.833333333333336
2024-07-10 23:00:00,1.5333333333333332,244.66666666666666,761.6500000000001,19.05,46.166666666666664
2024-07-11 00:00:00,1.6500000000000001,250.16666666666666,761.75,18.033333333333335,48.5
2024-07-11 01:00:00,1.2666666666666668,253.5,761.9666666666667,17.766666666666666,47.666666666666664
2024-07-11 02:00:00,1.4833333333333334,247.0,762.2833333333333,18.25,46.5
2024-07-11 03:00:00,0.4666666666666666,245.5,762.4833333333332,21.25,42.166666666666664
2024-07-11 04:00:00,0.65,234.66666666666666,762.5,24.05,31.833333333333332
2024-07-11 05:00:00,1.3666666666666665,240.0,762.4333333333334,24.2,31.333333333333332
2024-07-11 06:00:00,1.95,218.66666666666666,762.2666666666668,25.233333333333334,27.0
2024-07-11 07:00:00,2.5166666666666666,226.16666666666666,762.0333333333333,25.516666666666666,26.5
2024-07-11 08:00:00,3.016666666666667,237.66666666666666,761.8499999999999,25.7,29.166666666666668
2024-07-11 09:00:00,3.6333333333333333,242.16666666666666,761.6333333333333,26.516666666666666,28.166666666666668
2024-07-11 10:00:00,3.8166666666666664,243.0,761.1999999999999,26.666666666666668,25.166666666666668
2024-07-11 11:00:00,3.9499999999999997,239.33333333333334,760.8166666666666,27.066666666666666,24.5
2024-07-11 12:00:00,4.5,244.33333333333334,760.4499999999999,27.05,24.0
2024-07-11 13:00:00,3.6333333333333333,245.0,760.2166666666667,26.349999999999998,24.666666666666668
2024-07-11 14:00:00,3.533333333333333,247.83333333333334,760.2166666666667,25.083333333333332,26.333333333333332
2024-07-11 15:00:00,3.016666666666667,223.66666666666666,760.35,23.566666666666666,31.166666666666668
2024-07-11 16:00:00,1.8833333333333335,222.66666666666666,760.5,21.933333333333334,34.333333333333336
2024-07-11 17:00:00,2.8000000000000003,215.33333333333334,760.6500000000001,21.05,36.166666666666664
2024-07-11 18:00:00,2.75,240.66666666666666,760.6666666666666,19.933333333333334,41.666666666666664
2024-07-11 19:00:00,2.6,243.16666666666666,760.25,19.616666666666667,43.5
2024-07-11 20:00:00,2.316666666666667,243.16666666666666,760.0333333333333,19.5,43.666666666666664
2024-07-11 21:00:00,1.8499999999999999,236.66666666666666,760.0,19.066666666666666,46.666666666666664
2024-07-11 22:00:00,3.1,214.83333333333334,759.8833333333333,18.766666666666666,49.5
2024-07-11 23:00:00,2.2666666666666666,241.5,759.6999999999999,18.2,50.333333333333336
2024-07-12 00:00:00,0.9833333333333334,245.5,759.75,18.083333333333332,50.666666666666664
2024-07-12 01:00:00,3.0833333333333335,204.66666666666666,759.7833333333333,18.6,49.0
2024-07-12 02:00:00,2.6,211.0,760.2833333333333,18.066666666666666,52.333333333333336
2024-07-12 03:00:00,3.933333333333333,193.16666666666666,760.4333333333334,18.166666666666668,51.5
2024-07-12 04:00:00,1.6166666666666665,242.66666666666666,760.2666666666668,20.483333333333334,47.5
2024-07-12 05:00:00,1.2666666666666666,225.5,760.1333333333333,22.316666666666666,38.5
2024-07-12 06:00:00,2.983333333333333,239.66666666666666,760.0,22.7,37.833333333333336
2024-07-12 07:00:00,2.983333333333333,233.0,759.7833333333333,23.233333333333334,36.0
2024-07-12 08:00:00,3.6833333333333336,244.33333333333334,759.4833333333332,24.133333333333336,34.166666666666664
2024-07-12 09:00:00,3.9333333333333336,248.5,759.2666666666668,23.133333333333336,37.333333333333336
2024-07-12 10:00:00,4.483333333333333,244.0,758.8000000000001,25.133333333333336,32.0
2024-07-12 11:00:00,4.25,242.33333333333334,758.4,24.733333333333334,31.5
2024-07-12 12:00:00,4.116666666666667,240.16666666666666,758.1,25.45,29.5
2024-07-12 13:00:00,3.1166666666666667,220.33333333333334,757.9,24.566666666666666,32.833333333333336
2024-07-12 14:00:00,3.3333333333333335,206.5,757.8833333333333,23.483333333333334,36.166666666666664
2024-07-12 15:00:00,5.0,194.33333333333334,758.0,21.633333333333336,40.5
2024-07-12 16:00:00,7.6000000000000005,192.83333333333334,758.1666666666666,20.266666666666666,44.333333333333336
2024-07-12 17:00:00,9.283333333333333,194.5,758.5,19.650000000000002,44.666666666666664
2024-07-12 18:00:00,9.916666666666666,194.0,758.4666666666667,19.333333333333332,40.833333333333336
2024-07-12 19:00:00,6.366666666666666,194.0,758.3666666666667,19.716666666666665,35.833333333333336
2024-07-12 20:00:00,1.6833333333333333,239.0,758.0166666666668,18.783333333333335,37.5
2024-07-12 21:00:00,1.7166666666666668,233.66666666666666,757.6999999999999,17.866666666666667,37.0
2024-07-12 22:00:00,1.1333333333333333,240.33333333333334,757.5333333333333,17.3,38.0
2024-07-12 23:00:00,1.3666666666666665,239.33333333333334,757.5500000000001,16.55,41.0
2024-07-13 00:00:00,0.23333333333333336,237.5,757.5500000000001,16.016666666666666,45.166666666666664
2024-07-13 01:00:00,1.3166666666666667,220.0,757.7333333333332,16.633333333333333,48.5
2024-07-13 02:00:00,0.2333333333333333,221.66666666666666,757.8666666666667,16.349999999999998,52.333333333333336
2024-07-13 03:00:00,0.18333333333333335,247.33333333333334,757.9499999999999,18.599999999999998,46.666666666666664
2024-07-13 04:00:00,1.5,250.33333333333334,758.0,20.483333333333334,44.5
2024-07-13 05:00:00,1.8666666666666665,238.16666666666666,758.1,21.3,42.166666666666664
2024-07-13 06:00:00,2.8833333333333333,226.5,758.1666666666666,21.916666666666668,40.5
2024-07-13 07:00:00,2.9333333333333336,228.5,758.0833333333334,22.96666666666667,38.833333333333336
2024-07-13 08:00:00,3.4,228.0,757.65,23.566666666666666,37.0
2024-07-13 09:00:00,4.333333333333333,234.5,757.4166666666666,24.2,35.0
2024-07-13 10:00:00,4.3999999999999995,239.5,757.1166666666667,24.683333333333334,34.833333333333336
2024-07-13 11:00:00,3.85,237.33333333333334,756.7666666666668,25.066666666666666,32.5
2024-07-13 12:00:00,3.7166666666666663,239.33333333333334,756.5,25.150000000000002,31.333333333333332
2024-07-13 13:00:00,3.7000000000000006,241.0,756.3166666666666,25.083333333333332,30.833333333333332
2024-07-13 14:00:00,3.0500000000000003,236.0,756.3833333333333,24.316666666666666,32.166666666666664
2024-07-13 15:00:00,2.1666666666666665,243.83333333333334,756.5,20.716666666666665,50.166666666666664
2024-07-13 16:00:00,2.6,251.66666666666666,756.9333333333334,18.5,59.166666666666664
2024-07-13 17:00:00,2.4,247.0,757.25,17.666666666666668,62.333333333333336
2024-07-13 18:00:00,2.5166666666666666,252.33333333333334,757.4166666666666,17.0,67.33333333333333
2024-07-13 19:00:00,1.8166666666666667,251.5,757.2166666666667,17.183333333333334,64.66666666666667
2024-07-13 20:00:00,1.8,253.5,756.8666666666667,16.599999999999998,67.5
2024-07-13 21:00:00,2.433333333333333,258.1666666666667,756.5166666666668,16.233333333333334,69.33333333333333
2024-07-13 22:00:00,1.7,252.5,756.3333333333334,15.283333333333333,77.5
2024-07-13 23:00:00,1.5999999999999999,248.66666666666666,756.4166666666666,14.466666666666667,88.16666666666667
2024-07-14 00:00:00,1.6333333333333335,254.16666666666666,756.5166666666668,14.283333333333333,85.16666666666667
2024-07-14 01:00:00,2.1166666666666667,257.6666666666667,756.6666666666666,14.700000000000001,76.33333333333333
2024-07-14 02:00:00,1.0,256.0,756.9,15.183333333333332,71.33333333333333
2024-07-14 03:00:00,0.2833333333333334,244.0,757.0500000000001,18.233333333333334,55.666666666666664
2024-07-14 04:00:00,1.1666666666666667,242.0,757.1333333333333,20.766666666666666,42.5
2024-07-14 05:00:00,2.1166666666666667,235.5,757.2333333333332,20.883333333333333,41.0
2024-07-14 06:00:00,2.4499999999999997,240.66666666666666,757.2333333333332,22.016666666666666,39.166666666666664
2024-07-14 07:00:00,3.1333333333333333,237.66666666666666,757.1166666666667,22.733333333333334,39.666666666666664
2024-07-14 08:00:00,3.266666666666667,229.33333333333334,756.9833333333332,23.400000000000002,39.166666666666664
2024-07-14 09:00:00,3.3833333333333333,231.66666666666666,756.65,24.150000000000002,36.833333333333336
2024-07-14 10:00:00,2.983333333333333,227.5,756.3166666666666,24.78333333333333,33.666666666666664
2024-07-14 11:00:00,3.266666666666667,228.83333333333334,756.0,25.166666666666668,31.166666666666668
2024-07-14 12:00:00,3.033333333333333,234.66666666666666,755.7333333333332,25.21666666666667,30.0
2024-07-14 13:00:00,3.233333333333333,241.83333333333334,755.6500000000001,24.650000000000002,31.5
2024-07-14 14:00:00,2.733333333333333,231.16666666666666,755.9,23.03333333333333,38.166666666666664
2024-07-14 15:00:00,2.216666666666667,248.66666666666666,756.35,19.733333333333334,52.0
2024-07-14 16:00:00,2.3333333333333335,253.66666666666666,756.8000000000001,17.516666666666666,61.333333333333336
2024-07-14 17:00:00,2.2,255.16666666666666,757.1833333333334,16.45,66.66666666666667
2024-07-14 18:00:00,1.75,250.16666666666666,757.2333333333332,15.65,71.16666666666667
2024-07-14 19:00:00,1.2166666666666666,246.33333333333334,757.1,15.1,75.16666666666667
2024-07-14 20:00:00,0.8166666666666668,248.5,756.9833333333332,14.783333333333333,76.5
2024-07-14 21:00:00,2.066666666666667,251.33333333333334,756.8166666666666,14.533333333333333,75.16666666666667
2024-07-14 22:00:00,2.4,250.83333333333334,756.75,14.35,74.33333333333333
2024-07-14 23:00:00,2.533333333333333,245.16666666666666,756.7166666666667,14.149999999999999,74.0
2024-07-15 00:00:00,2.4333333333333336,247.66666666666666,756.9833333333332,14.033333333333333,73.33333333333333
2024-07-15 01:00:00,2.3833333333333333,245.66666666666666,757.3166666666666,13.866666666666667,73.0
2024-07-15 02:00:00,2.216666666666667,253.33333333333334,757.5500000000001,14.033333333333333,74.83333333333333
2024-07-15 03:00:00,1.5999999999999999,253.66666666666666,757.9166666666666,16.333333333333332,64.66666666666667
2024-07-15 04:00:00,0.9666666666666667,243.33333333333334,758.0166666666668,19.7,50.166666666666664
2024-07-15 05:00:00,1.8666666666666665,238.16666666666666,758.1333333333333,20.616666666666667,44.666666666666664
2024-07-15 06:00:00,2.6833333333333336,232.33333333333334,758.4666666666667,21.316666666666666,44.166666666666664
2024-07-15 07:00:00,2.8666666666666667,232.33333333333334,758.6,22.25,42.333333333333336
2024-07-15 08:00:00,3.266666666666667,223.66666666666666,758.4833333333332,23.066666666666666,40.5
2024-07-15 09:00:00,3.1999999999999997,241.0,758.2333333333332,24.05,38.5
2024-07-15 10:00:00,3.5833333333333335,238.66666666666666,757.9666666666667,24.583333333333332,37.166666666666664
2024-07-15 11:00:00,3.3666666666666667,229.5,757.8000000000001,24.883333333333336,36.666666666666664
2024-07-15 12:00:00,3.15,233.5,757.7000000000002,25.066666666666666,34.666666666666664
2024-07-15 13:00:00,3.1999999999999997,230.16666666666666,757.6166666666667,24.566666666666666,33.833333333333336
2024-07-15 14:00:00,2.733333333333333,239.83333333333334,757.6166666666667,23.816666666666666,34.0
2024-07-15 15:00:00,2.4,245.0,757.8666666666667,22.25,36.0
2024-07-15 16:00:00,1.5833333333333333,253.33333333333334,758.2666666666668,20.583333333333332,38.833333333333336
2024-07-15 17:00:00,1.2,242.5,758.85,20.016666666666666,40.0
2024-07-15 18:00:00,0.5833333333333334,217.66666666666666,759.1666666666666,18.866666666666667,43.666666666666664
2024-07-15 19:00:00,0.09999999999999999,219.66666666666666,759.1333333333333,18.333333333333332,45.833333333333336
2024-07-15 20:00:00,1.2833333333333334,192.16666666666666,758.9333333333334,17.55,47.166666666666664
2024-07-15 21:00:00,1.616666666666667,193.0,758.65,17.55,47.333333333333336
2024-07-15 22:00:00,1.05,203.83333333333334,758.4,16.516666666666666,51.333333333333336
2024-07-15 23:00:00,0.3833333333333333,222.5,758.2999999999998,16.683333333333334,50.5
2024-07-16 00:00:00,0.43333333333333335,198.16666666666666,758.4333333333334,16.3,51.833333333333336
2024-07-16 01:00:00,0.8666666666666667,208.16666666666666,758.7666666666668,16.466666666666665,51.166666666666664
2024-07-16 02:00:00,0.2833333333333334,211.66666666666666,759.1333333333333,16.55,54.166666666666664
2024-07-16 03:00:00,0.35000000000000003,220.66666666666666,759.3000000000001,19.566666666666666,44.333333333333336
2024-07-16 04:00:00,0.6,247.83333333333334,759.5166666666668,21.95,39.833333333333336
2024-07-16 05:00:00,1.7833333333333332,248.33333333333334,759.7666666666668,21.916666666666668,38.833333333333336
2024-07-16 06:00:00,2.35,241.33333333333334,759.7999999999998,22.916666666666668,35.833333333333336
2024-07-16 07:00:00,2.6999999999999997,231.33333333333334,759.75,23.900000000000002,32.833333333333336
2024-07-16 08:00:00,3.3333333333333335,230.5,759.6,24.833333333333332,30.333333333333332
2024-07-16 09:00:00,3.6333333333333333,231.66666666666666,759.4333333333334,25.366666666666664,28.333333333333332
2024-07-16 10:00:00,3.3833333333333333,233.33333333333334,759.2833333333333,25.7,26.833333333333332
2024-07-16 11:00:00,3.5500000000000003,236.33333333333334,759.0333333333333,26.05,25.0
2024-07-16 12:00:00,2.9333333333333336,238.5,758.8499999999999,26.349999999999998,23.833333333333332
2024-07-16 13:00:00,3.8166666666666664,242.66666666666666,758.75,25.816666666666666,23.166666666666668
2024-07-16 14:00:00,2.8000000000000003,247.0,758.75,25.03333333333333,24.166666666666668
2024-07-16 15:00:00,0.9500000000000001,242.33333333333334,758.9,23.5,26.166666666666668
2024-07-16 16:00:00,0.8833333333333333,212.16666666666666,759.35,21.166666666666668,30.833333333333332
2024-07-16 17:00:00,0.7999999999999999,210.83333333333334,759.7666666666668,20.349999999999998,31.666666666666668
2024-07-16 18:00:00,1.4833333333333334,230.5,759.9166666666666,19.05,42.5
2024-07-16 19:00:00,1.3499999999999999,219.66666666666666,759.8333333333334,18.2,41.666666666666664
2024-07-16 20:00:00,1.7166666666666668,196.66666666666666,759.6166666666667,19.083333333333332,31.833333333333332
2024-07-16 21:00:00,1.2166666666666666,214.0,759.6500000000001,18.23333333333333,33.666666666666664
2024-07-16 22:00:00,1.8333333333333333,210.66666666666666,759.4833333333332,17.95,34.0
2024-07-16 23:00:00,0.65,226.16666666666666,759.4,17.866666666666667,33.666666666666664
2024-07-17 00:00:00,1.5333333333333332,201.66666666666666,759.6166666666667,17.166666666666668,35.166666666666664
2024-07-17 01:00:00,1.9166666666666667,195.66666666666666,760.0,17.0,36.0
2024-07-17 02:00:00,2.0500000000000003,199.16666666666666,760.2666666666668,17.833333333333332,35.833333333333336
2024-07-17 03:00:00,1.0666666666666667,226.66666666666666,760.4666666666667,20.733333333333334,31.666666666666668
2024-07-17 04:00:00,1.5333333333333332,223.0,760.75,22.683333333333334,27.666666666666668
2024-07-17 05:00:00,1.9666666666666668,233.5,760.8666666666667,23.633333333333336,26.166666666666668
2024-07-17 06:00:00,2.4833333333333334,232.33333333333334,761.0,24.316666666666666,25.5
2024-07-17 07:00:00,2.6999999999999997,223.66666666666666,760.9833333333332,25.333333333333332,23.5
2024-07-17 08:00:00,3.783333333333333,236.83333333333334,760.8333333333334,26.116666666666664,23.0
2024-07-17 09:00:00,4.0,233.5,760.6166666666667,26.516666666666666,23.5
2024-07-17 10:00:00,3.9333333333333336,237.5,760.35,26.666666666666668,24.0
2024-07-17 11:00:00,3.5,233.16666666666666,760.0500000000001,26.883333333333336,22.666666666666668
2024-07-17 12:00:00,3.5,239.0,759.7666666666668,26.96666666666667,20.666666666666668
2024-07-17 13:00:00,2.75,237.16666666666666,759.6,26.683333333333334,20.5
2024-07-17 14:00:00,2.2666666666666666,247.16666666666666,759.5666666666666,25.96666666666667,20.833333333333332
2024-07-17 15:00:00,1.4166666666666667,248.16666666666666,759.7666666666668,23.349999999999998,31.0
2024-07-17 16:00:00,2.1,257.1666666666667,760.0333333333333,19.966666666666665,48.333333333333336
2024-07-17 17:00:00,1.8499999999999999,255.83333333333334,760.35,19.016666666666666,50.666666666666664
2024-07-17 18:00:00,1.7166666666666668,239.33333333333334,760.5,19.383333333333333,40.5
2024-07-17 19:00:00,1.8499999999999999,245.33333333333334,760.4499999999999,18.599999999999998,43.666666666666664
2024-07-17 20:00:00,1.05,234.83333333333334,759.9666666666667,18.566666666666666,38.333333333333336
2024-07-17 21:00:00,2.3166666666666664,253.5,759.7666666666668,18.150000000000002,39.666666666666664
2024-07-17 22:00:00,2.266666666666667,250.66666666666666,759.5666666666666,18.75,36.166666666666664
2024-07-17 23:00:00,2.316666666666667,256.0,759.4166666666666,17.933333333333334,38.833333333333336
2024-07-18 00:00:00,2.1166666666666667,254.83333333333334,759.5,17.616666666666667,39.833333333333336
2024-07-18 01:00:00,0.8333333333333334,220.33333333333334,759.6999999999999,17.083333333333332,41.666666666666664
2024-07-18 02:00:00,2.0,189.66666666666666,759.8833333333333,17.866666666666667,42.0
2024-07-18 03:00:00,0.6333333333333333,213.83333333333334,760.0500000000001,21.099999999999998,34.666666666666664
2024-07-18 04:00:00,0.9833333333333334,243.83333333333334,760.0500000000001,24.016666666666666,28.166666666666668
2024-07-18 05:00:00,2.4166666666666665,227.66666666666666,760.0500000000001,23.75,28.166666666666668
2024-07-18 06:00:00,2.8000000000000003,236.33333333333334,759.9333333333334,24.483333333333334,27.333333333333332
2024-07-18 07:00:00,3.016666666666667,236.33333333333334,759.7333333333332,25.266666666666666,27.333333333333332
2024-07-18 08:00:00,3.6333333333333333,233.83333333333334,759.4,25.616666666666664,29.333333333333332
2024-07-18 09:00:00,3.216666666666667,229.66666666666666,759.1166666666667,25.95,29.166666666666668
2024-07-18 10:00:00,3.1999999999999997,239.33333333333334,758.7333333333332,26.366666666666664,26.5
2024-07-18 11:00:00,3.15,239.0,758.2833333333333,26.766666666666666,25.166666666666668
2024-07-18 12:00:00,3.5833333333333335,245.5,757.8333333333334,26.96666666666667,24.0
2024-07-18 13:00:00,3.65,245.16666666666666,757.5833333333334,26.75,24.0
2024-07-18 14:00:00,2.466666666666667,234.16666666666666,757.6166666666667,24.78333333333333,32.166666666666664
2024-07-18 15:00:00,2.733333333333333,246.5,758.0333333333333,21.083333333333332,48.166666666666664
2024-07-18 16:00:00,2.6166666666666667,255.5,758.4,19.233333333333334,55.166666666666664
2024-07-18 17:00:00,2.6666666666666665,255.33333333333334,758.5833333333334,18.3,59.833333333333336
2024-07-18 18:00:00,3.016666666666667,256.8333333333333,758.5833333333334,17.816666666666666,60.666666666666664
2024-07-18 19:00:00,3.1166666666666667,257.1666666666667,758.2333333333332,17.3,62.666666666666664
2024-07-18 20:00:00,3.4333333333333336,256.3333333333333,757.8833333333333,16.983333333333334,64.0
2024-07-18 21:00:00,3.716666666666667,249.0,757.6500000000001,16.866666666666664,64.0
2024-07-18 22:00:00,3.3833333333333333,246.66666666666666,757.5500000000001,16.683333333333334,64.33333333333333
2024-07-18 23:00:00,2.966666666666667,250.83333333333334,757.4666666666667,16.266666666666666,66.16666666666667
2024-07-19 00:00:00,2.6,252.83333333333334,757.4333333333334,15.816666666666668,67.33333333333333
2024-07-19 01:00:00,1.8,241.0,757.6333333333333,15.766666666666666,65.83333333333333
2024-07-19 02:00:00,0.9333333333333332,241.0,757.7166666666667,15.833333333333334,66.0
2024-07-19 03:00:00,0.4166666666666667,236.5,757.7166666666667,19.766666666666666,44.333333333333336
2024-07-19 04:00:00,1.2,227.5,757.7833333333333,22.150000000000002,33.166666666666664
2024-07-19 05:00:00,2.183333333333333,241.33333333333334,757.7000000000002,23.28333333333333,30.0
2024-07-19 06:00:00,1.9166666666666667,219.0,757.6666666666666,23.599999999999998,31.833333333333332
2024-07-19 07:00:00,2.9,220.83333333333334,757.4333333333334,24.083333333333332,31.0
2024-07-19 08:00:00,3.35,238.83333333333334,757.1,24.483333333333334,36.5
2024-07-19 09:00:00,3.0,236.5,756.7166666666667,24.8,34.0
2024-07-19 10:00:00,3.25,233.83333333333334,756.3666666666667,25.2,29.166666666666668
2024-07-19 11:00:00,3.533333333333333,238.83333333333334,756.0833333333334,25.78333333333333,26.833333333333332
2024-07-19 12:00:00,1.6666666666666667,221.16666666666666,755.7333333333332,26.0,25.333333333333332
2024-07-19 13:00:00,2.066666666666667,222.16666666666666,755.4499999999999,25.7,27.166666666666668
2024-07-19 14:00:00,2.5500000000000003,224.66666666666666,755.5500000000001,23.366666666666664,38.166666666666664
2024-07-19 15:00:00,3.1333333333333333,241.16666666666666,755.75,20.633333333333333,48.666666666666664
2024-07-19 16:00:00,3.016666666666667,242.66666666666666,756.15,18.866666666666667,55.166666666666664
2024-07-19 17:00:00,3.1999999999999997,245.33333333333334,756.5333333333333,18.116666666666664,58.666666666666664
2024-07-19 18:00:00,3.4166666666666665,247.5,756.4833333333332,17.833333333333332,59.166666666666664
2024-07-19 19:00:00,3.766666666666667,248.33333333333334,756.2999999999998,17.3,61.5
2024-07-19 20:00:00,3.6666666666666665,250.0,756.1666666666666,16.849999999999998,63.5
2024-07-19 21:00:00,3.3166666666666664,252.66666666666666,756.0333333333333,16.7,63.333333333333336
2024-07-19 22:00:00,3.1,255.33333333333334,755.8666666666667,16.916666666666668,63.0
2024-07-19 23:00:00,1.7333333333333334,248.83333333333334,755.8666666666667,17.066666666666666,61.833333333333336
2024-07-20 00:00:00,1.7833333333333332,244.66666666666666,756.0666666666666,16.099999999999998,66.66666666666667
2024-07-20 01:00:00,0.7999999999999999,257.5,756.2999999999998,15.233333333333334,71.83333333333333
2024-07-20 02:00:00,0.7333333333333334,243.16666666666666,756.5166666666668,15.566666666666668,70.83333333333333
2024-07-20 03:00:00,0.6333333333333333,236.16666666666666,756.8000000000001,19.316666666666666,46.5
2024-07-20 04:00:00,2.283333333333333,247.33333333333334,756.9499999999999,21.983333333333334,33.333333333333336
2024-07-20 05:00:00,2.4833333333333334,240.16666666666666,756.9833333333332,22.833333333333332,31.833333333333332
2024-07-20 06:00:00,2.1,230.83333333333334,756.9499999999999,23.366666666666664,31.5
2024-07-20 07:00:00,2.3333333333333335,226.33333333333334,756.9499999999999,23.900000000000002,30.666666666666668
2024-07-20 08:00:00,2.9499999999999997,232.16666666666666,756.75,24.583333333333332,32.0
2024-07-20 09:00:00,3.8833333333333333,240.83333333333334,756.4666666666667,25.066666666666666,29.333333333333332
2024-07-20 10:00:00,4.366666666666666,247.0,756.2333333333332,25.333333333333332,27.666666666666668
2024-07-20 11:00:00,3.5500000000000003,238.16666666666666,756.1833333333334,26.05,27.0
2024-07-20 12:00:00,4.333333333333333,247.16666666666666,756.0666666666666,25.599999999999998,27.333333333333332
2024-07-20 13:00:00,4.966666666666666,252.33333333333334,756.0666666666666,25.333333333333332,27.0
2024-07-20 14:00:00,4.2,250.0,756.1333333333333,24.71666666666667,27.5
2024-07-20 15:00:00,2.6833333333333336,251.0,756.4833333333332,23.233333333333334,30.0
2024-07-20 16:00:00,0.9,211.66666666666666,756.6500000000001,21.233333333333334,34.5
2024-07-20 17:00:00,0.5666666666666667,227.5,756.85,20.25,36.833333333333336
2024-07-20 18:00:00,1.275,227.5,756.975,20.025,37.5
2024-07-20 19:00:00,2.466666666666667,250.5,757.0,19.983333333333334,37.5
2024-07-20 20:00:00,2.183333333333333,244.83333333333334,756.9166666666666,19.849999999999998,37.666666666666664
2024-07-20 21:00:00,2.466666666666667,219.66666666666666,756.8666666666667,19.5,38.5
2024-07-20 22:00:00,1.6666666666666667,234.33333333333334,756.6666666666666,19.116666666666667,39.333333333333336
2024-07-20 23:00:00,1.8166666666666667,227.66666666666666,756.7333333333332,18.516666666666666,40.166666666666664
2024-07-21 00:00:00,1.3166666666666667,224.83333333333334,756.9166666666666,18.5,40.333333333333336
2024-07-21 01:00:00,1.5,222.16666666666666,757.0333333333333,18.433333333333334,40.5
2024-07-21 02:00:00,0.5833333333333334,218.5,757.2166666666667,18.7,41.333333333333336
2024-07-21 03:00:00,0.03333333333333333,236.5,757.4,20.883333333333333,37.5
2024-07-21 04:00:00,1.0,242.33333333333334,757.5,23.566666666666666,30.833333333333332
2024-07-21 05:00:00,1.55,231.83333333333334,757.5166666666668,24.483333333333334,29.0
2024-07-21 06:00:00,3.033333333333333,243.16666666666666,757.6333333333333,24.849999999999998,29.333333333333332
2024-07-21 07:00:00,3.34,229.0,757.6800000000001,25.22,28.4
2024-07-21 08:00:00,3.3666666666666667,240.66666666666666,757.3833333333333,25.883333333333336,27.166666666666668
2024-07-21 09:00:00,3.2750000000000004,240.25,757.1,26.85,25.25
2024-07-21 10:00:00,,241.8,756.972,26.604,24.92
2024-07-21 11:00:00,,243.35,756.844,26.358,24.59
2024-07-21 12:00:00,,,,,
2024-07-21 13:00:00,,,,,
2024-07-21 14:00:00,3.7,248.0,756.46,25.619999999999997,23.6
2024-07-21 15:00:00,2.5166666666666666,239.33333333333334,756.7166666666667,23.0,36.666666666666664
2024-07-21 16:00:00,2.466666666666667,245.16666666666666,756.9833333333332,20.2,50.666666666666664
2024-07-21 17:00:00,2.266666666666667,245.5,757.3166666666666,19.633333333333333,50.0
2024-07-21 18:00:00,3.3333333333333335,240.16666666666666,757.3666666666667,19.416666666666668,49.5
2024-07-21 19:00:00,3.783333333333333,239.83333333333334,757.2999999999998,18.849999999999998,52.0
2024-07-21 20:00:00,3.25,243.83333333333334,757.2000000000002,18.7,52.166666666666664
2024-07-21 21:00:00,3.4499999999999997,248.66666666666666,757.1166666666667,17.849999999999998,56.666666666666664
2024-07-21 22:00:00,3.5666666666666664,247.16666666666666,757.2166666666667,17.683333333333334,56.333333333333336
2024-07-21 23:00:00,3.1333333333333333,255.16666666666666,757.2999999999998,16.916666666666668,59.833333333333336
2024-07-22 00:00:00,3.0500000000000003,252.16666666666666,757.3833333333333,16.900000000000002,59.5
2024-07-22 01:00:00,2.716666666666667,249.83333333333334,757.5500000000001,16.650000000000002,60.0
2024-07-22 02:00:00,2.6833333333333336,245.83333333333334,757.8499999999999,16.733333333333334,60.833333333333336
2024-07-22 03:00:00,1.8499999999999999,251.5,758.1,18.683333333333334,56.166666666666664
2024-07-22 04:00:00,0.8333333333333334,240.16666666666666,758.25,21.95,45.0
2024-07-22 05:00:00,1.9666666666666668,245.0,758.25,23.46666666666667,36.166666666666664
2024-07-22 06:00:00,2.3666666666666667,227.66666666666666,758.2166666666667,24.349999999999998,31.166666666666668
2024-07-22 07:00:00,2.5500000000000003,224.33333333333334,758.1833333333334,24.916666666666668,30.0
2024-07-22 08:00:00,2.8166666666666664,224.0,758.0166666666668,25.5,32.0
2024-07-22 09:00:00,3.6,243.66666666666666,757.6999999999999,25.616666666666664,36.5
2024-07-22 10:00:00,3.483333333333333,236.16666666666666,757.6500000000001,26.733333333333334,30.333333333333332
2024-07-22 11:00:00,4.1000000000000005,240.0,757.3666666666667,27.066666666666666,25.666666666666668
2024-07-22 12:00:00,4.1499999999999995,239.83333333333334,757.1500000000001,27.366666666666664,24.0
2024-07-22 13:00:00,3.966666666666667,245.16666666666666,757.0666666666666,27.099999999999998,24.5
2024-07-22 14:00:00,3.5,247.33333333333334,757.1,26.183333333333334,25.0
2024-07-22 15:00:00,1.9333333333333333,244.5,757.3333333333334,24.016666666666666,32.333333333333336
2024-07-22 16:00:00,1.4666666666666668,245.33333333333334,757.65,20.166666666666668,53.333333333333336
2024-07-22 17:00:00,1.6666666666666667,249.33333333333334,757.9499999999999,18.666666666666668,61.0
2024-07-22 18:00:00,1.0166666666666666,236.33333333333334,757.9666666666667,19.45,50.333333333333336
2024-07-22 19:00:00,2.6166666666666667,254.5,757.9166666666666,18.116666666666667,59.666666666666664
2024-07-22 20:00:00,3.8833333333333333,251.16666666666666,757.7166666666667,17.316666666666666,66.0
2024-07-22 21:00:00,2.5166666666666666,251.66666666666666,757.6333333333333,16.933333333333334,67.83333333333333
2024-07-22 22:00:00,0.9833333333333334,231.0,757.6166666666667,17.716666666666665,55.833333333333336
2024-07-22 23:00:00,1.4333333333333336,204.66666666666666,757.6666666666666,19.133333333333333,41.333333333333336
2024-07-23 00:00:00,1.3166666666666667,209.16666666666666,757.7333333333332,19.0,41.333333333333336
2024-07-23 01:00:00,0.7166666666666667,209.83333333333334,757.8000000000001,18.683333333333334,41.666666666666664
2024-07-23 02:00:00,0.5333333333333333,241.5,758.0,18.483333333333334,44.0
2024-07-23 03:00:00,0.85,254.0,758.1333333333333,19.833333333333332,48.333333333333336
2024-07-23 04:00:00,1.4333333333333333,239.66666666666666,758.1,23.333333333333332,37.166666666666664
2024-07-23 05:00:00,1.6333333333333335,233.5,758.1,24.933333333333334,27.833333333333332
2024-07-23 06:00:00,1.1833333333333333,232.66666666666666,758.0,25.883333333333336,25.5
2024-07-23 07:00:00,2.1666666666666665,229.0,757.9333333333334,26.71666666666667,23.0
2024-07-23 08:00:00,3.783333333333333,238.16666666666666,757.8000000000001,26.733333333333334,27.0
2024-07-23 09:00:00,4.066666666666666,245.83333333333334,757.6,26.816666666666666,29.333333333333332
2024-07-23 10:00:00,3.85,240.66666666666666,757.3166666666666,27.366666666666664,25.833333333333332
2024-07-23 11:00:00,4.3,242.5,756.9499999999999,27.983333333333334,21.666666666666668
2024-07-23 12:00:00,4.516666666666667,244.33333333333334,756.6666666666666,27.900000000000002,21.166666666666668
2024-07-23 13:00:00,4.483333333333333,246.0,756.6,27.083333333333332,22.0
2024-07-23 14:00:00,3.6999999999999997,249.5,756.6500000000001,26.316666666666666,22.833333333333332
2024-07-23 15:00:00,2.8333333333333335,251.16666666666666,756.9333333333334,24.8,24.333333333333332
2024-07-23 16:00:00,1.7833333333333332,247.0,757.0833333333334,22.45,35.333333333333336
2024-07-23 17:00:00,2.0500000000000003,253.0,757.35,20.083333333333332,47.666666666666664
2024-07-23 18:00:00,1.8833333333333335,242.33333333333334,757.4166666666666,19.783333333333335,43.666666666666664
2024-07-23 19:00:00,1.3,248.5,757.15,19.783333333333335,40.5
2024-07-23 20:00:00,2.45,247.16666666666666,756.8166666666666,19.25,41.833333333333336
2024-07-23 21:00:00,2.3333333333333335,246.66666666666666,756.6666666666666,18.766666666666666,43.666666666666664
2024-07-23 22:00:00,2.4,250.5,756.3166666666666,18.900000000000002,42.0
2024-07-23 23:00:00,1.0999999999999999,247.5,756.0500000000001,19.400000000000002,39.333333333333336
2024-07-24 00:00:00,1.0166666666666666,240.66666666666666,756.2666666666668,18.883333333333333,41.0
2024-07-24 01:00:00,0.7166666666666667,228.83333333333334,756.4,18.416666666666668,40.666666666666664
2024-07-24 02:00:00,0.8666666666666667,223.16666666666666,756.4666666666667,18.900000000000002,40.666666666666664
2024-07-24 03:00:00,0.3666666666666667,233.16666666666666,756.4666666666667,21.7,34.666666666666664
2024-07-24 04:00:00,1.5333333333333332,245.0,756.6666666666666,23.2,32.333333333333336
2024-07-24 05:00:00,1.9166666666666667,232.33333333333334,756.5333333333333,24.083333333333332,29.5
2024-07-24 06:00:00,3.0500000000000003,219.5,756.4166666666666,25.233333333333334,25.666666666666668
2024-07-24 07:00:00,2.6333333333333333,223.66666666666666,756.1666666666666,26.166666666666668,24.0
2024-07-24 08:00:00,3.3833333333333333,237.0,755.75,27.066666666666666,24.0
2024-07-24 09:00:00,3.216666666666667,228.66666666666666,755.3833333333333,27.46666666666667,23.666666666666668
2024-07-24 10:00:00,3.1166666666666667,238.33333333333334,755.0,28.016666666666666,22.166666666666668
2024-07-24 11:00:00,3.25,238.0,754.65,28.366666666666664,21.833333333333332
2024-07-24 12:00:00,3.35,236.33333333333334,754.3499999999999,28.316666666666666,21.0
2024-07-24 13:00:00,2.983333333333333,239.0,754.2333333333332,28.05,20.0
2024-07-24 14:00:00,3.25,247.5,754.25,27.150000000000002,21.0
2024-07-24 15:00:00,1.7666666666666666,239.66666666666666,754.3000000000001,24.833333333333332,26.833333333333332
2024-07-24 16:00:00,1.7333333333333334,252.66666666666666,754.4666666666667,22.166666666666668,34.333333333333336
2024-07-24 17:00:00,2.5,247.33333333333334,754.5333333333333,20.983333333333334,37.666666666666664
2024-07-24 18:00:00,1.7666666666666666,252.0,754.4499999999999,20.349999999999998,38.333333333333336
2024-07-24 19:00:00,1.0333333333333334,241.0,754.1666666666666,20.7,35.666666666666664
2024-07-24 20:00:00,1.5333333333333332,237.16666666666666,753.9333333333334,21.416666666666668,31.5
2024-07-24 21:00:00,2.85,234.5,753.5666666666666,21.733333333333334,31.166666666666668
2024-07-24 22:00:00,3.016666666666667,243.0,753.4333333333334,21.483333333333334,33.166666666666664
2024-07-24 23:00:00,3.766666666666667,225.66666666666666,753.3166666666666,22.116666666666664,32.333333333333336
2024-07-25 00:00:00,2.066666666666667,242.83333333333334,753.3166666666666,21.150000000000002,34.833333333333336
2024-07-25 01:00:00,1.2666666666666666,229.0,753.7666666666668,20.666666666666668,35.5
2024-07-25 02:00:00,2.6333333333333333,252.66666666666666,754.0166666666668,18.533333333333335,50.0
2024-07-25 03:00:00,2.8000000000000003,250.83333333333334,754.3166666666666,19.533333333333335,51.166666666666664
2024-07-25 04:00:00,2.9,247.0,754.4833333333332,19.966666666666665,49.0
2024-07-25 05:00:00,1.6500000000000001,247.66666666666666,754.6500000000001,22.03333333333333,42.333333333333336
2024-07-25 06:00:00,2.783333333333333,242.0,754.6,25.566666666666666,26.5
2024-07-25 07:00:00,2.4,229.66666666666666,754.5,26.650000000000002,23.666666666666668
2024-07-25 08:00:00,2.1666666666666665,221.5,754.3000000000001,27.400000000000002,22.333333333333332
2024-07-25 09:00:00,3.5,241.83333333333334,754.0166666666668,28.383333333333336,20.666666666666668
2024-07-25 10:00:00,4.933333333333334,249.33333333333334,753.6999999999999,28.616666666666664,19.666666666666668
2024-07-25 11:00:00,4.566666666666667,247.0,753.5666666666666,29.21666666666667,18.833333333333332
2024-07-25 12:00:00,3.266666666666667,231.83333333333334,753.4833333333332,29.633333333333336,17.333333333333332
2024-07-25 13:00:00,2.1333333333333333,220.83333333333334,753.4166666666666,28.833333333333332,18.0
2024-07-25 14:00:00,2.233333333333333,235.0,753.5666666666666,27.133333333333336,24.333333333333332
2024-07-25 15:00:00,2.6166666666666667,250.66666666666666,753.8833333333333,23.05,41.5
2024-07-25 16:00:00,2.8833333333333333,255.0,754.2666666666668,20.933333333333334,49.833333333333336
2024-07-25 17:00:00,3.0833333333333335,257.8333333333333,754.6666666666666,20.2,52.333333333333336
2024-07-25 18:00:00,3.8000000000000003,253.16666666666666,754.75,19.516666666666666,55.5
2024-07-25 19:00:00,3.9166666666666665,252.66666666666666,754.6833333333334,19.150000000000002,56.833333333333336
2024-07-25 20:00:00,3.6333333333333333,255.5,754.6500000000001,18.733333333333334,59.5
2024-07-25 21:00:00,3.8166666666666664,254.83333333333334,754.5833333333334,18.583333333333332,59.666666666666664
2024-07-25 22:00:00,3.4,252.33333333333334,754.6666666666666,18.266666666666666,59.833333333333336
2024-07-25 23:00:00,3.483333333333333,252.66666666666666,754.6333333333333,18.349999999999998,57.5
2024-07-26 00:00:00,3.4333333333333336,250.5,754.7833333333333,18.150000000000002,57.666666666666664
2024-07-26 01:00:00,3.35,251.5,755.0666666666666,17.666666666666668,59.5
2024-07-26 02:00:00,2.3333333333333335,252.5,755.4833333333332,17.95,59.166666666666664
2024-07-26 03:00:00,2.35,252.66666666666666,755.6666666666666,19.6,55.333333333333336
2024-07-26 04:00:00,2.8333333333333335,252.66666666666666,755.7000000000002,23.433333333333334,39.5
2024-07-26 05:00:00,3.783333333333333,243.83333333333334,755.7166666666667,26.0,26.0
2024-07-26 06:00:00,3.033333333333333,232.5,755.8833333333333,27.2,25.666666666666668
2024-07-26 07:00:00,3.1,232.66666666666666,755.9499999999999,26.683333333333334,30.666666666666668
2024-07-26 08:00:00,3.1833333333333336,241.16666666666666,755.8333333333334,27.03333333333333,30.666666666666668
2024-07-26 09:00:00,3.6666666666666665,228.5,755.6166666666667,28.46666666666667,24.0
2024-07-26 10:00:00,3.716666666666667,232.66666666666666,755.5166666666668,29.233333333333334,21.833333333333332
2024-07-26 11:00:00,2.6833333333333336,227.66666666666666,755.4666666666667,30.016666666666666,20.0
2024-07-26 12:00:00,3.216666666666667,226.33333333333334,755.3333333333334,29.833333333333332,18.833333333333332
2024-07-26 13:00:00,3.733333333333333,227.0,755.1666666666666,29.566666666666666,16.833333333333332
2024-07-26 14:00:00,3.85,240.0,755.3000000000001,28.766666666666666,15.5
2024-07-26 15:00:00,1.6166666666666665,236.16666666666666,755.7333333333332,27.166666666666668,17.833333333333332
2024-07-26 16:00:00,1.7,236.5,756.0,25.866666666666664,20.5
2024-07-26 17:00:00,1.3166666666666667,239.83333333333334,756.3666666666667,24.383333333333336,23.5
2024-07-26 18:00:00,1.9500000000000002,229.5,756.5333333333333,23.983333333333334,24.5
2024-07-26 19:00:00,2.0500000000000003,227.66666666666666,756.4,23.53333333333333,25.166666666666668
2024-07-26 20:00:00,2.25,244.0,756.3499999999999,23.650000000000002,25.166666666666668
2024-07-26 21:00:00,2.9,249.5,756.1,23.599999999999998,25.0
2024-07-26 22:00:00,2.766666666666667,251.5,755.9499999999999,23.400000000000002,25.0
2024-07-26 23:00:00,3.0666666666666664,246.5,755.8833333333333,23.400000000000002,25.0
2024-07-27 00:00:00,2.6333333333333333,239.83333333333334,755.9833333333332,23.083333333333332,25.0
2024-07-27 01:00:00,3.1166666666666667,237.0,756.0833333333334,23.183333333333334,25.0
2024-07-27 02:00:00,2.025,243.25,756.4,23.075,25.5
2024-07-27 03:00:00,1.2833333333333332,235.33333333333334,756.75,25.133333333333336,23.5
2024-07-27 04:00:00,1.3499999999999999,228.83333333333334,757.1,26.983333333333334,20.5
2024-07-27 05:00:00,1.4333333333333333,225.66666666666666,757.3666666666667,27.433333333333334,20.0
2024-07-27 06:00:00,2.5166666666666666,232.0,757.6666666666666,27.46666666666667,21.5
2024-07-27 07:00:00,2.6333333333333333,230.66666666666666,757.75,28.21666666666667,20.833333333333332
2024-07-27 08:00:00,2.966666666666667,236.0,757.6666666666666,29.366666666666664,20.166666666666668
2024-07-27 09:00:00,3.1666666666666665,234.16666666666666,757.4333333333334,29.849999999999998,19.666666666666668
2024-07-27 10:00:00,3.15,240.16666666666666,757.2666666666668,30.483333333333334,18.0
2024-07-27 11:00:00,3.233333333333333,239.16666666666666,757.0833333333334,30.866666666666664,16.833333333333332
2024-07-27 12:00:00,3.65,240.66666666666666,756.9666666666667,30.666666666666668,16.833333333333332
2024-07-27 13:00:00,3.3833333333333333,244.0,756.8666666666667,30.55,16.0
2024-07-27 14:00:00,3.4166666666666665,248.33333333333334,756.9166666666666,29.616666666666664,15.333333333333334
2024-07-27 15:00:00,2.8166666666666664,247.5,757.3000000000001,27.916666666666668,16.5
2024-07-27 16:00:00,1.5333333333333332,250.0,757.75,23.55,36.0
2024-07-27 17:00:00,2.5833333333333335,256.6666666666667,758.1833333333334,20.7,52.666666666666664
2024-07-27 18:00:00,3.8166666666666664,252.5,758.3333333333334,19.633333333333333,57.5
2024-07-27 19:00:00,3.8833333333333333,251.0,758.25,19.25,57.5
2024-07-27 20:00:00,3.766666666666667,252.5,758.1333333333333,18.966666666666665,57.0
2024-07-27 21:00:00,3.516666666666667,255.33333333333334,757.9333333333334,18.95,55.666666666666664
2024-07-27 22:00:00,3.533333333333333,256.1666666666667,757.9833333333332,18.766666666666666,55.333333333333336
2024-07-27 23:00:00,3.3166666666666664,257.6666666666667,758.0500000000001,18.633333333333333,54.0
2024-07-28 00:00:00,3.3333333333333335,258.0,758.0,18.650000000000002,52.0
2024-07-28 01:00:00,3.8166666666666664,255.66666666666666,758.1666666666666,18.45,51.833333333333336
2024-07-28 02:00:00,3.1166666666666667,250.83333333333334,758.3833333333333,18.733333333333334,50.0
2024-07-28 03:00:00,0.85,232.66666666666666,758.8833333333333,21.733333333333334,41.666666666666664
2024-07-28 04:00:00,0.5333333333333333,228.66666666666666,759.15,26.03333333333333,24.666666666666668
2024-07-28 05:00:00,1.1666666666666667,224.0,759.2999999999998,26.433333333333334,24.333333333333332
2024-07-28 06:00:00,2.0,224.16666666666666,759.3333333333334,27.55,22.833333333333332
2024-07-28 07:00:00,2.25,230.66666666666666,759.0833333333334,28.53333333333333,23.333333333333332
2024-07-28 08:00:00,2.716666666666667,232.5,758.6999999999999,28.95,24.0
2024-07-28 09:00:00,3.5,237.33333333333334,758.3333333333334,29.45,25.833333333333332
2024-07-28 10:00:00,3.4499999999999997,242.16666666666666,757.9833333333332,29.516666666666666,26.5
2024-07-28 11:00:00,4.183333333333333,244.66666666666666,757.6833333333334,29.883333333333336,24.333333333333332
2024-07-28 12:00:00,4.7,246.83333333333334,757.3333333333334,30.03333333333333,22.666666666666668
2024-07-28 13:00:00,4.0,242.66666666666666,757.0500000000001,29.666666666666668,22.0
2024-07-28 14:00:00,2.2666666666666666,240.33333333333334,757.0333333333333,28.316666666666666,25.333333333333332
2024-07-28 15:00:00,3.1333333333333333,252.5,757.3333333333334,23.45,41.5
2024-07-28 16:00:00,3.9499999999999997,246.5,757.5,20.666666666666668,51.166666666666664
2024-07-28 17:00:00,4.5,245.16666666666666,757.4666666666667,20.349999999999998,48.666666666666664
2024-07-28 18:00:00,5.1000000000000005,242.33333333333334,757.15,20.883333333333333,43.0
2024-07-28 19:00:00,6.916666666666667,216.66666666666666,756.9166666666666,22.116666666666664,35.5
2024-07-28 20:00:00,6.2,226.33333333333334,756.7666666666668,21.8,36.0
2024-07-28 21:00:00,4.916666666666667,241.83333333333334,756.6666666666666,21.316666666666666,37.5
2024-07-28 22:00:00,4.333333333333333,242.83333333333334,756.5166666666668,20.099999999999998,42.5
2024-07-28 23:00:00,3.983333333333333,244.66666666666666,756.5,19.616666666666667,45.166666666666664
2024-07-29 00:00:00,4.166666666666667,244.5,756.5,19.616666666666667,44.5
2024-07-29 01:00:00,3.8000000000000003,238.66666666666666,756.7666666666668,19.083333333333332,46.666666666666664
2024-07-29 02:00:00,4.3,223.0,757.0,19.599999999999998,44.166666666666664
2024-07-29 03:00:00,3.0,232.0,757.3166666666666,19.466666666666665,46.333333333333336
2024-07-29 04:00:00,2.8166666666666664,230.16666666666666,757.5500000000001,20.933333333333334,42.333333333333336
2024-07-29 05:00:00,2.25,233.33333333333334,757.6500000000001,21.983333333333334,39.0
2024-07-29 06:00:00,2.066666666666667,225.33333333333334,757.6500000000001,22.599999999999998,39.0
2024-07-29 07:00:00,2.4,234.16666666666666,757.5833333333334,23.78333333333333,38.166666666666664
2024-07-29 08:00:00,2.766666666666667,235.66666666666666,757.3000000000001,24.683333333333334,37.5
2024-07-29 09:00:00,2.8666666666666667,236.0,756.9333333333334,25.3,36.833333333333336
2024-07-29 10:00:00,3.3666666666666667,245.33333333333334,756.5666666666666,26.2,34.666666666666664
2024-07-29 11:00:00,2.9499999999999997,237.0,756.2833333333333,25.45,36.333333333333336
2024-07-29 12:00:00,2.716666666666667,241.83333333333334,755.9666666666667,24.900000000000002,37.666666666666664
2024-07-29 13:00:00,3.75,239.33333333333334,756.0,22.116666666666664,45.333333333333336
2024-07-29 14:00:00,4.033333333333333,241.33333333333334,756.0333333333333,19.833333333333332,50.833333333333336
2024-07-29 15:00:00,4.6000000000000005,241.83333333333334,756.3166666666666,18.166666666666668,55.166666666666664
2024-07-29 16:00:00,4.7,247.16666666666666,756.5333333333333,18.133333333333333,54.833333333333336
2024-07-29 17:00:00,4.816666666666666,244.5,756.75,18.900000000000002,50.333333333333336
2024-07-29 18:00:00,4.6499999999999995,244.16666666666666,756.9666666666667,18.116666666666667,52.0
2024-07-29 19:00:00,4.2,241.83333333333334,757.0833333333334,16.616666666666667,57.833333333333336
2024-07-29 20:00:00,3.983333333333333,243.0,756.9333333333334,16.316666666666666,58.833333333333336
2024-07-29 21:00:00,3.65,253.66666666666666,756.7999999999998,15.85,60.333333333333336
2024-07-29 22:00:00,3.216666666666667,249.16666666666666,756.6666666666666,15.433333333333332,62.0
2024-07-29 23:00:00,1.6666666666666667,253.33333333333334,756.7666666666668,15.183333333333332,64.16666666666667
2024-07-30 00:00:00,1.05,248.5,756.8499999999999,15.316666666666668,65.0
2024-07-30 01:00:00,0.6833333333333332,234.83333333333334,757.1833333333334,14.983333333333334,67.33333333333333
2024-07-30 02:00:00,0.3,240.0,757.3499999999999,17.2,55.25
2024-07-30 03:00:00,0.68,252.4,757.6200000000001,19.14,50.8
2024-07-30 04:00:00,1.6833333333333333,250.5,757.8666666666667,20.083333333333332,47.666666666666664
2024-07-30 05:00:00,1.8666666666666665,236.66666666666666,758.0833333333334,21.25,44.166666666666664
2024-07-30 06:00:00,2.2600000000000002,230.0,758.26,22.46,39.8
2024-07-30 07:00:00,2.9333333333333336,220.0,758.1666666666666,23.733333333333334,37.0
2024-07-30 08:00:00,2.8166666666666664,230.5,758.0500000000001,24.2,38.333333333333336
2024-07-30 09:00:00,3.716666666666667,233.0,757.8666666666667,24.75,37.833333333333336
2024-07-30 10:00:00,3.1833333333333336,229.66666666666666,757.6166666666667,25.21666666666667,36.666666666666664
2024-07-30 11:00:00,3.0666666666666664,239.33333333333334,757.3666666666667,25.75,35.0
2024-07-30 12:00:00,3.3166666666666664,237.16666666666666,757.25,25.766666666666666,33.833333333333336
2024-07-30 13:00:00,3.0,238.33333333333334,757.1,25.416666666666668,34.0
2024-07-30 14:00:00,2.35,240.33333333333334,757.0833333333334,24.733333333333334,34.333333333333336
2024-07-30 15:00:00,2.4499999999999997,243.83333333333334,757.2666666666668,23.183333333333334,37.0
2024-07-30 16:00:00,1.55,250.16666666666666,757.6,21.8,40.0
2024-07-30 17:00:00,1.4666666666666668,234.0,758.0166666666668,21.333333333333332,41.0
2024-07-30 18:00:00,0.5166666666666667,233.0,758.3833333333333,20.349999999999998,44.0
2024-07-30 19:00:00,1.1833333333333333,219.66666666666666,758.2833333333333,19.45,47.0
2024-07-30 20:00:00,1.0166666666666666,238.83333333333334,758.0500000000001,19.233333333333334,47.166666666666664
2024-07-30 21:00:00,0.7333333333333334,210.5,758.0166666666668,18.966666666666665,46.666666666666664
2024-07-30 22:00:00,1.3333333333333333,200.5,758.0166666666668,18.483333333333334,47.333333333333336
2024-07-30 23:00:00,1.1500000000000001,238.66666666666666,757.9166666666666,18.45,48.0
2024-07-31 00:00:00,1.2833333333333334,249.33333333333334,757.8166666666666,18.783333333333335,45.833333333333336
2024-07-31 01:00:00,1.75,219.0,757.8499999999999,18.766666666666666,44.0
2024-07-31 02:00:00,1.0666666666666667,224.66666666666666,758.0333333333333,19.183333333333334,41.666666666666664
2024-07-31 03:00:00,0.7833333333333333,220.83333333333334,758.2666666666668,21.416666666666668,37.833333333333336
2024-07-31 04:00:00,0.9500000000000001,235.16666666666666,758.6500000000001,23.599999999999998,32.666666666666664
2024-07-31 05:00:00,1.4833333333333334,242.5,758.7833333333333,24.483333333333334,31.5
2024-07-31 06:00:00,1.8333333333333333,245.0,758.8166666666666,26.116666666666664,29.333333333333332
2024-07-31 07:00:00,2.3833333333333333,234.5,758.7999999999998,27.3,26.166666666666668
2024-07-31 08:00:00,2.8833333333333333,237.33333333333334,758.7166666666667,28.099999999999998,24.5
2024-07-31 09:00:00,3.8666666666666667,235.5,758.3333333333334,28.96666666666667,21.833333333333332
2024-07-31 10:00:00,4.2,235.5,758.0666666666666,29.416666666666668,19.166666666666668
2024-07-31 11:00:00,4.2,228.16666666666666,757.7666666666668,29.8,18.166666666666668
2024-07-31 12:00:00,4.633333333333334,240.66666666666666,757.5833333333334,29.95,17.333333333333332
2024-07-31 13:00:00,3.8499999999999996,247.83333333333334,757.4166666666666,29.266666666666666,16.666666666666668
2024-07-31 14:00:00,3.1333333333333333,243.5,757.3833333333333,28.516666666666666,16.5
2024-07-31 15:00:00,2.0833333333333335,246.0,757.6,26.8,17.833333333333332
2024-07-31 16:00:00,0.8833333333333334,197.83333333333334,757.8666666666667,24.45,20.666666666666668
2024-07-31 17:00:00,1.6666666666666667,197.16666666666666,758.1999999999999,23.849999999999998,21.666666666666668
2024-07-31 18:00:00,1.0,210.16666666666666,758.2333333333332,22.833333333333332,23.5
2024-07-31 19:00:00,0.8833333333333333,222.0,758.1666666666666,22.483333333333334,25.166666666666668
2024-07-31 20:00:00,0.35000000000000003,236.16666666666666,758.2000000000002,22.383333333333336,25.666666666666668
2024-07-31 21:00:00,0.6166666666666667,248.33333333333334,758.1333333333333,22.28333333333333,26.5
2024-07-31 22:00:00,0.3333333333333333,239.0,757.9333333333334,22.333333333333332,27.5
2024-07-31 23:00:00,1.1500000000000001,197.33333333333334,757.8333333333334,22.183333333333334,28.333333333333332
2024-08-01 00:00:00,0.7166666666666667,227.5,757.7166666666667,21.900000000000002,29.333333333333332
2024-08-01 01:00:00,1.9000000000000001,245.0,757.8333333333334,20.73333333333333,34.166666666666664
2024-08-01 02:00:00,3.1999999999999997,255.16666666666666,758.0500000000001,18.55,50.666666666666664
2024-08-01 03:00:00,2.716666666666667,256.3333333333333,758.5,19.133333333333333,54.333333333333336
2024-08-01 04:00:00,2.566666666666667,253.33333333333334,758.8166666666666,20.95,48.666666666666664
2024-08-01 05:00:00,3.033333333333333,251.5,758.9499999999999,21.5,47.666666666666664
2024-08-01 06:00:00,2.6833333333333336,251.33333333333334,759.1,22.316666666666666,47.0
2024-08-01 07:00:00,2.4,246.0,759.0,24.833333333333332,38.0
2024-08-01 08:00:00,2.733333333333333,239.16666666666666,758.6333333333333,27.766666666666666,27.833333333333332
2024-08-01 09:00:00,4.0,245.0,758.3833333333333,28.616666666666664,24.333333333333332
2024-08-01 10:00:00,3.766666666666666,245.66666666666666,758.1999999999999,28.433333333333334,25.5
2024-08-01 11:00:00,3.8000000000000003,247.0,757.9333333333334,28.083333333333332,26.333333333333332
2024-08-01 12:00:00,3.5833333333333335,247.0,757.8333333333334,27.516666666666666,26.833333333333332
2024-08-01 13:00:00,3.1666666666666665,244.16666666666666,757.7999999999998,27.45,27.5
2024-08-01 14:00:00,2.183333333333333,244.16666666666666,757.9166666666666,24.900000000000002,38.166666666666664
2024-08-01 15:00:00,2.6,255.16666666666666,758.1833333333334,21.01666666666667,52.166666666666664
2024-08-01 16:00:00,2.816666666666667,257.5,758.4333333333334,19.516666666666666,57.166666666666664
2024-08-01 17:00:00,3.1166666666666667,257.0,758.7333333333332,18.816666666666666,59.5
2024-08-01 18:00:00,3.283333333333333,254.66666666666666,758.9,18.366666666666664,60.666666666666664
2024-08-01 19:00:00,3.1833333333333336,254.83333333333334,758.75,18.133333333333336,62.166666666666664
2024-08-01 20:00:00,2.35,255.5,758.4166666666666,17.716666666666665,64.66666666666667
2024-08-01 21:00:00,2.216666666666667,251.83333333333334,758.0500000000001,17.866666666666667,63.0
2024-08-01 22:00:00,1.8666666666666665,248.0,757.8833333333333,17.116666666666667,68.16666666666667
2024-08-01 23:00:00,1.8166666666666667,252.0,757.7166666666667,16.533333333333335,72.83333333333333
2024-08-02 00:00:00,1.7833333333333332,251.0,757.7000000000002,16.55,72.16666666666667
2024-08-02 01:00:00,1.6333333333333335,252.5,757.7999999999998,15.9,76.33333333333333
2024-08-02 02:00:00,2.5166666666666666,253.0,757.8166666666666,16.333333333333332,71.5
2024-08-02 03:00:00,1.8166666666666667,251.83333333333334,757.8833333333333,18.75,56.166666666666664
2024-08-02 04:00:00,0.8666666666666667,238.66666666666666,757.8499999999999,22.833333333333332,39.166666666666664
2024-08-02 05:00:00,2.1666666666666665,234.5,757.7999999999998,24.083333333333332,33.833333333333336
2024-08-02 06:00:00,2.3000000000000003,222.16666666666666,757.7333333333332,25.650000000000002,24.5
2024-08-02 07:00:00,2.3333333333333335,232.33333333333334,757.4333333333334,26.733333333333334,24.166666666666668
2024-08-02 08:00:00,2.8666666666666667,228.0,757.15,26.616666666666664,28.5
2024-08-02 09:00:00,4.0,243.0,756.9,26.639999999999997,33.5
2024-08-02 10:00:00,3.5500000000000003,237.33333333333334,756.6999999999999,27.016666666666666,30.166666666666668
2024-08-02 11:00:00,2.9333333333333336,240.33333333333334,756.3666666666667,27.7,26.333333333333332
2024-08-02 12:00:00,4.3999999999999995,247.5,756.1,27.71666666666667,24.0
2024-08-02 13:00:00,3.8000000000000003,245.5,755.9,27.45,23.833333333333332
2024-08-02 14:00:00,3.5500000000000003,248.5,756.0,26.46666666666667,24.666666666666668
2024-08-02 15:00:00,2.0,242.33333333333334,756.1666666666666,24.733333333333334,27.166666666666668
2024-08-02 16:00:00,0.4166666666666667,236.33333333333334,756.3333333333334,22.816666666666666,31.833333333333332
2024-08-02 17:00:00,0.25,227.5,756.4333333333334,21.666666666666668,35.833333333333336
2024-08-02 18:00:00,0.45,214.0,756.5333333333333,21.2,34.166666666666664
2024-08-02 19:00:00,2.0833333333333335,246.66666666666666,756.5166666666668,21.2,33.666666666666664
2024-08-02 20:00:00,2.8000000000000003,256.6666666666667,756.1999999999999,20.266666666666666,39.0
2024-08-02 21:00:00,2.783333333333333,258.5,755.75,19.78333333333333,40.833333333333336
2024-08-02 22:00:00,2.9333333333333336,257.6666666666667,755.4499999999999,19.783333333333335,39.0
2024-08-02 23:00:00,2.5166666666666666,255.83333333333334,755.15,19.45,37.333333333333336
2024-08-03 00:00:00,1.3333333333333333,252.5,755.0166666666668,19.383333333333333,34.666666666666664
2024-08-03 01:00:00,0.75,241.83333333333334,755.1166666666667,19.283333333333335,33.5
2024-08-03 02:00:00,0.8666666666666667,235.5,755.2833333333333,19.05,35.5
2024-08-03 03:00:00,0.35000000000000003,237.33333333333334,755.4833333333332,21.2,35.166666666666664
2024-08-03 04:00:00,1.2833333333333332,244.16666666666666,755.6500000000001,23.8,27.666666666666668
2024-08-03 05:00:00,2.183333333333333,222.5,755.8833333333333,24.816666666666666,26.333333333333332
2024-08-03 06:00:00,2.6666666666666665,229.16666666666666,756.0,26.2,24.5
2024-08-03 07:00:00,3.1333333333333333,213.33333333333334,756.0333333333333,26.066666666666666,24.666666666666668
2024-08-03 08:00:00,3.283333333333333,236.5,755.9499999999999,26.78333333333333,28.333333333333332
2024-08-03 09:00:00,3.783333333333333,237.83333333333334,755.6333333333333,28.0,24.5
2024-08-03 10:00:00,4.366666666666666,242.83333333333334,755.3333333333334,28.833333333333332,22.0
2024-08-03 11:00:00,4.916666666666667,245.66666666666666,755.0666666666666,29.099999999999998,20.333333333333332
2024-08-03 12:00:00,4.8,242.83333333333334,754.9666666666667,28.916666666666668,20.0
2024-08-03 13:00:00,4.883333333333334,248.33333333333334,754.8333333333334,28.483333333333334,19.833333333333332
2024-08-03 14:00:00,5.3,253.16666666666666,755.15,27.266666666666666,20.333333333333332
2024-08-03 15:00:00,3.8166666666666664,253.16666666666666,755.6333333333333,25.55,22.5
2024-08-03 16:00:00,1.7833333333333332,245.66666666666666,756.15,23.433333333333334,29.333333333333332
2024-08-03 17:00:00,1.8833333333333335,250.0,756.65,19.05,53.0
2024-08-03 18:00:00,1.5333333333333332,254.5,756.8666666666667,18.46666666666667,54.833333333333336
2024-08-03 19:00:00,1.5666666666666667,253.66666666666666,756.7333333333332,18.683333333333334,50.333333333333336
2024-08-03 20:00:00,1.7333333333333334,255.5,756.5666666666666,19.849999999999998,38.5
2024-08-03 21:00:00,1.2833333333333334,253.66666666666666,756.25,19.516666666666666,38.166666666666664
2024-08-03 22:00:00,1.3333333333333333,244.0,756.1666666666666,19.7,35.833333333333336
2024-08-03 23:00:00,1.5999999999999999,251.66666666666666,756.0666666666666,18.666666666666668,40.666666666666664
2024-08-04 00:00:00,1.3666666666666665,250.83333333333334,756.1999999999999,18.25,41.833333333333336
2024-08-04 01:00:00,1.05,242.83333333333334,756.5,17.483333333333334,44.666666666666664
2024-08-04 02:00:00,0.39999999999999997,239.66666666666666,756.6666666666666,18.650000000000002,39.666666666666664
2024-08-04 03:00:00,0.049999999999999996,233.5,757.0166666666668,21.633333333333336,34.166666666666664
2024-08-04 04:00:00,0.65,249.0,757.2166666666667,24.016666666666666,28.0
2024-08-04 05:00:00,2.1333333333333333,235.0,757.4,24.816666666666666,27.0
2024-08-04 06:00:00,2.8833333333333333,235.66666666666666,757.6,25.46666666666667,26.5
2024-08-04 07:00:00,2.433333333333333,233.33333333333334,757.5500000000001,26.349999999999998,24.833333333333332
2024-08-04 08:00:00,3.1666666666666665,240.5,757.3166666666666,27.2,24.5
2024-08-04 09:00:00,3.5833333333333335,239.66666666666666,757.0166666666668,27.95,24.333333333333332
2024-08-04 10:00:00,3.5666666666666664,235.5,756.8333333333334,28.316666666666666,25.166666666666668
2024-08-04 11:00:00,3.6833333333333336,240.0,756.6833333333334,28.21666666666667,25.833333333333332
2024-08-04 12:00:00,3.3333333333333335,241.33333333333334,756.5333333333333,28.166666666666668,25.5
2024-08-04 13:00:00,2.983333333333333,238.83333333333334,756.4666666666667,28.0,24.333333333333332
2024-08-04 14:00:00,2.5833333333333335,238.33333333333334,756.6666666666666,27.016666666666666,23.333333333333332
2024-08-04 15:00:00,2.766666666666667,241.16666666666666,756.9333333333334,25.116666666666664,27.666666666666668
2024-08-04 16:00:00,1.3166666666666667,240.66666666666666,757.4166666666666,23.416666666666668,32.0
2024-08-04 17:00:00,0.6166666666666667,243.33333333333334,757.8166666666666,20.816666666666666,43.166666666666664
2024-08-04 18:00:00,1.4333333333333333,249.83333333333334,758.0833333333334,19.216666666666665,53.166666666666664
2024-08-04 19:00:00,1.5,255.83333333333334,758.1666666666666,18.566666666666666,55.666666666666664
2024-08-04 20:00:00,2.3000000000000003,251.66666666666666,758.0,19.433333333333334,48.666666666666664
2024-08-04 21:00:00,1.7666666666666666,251.5,757.8000000000001,19.816666666666666,43.333333333333336
2024-08-04 22:00:00,1.8666666666666665,252.66666666666666,757.7000000000002,19.533333333333335,41.833333333333336
2024-08-04 23:00:00,2.0500000000000003,256.8333333333333,757.7166666666667,19.366666666666667,41.5
2024-08-05 00:00:00,2.3666666666666667,255.0,757.75,19.583333333333332,38.166666666666664
2024-08-05 01:00:00,1.4333333333333333,242.0,758.0166666666668,19.5,33.5
2024-08-05 02:00:00,0.31666666666666665,224.66666666666666,758.3000000000001,19.683333333333334,33.0
2024-08-05 03:00:00,0.049999999999999996,248.66666666666666,758.5333333333333,22.316666666666666,30.666666666666668
2024-08-05 04:00:00,0.3,247.0,758.7166666666667,25.816666666666666,25.166666666666668
2024-08-05 05:00:00,1.7,246.83333333333334,758.9166666666666,26.383333333333336,21.666666666666668
2024-08-05 06:00:00,1.866666666666667,235.16666666666666,758.9333333333334,27.333333333333332,21.0
2024-08-05 07:00:00,2.8666666666666667,237.16666666666666,758.75,28.2,19.833333333333332
2024-08-05 08:00:00,3.516666666666667,235.66666666666666,758.6666666666666,28.633333333333336,20.5
2024-08-05 09:00:00,3.5833333333333335,235.0,758.3666666666667,29.21666666666667,21.166666666666668
2024-08-05 10:00:00,3.466666666666667,237.83333333333334,758.2000000000002,29.21666666666667,22.5
2024-08-05 11:00:00,3.033333333333333,240.83333333333334,758.0166666666668,29.183333333333334,23.0
2024-08-05 12:00:00,3.1999999999999997,241.5,757.8166666666666,29.400000000000002,21.0
2024-08-05 13:00:00,3.0,242.0,757.7999999999998,28.883333333333336,20.333333333333332
2024-08-05 14:00:00,3.0666666666666664,244.5,758.0166666666668,27.866666666666664,20.333333333333332
2024-08-05 15:00:00,2.1333333333333333,250.0,758.3833333333333,26.233333333333334,21.166666666666668
2024-08-05 16:00:00,0.31666666666666665,236.0,758.7166666666667,24.0,26.166666666666668
2024-08-05 17:00:00,0.4666666666666666,213.5,759.1333333333333,22.849999999999998,27.833333333333332
2024-08-05 18:00:00,1.0,196.16666666666666,759.3333333333334,22.75,25.833333333333332
2024-08-05 19:00:00,1.0,207.33333333333334,759.2333333333332,22.566666666666666,26.166666666666668
2024-08-05 20:00:00,0.7166666666666667,208.0,759.2166666666667,22.599999999999998,26.666666666666668
2024-08-05 21:00:00,1.4666666666666668,223.0,758.9833333333332,23.150000000000002,25.0
2024-08-05 22:00:00,1.7166666666666668,253.16666666666666,758.5500000000001,23.266666666666666,24.5
2024-08-05 23:00:00,1.9000000000000001,250.16666666666666,758.1666666666666,22.866666666666664,26.5
2024-08-06 00:00:00,1.5333333333333332,235.16666666666666,758.1333333333333,22.8,26.333333333333332
2024-08-06 01:00:00,0.8166666666666668,214.66666666666666,758.4,22.650000000000002,26.333333333333332
2024-08-06 02:00:00,1.2166666666666668,219.5,758.6333333333333,22.7,26.333333333333332
2024-08-06 03:00:00,0.2333333333333333,235.33333333333334,758.8666666666667,23.333333333333332,27.5
2024-08-06 04:00:00,1.05,244.33333333333334,759.1,26.933333333333334,21.5
2024-08-06 05:00:00,1.2166666666666666,240.0,759.1,28.683333333333334,18.0
2024-08-06 06:00:00,2.3833333333333333,234.0,759.0,29.616666666666664,17.166666666666668
2024-08-06 07:00:00,3.6166666666666667,235.0,758.9499999999999,29.433333333333334,16.833333333333332
2024-08-06 08:00:00,3.5666666666666664,240.33333333333334,758.8833333333333,29.833333333333332,16.666666666666668
2024-08-06 09:00:00,3.0,238.16666666666666,758.6,30.433333333333334,14.833333333333334
2024-08-06 10:00:00,3.1999999999999997,237.33333333333334,758.1666666666666,30.75,14.166666666666666
2024-08-06 11:00:00,3.8833333333333333,243.83333333333334,757.8000000000001,31.766666666666666,13.5
2024-08-06 12:00:00,4.5,247.33333333333334,757.6500000000001,31.516666666666666,14.0
2024-08-06 13:00:00,4.2,248.83333333333334,757.5666666666666,30.566666666666666,14.5
2024-08-06 14:00:00,2.8000000000000003,228.0,757.8166666666666,29.233333333333334,15.166666666666666
2024-08-06 15:00:00,1.0999999999999999,240.16666666666666,758.1833333333334,27.233333333333334,17.166666666666668
2024-08-06 16:00:00,0.4833333333333334,226.83333333333334,758.5,24.916666666666668,20.666666666666668
2024-08-06 17:00:00,1.2666666666666666,223.66666666666666,758.9499999999999,24.766666666666666,20.166666666666668
2024-08-06 18:00:00,1.7,233.33333333333334,759.1,24.983333333333334,20.166666666666668
2024-08-06 19:00:00,2.4166666666666665,218.16666666666666,759.0333333333333,25.05,20.333333333333332
2024-08-06 20:00:00,2.0166666666666666,241.16666666666666,758.7166666666667,24.616666666666664,21.0
2024-08-06 21:00:00,1.866666666666667,246.83333333333334,758.4333333333334,23.900000000000002,21.833333333333332
2024-08-06 22:00:00,3.233333333333333,225.66666666666666,758.3333333333334,24.583333333333332,20.333333333333332
2024-08-06 23:00:00,2.6833333333333336,235.16666666666666,758.1833333333334,24.25,21.5
2024-08-07 00:00:00,2.85,251.83333333333334,758.1999999999999,23.433333333333334,22.666666666666668
2024-08-07 01:00:00,2.8833333333333333,245.33333333333334,758.2333333333332,23.45,22.333333333333332
2024-08-07 02:00:00,2.15,243.16666666666666,758.4833333333332,23.116666666666664,22.833333333333332
2024-08-07 03:00:00,1.6833333333333333,236.83333333333334,758.9499999999999,24.099999999999998,21.833333333333332
2024-08-07 04:00:00,0.9,244.16666666666666,759.2166666666667,27.316666666666666,18.166666666666668
2024-08-07 05:00:00,1.5833333333333333,226.5,759.2833333333333,28.8,15.166666666666666
2024-08-07 06:00:00,2.15,220.66666666666666,759.5,29.266666666666666,14.5
2024-08-07 07:00:00,2.0666666666666664,224.66666666666666,759.3666666666667,29.883333333333336,14.0
2024-08-07 08:00:00,2.3000000000000003,232.0,759.1333333333333,30.733333333333334,14.0
2024-08-07 09:00:00,3.216666666666667,237.0,758.8333333333334,31.53333333333333,13.166666666666666
2024-08-07 10:00:00,3.533333333333333,243.5,758.5500000000001,32.083333333333336,13.0
2024-08-07 11:00:00,3.5,243.83333333333334,758.3666666666667,32.31666666666667,13.0
2024-08-07 12:00:00,4.233333333333333,243.33333333333334,758.2166666666667,31.96666666666667,13.0
2024-08-07 13:00:00,3.3666666666666667,246.33333333333334,758.1166666666667,31.45,13.666666666666666
2024-08-07 14:00:00,3.016666666666667,247.33333333333334,758.1166666666667,30.316666666666666,14.666666666666666
2024-08-07 15:00:00,1.6166666666666665,252.66666666666666,758.3833333333333,28.133333333333336,16.666666666666668
2024-08-07 16:00:00,0.3833333333333333,211.83333333333334,758.6666666666666,26.03333333333333,19.0
2024-08-07 17:00:00,1.0333333333333334,235.33333333333334,759.0500000000001,25.150000000000002,20.833333333333332
2024-08-07 18:00:00,2.4,236.0,759.0166666666668,26.116666666666664,18.166666666666668
2024-08-07 19:00:00,2.5500000000000003,242.5,758.9499999999999,25.616666666666664,19.0
2024-08-07 20:00:00,3.266666666666667,225.0,758.8833333333333,25.516666666666666,17.5
2024-08-07 21:00:00,1.95,240.0,758.6999999999999,24.849999999999998,19.333333333333332
2024-08-07 22:00:00,2.783333333333333,242.16666666666666,758.4499999999999,25.266666666666666,19.0
2024-08-07 23:00:00,2.566666666666667,246.33333333333334,758.6,25.066666666666666,18.666666666666668
2024-08-08 00:00:00,3.483333333333333,235.66666666666666,758.5833333333334,24.866666666666664,18.0
2024-08-08 01:00:00,2.2333333333333334,239.0,758.7833333333333,23.566666666666666,20.166666666666668
2024-08-08 02:00:00,3.0666666666666664,249.5,758.9833333333332,24.349999999999998,20.166666666666668
2024-08-08 03:00:00,3.1833333333333336,250.16666666666666,759.35,26.75,17.833333333333332
2024-08-08 04:00:00,3.733333333333333,249.33333333333334,759.5333333333333,28.116666666666664,15.666666666666666
2024-08-08 05:00:00,3.8333333333333335,248.66666666666666,759.6,28.400000000000002,15.333333333333334
2024-08-08 06:00:00,3.3499999999999996,245.33333333333334,759.7000000000002,30.133333333333336,14.0
2024-08-08 07:00:00,2.683333333333333,234.66666666666666,759.6666666666666,30.95,13.333333333333334
2024-08-08 08:00:00,3.4166666666666665,222.0,759.5333333333333,31.083333333333332,13.0
2024-08-08 09:00:00,4.533333333333333,241.33333333333334,759.4166666666666,31.849999999999998,12.833333333333334
2024-08-08 10:00:00,3.766666666666667,236.0,759.3333333333334,31.683333333333334,13.0
2024-08-08 11:00:00,4.033333333333333,239.5,759.0666666666666,32.166666666666664,12.5
2024-08-08 12:00:00,3.9333333333333336,245.16666666666666,758.9333333333334,31.916666666666668,12.166666666666666
2024-08-08 13:00:00,3.5,240.16666666666666,758.9166666666666,31.55,12.0
2024-08-08 14:00:00,2.9,243.5,759.0333333333333,29.599999999999998,17.0
2024-08-08 15:00:00,2.3666666666666667,253.83333333333334,759.3166666666666,24.650000000000002,33.333333333333336
2024-08-08 16:00:00,2.9166666666666665,256.5,759.6,21.933333333333334,42.0
2024-08-08 17:00:00,2.766666666666667,257.1666666666667,759.8333333333334,21.266666666666666,43.666666666666664
2024-08-08 18:00:00,3.233333333333333,257.5,759.9166666666666,21.216666666666665,42.5
2024-08-08 19:00:00,3.15,256.6666666666667,759.8833333333333,20.733333333333334,44.666666666666664
2024-08-08 20:00:00,2.6333333333333333,253.33333333333334,759.8499999999999,20.416666666666668,46.5
2024-08-08 21:00:00,1.7166666666666666,247.33333333333334,759.7333333333332,21.0,42.333333333333336
2024-08-08 22:00:00,2.533333333333333,254.0,759.6333333333333,22.183333333333334,33.833333333333336
2024-08-08 23:00:00,2.65,256.3333333333333,759.6,21.05,37.666666666666664
2024-08-09 00:00:00,2.5,255.16666666666666,759.6166666666667,21.05,34.5
2024-08-09 01:00:00,2.433333333333333,241.5,759.8333333333334,23.3,22.166666666666668
2024-08-09 02:00:00,0.8833333333333333,237.33333333333334,760.2333333333332,21.96666666666667,25.5
2024-08-09 03:00:00,0.5666666666666668,237.0,760.65,23.55,24.5
2024-08-09 04:00:00,0.9500000000000001,234.83333333333334,761.0166666666668,25.7,22.333333333333332
2024-08-09 05:00:00,1.5166666666666666,223.16666666666666,761.15,26.516666666666666,22.166666666666668
2024-08-09 06:00:00,1.7333333333333334,226.33333333333334,761.2333333333332,27.633333333333336,20.833333333333332
2024-08-09 07:00:00,2.4,229.0,761.1166666666667,28.366666666666664,20.166666666666668
2024-08-09 08:00:00,2.9166666666666665,238.5,760.8833333333333,29.099999999999998,23.166666666666668
2024-08-09 09:00:00,3.4333333333333336,232.16666666666666,760.7666666666668,28.933333333333334,26.5
2024-08-09 10:00:00,3.3000000000000003,229.16666666666666,760.7000000000002,29.183333333333334,26.166666666666668
2024-08-09 11:00:00,2.766666666666667,234.5,760.6500000000001,29.633333333333336,25.5
2024-08-09 12:00:00,2.8000000000000003,232.5,760.6,29.616666666666664,23.666666666666668
2024-08-09 13:00:00,2.3666666666666667,237.0,760.5,29.349999999999998,23.5
2024-08-09 14:00:00,2.433333333333333,241.66666666666666,760.5666666666666,28.400000000000002,24.0
2024-08-09 15:00:00,1.6500000000000001,240.16666666666666,760.7333333333332,26.349999999999998,26.166666666666668
2024-08-09 16:00:00,0.18333333333333335,242.66666666666666,761.1166666666667,24.666666666666668,28.833333333333332
2024-08-09 17:00:00,0.3333333333333333,215.66666666666666,761.65,23.28333333333333,31.666666666666668
2024-08-09 18:00:00,1.0166666666666666,209.33333333333334,761.6833333333334,22.866666666666664,32.0
2024-08-09 19:00:00,0.45,223.16666666666666,761.5500000000001,23.03333333333333,29.666666666666668
2024-08-09 20:00:00,1.4666666666666668,216.83333333333334,761.3000000000001,22.683333333333334,29.833333333333332
2024-08-09 21:00:00,1.2333333333333334,208.16666666666666,761.2166666666667,22.933333333333334,28.5
2024-08-09 22:00:00,2.183333333333333,189.0,761.1333333333333,22.75,29.0
2024-08-09 23:00:00,0.6833333333333332,249.33333333333334,760.9333333333334,22.766666666666666,28.833333333333332
2024-08-10 00:00:00,0.7166666666666667,214.66666666666666,760.8499999999999,22.616666666666664,28.333333333333332
2024-08-10 01:00:00,0.5833333333333334,198.66666666666666,760.9,22.7,25.0
2024-08-10 02:00:00,1.0666666666666667,199.5,761.1166666666667,21.5,26.833333333333332
2024-08-10 03:00:00,0.13333333333333333,214.66666666666666,761.4,24.366666666666664,23.0
2024-08-10 04:00:00,1.2833333333333334,225.66666666666666,761.6166666666667,26.316666666666666,19.666666666666668
2024-08-10 05:00:00,1.8666666666666665,245.16666666666666,761.6833333333334,27.099999999999998,20.666666666666668
2024-08-10 06:00:00,1.7000000000000002,238.16666666666666,761.7833333333333,28.166666666666668,21.333333333333332
2024-08-10 07:00:00,2.683333333333333,229.16666666666666,761.5833333333334,29.0,20.0
2024-08-10 08:00:00,3.35,231.83333333333334,761.3166666666666,29.55,22.166666666666668
2024-08-10 09:00:00,3.1333333333333333,236.0,761.1,30.03333333333333,23.166666666666668
2024-08-10 10:00:00,2.8833333333333333,233.5,760.7833333333333,30.2,24.333333333333332
2024-08-10 11:00:00,3.1,235.16666666666666,760.5,30.583333333333332,21.833333333333332
2024-08-10 12:00:00,3.0500000000000003,236.83333333333334,760.3333333333334,30.166666666666668,20.833333333333332
2024-08-10 13:00:00,2.9499999999999997,237.66666666666666,760.2000000000002,29.816666666666666,21.833333333333332
2024-08-10 14:00:00,1.9666666666666666,236.0,760.2166666666667,28.733333333333334,22.833333333333332
2024-08-10 15:00:00,1.3,237.5,760.2666666666668,26.650000000000002,25.666666666666668
2024-08-10 16:00:00,0.65,230.66666666666666,760.2833333333333,24.8,28.666666666666668
2024-08-10 17:00:00,0.7666666666666666,227.83333333333334,760.8666666666667,24.45,29.666666666666668
2024-08-10 18:00:00,0.7000000000000001,216.0,760.9166666666666,23.833333333333332,30.666666666666668
2024-08-10 19:00:00,0.7333333333333333,218.33333333333334,760.8333333333334,24.016666666666666,30.833333333333332
2024-08-10 20:00:00,0.8666666666666667,223.5,760.4833333333332,23.849999999999998,31.166666666666668
2024-08-10 21:00:00,1.0166666666666666,230.66666666666666,760.0500000000001,23.46666666666667,32.0
2024-08-10 22:00:00,1.1666666666666667,236.0,759.9333333333334,23.266666666666666,32.166666666666664
2024-08-10 23:00:00,0.45,236.0,759.8166666666666,23.05,33.0
2024-08-11 00:00:00,1.75,192.5,759.8666666666667,22.766666666666666,32.166666666666664
2024-08-11 01:00:00,0.8666666666666667,212.0,759.7166666666667,22.766666666666666,32.666666666666664
2024-08-11 02:00:00,1.5999999999999999,202.16666666666666,759.9166666666666,22.8,32.666666666666664
2024-08-11 03:00:00,0.15,216.5,760.0,24.78333333333333,31.333333333333332
2024-08-11 04:00:00,0.5333333333333333,241.5,760.1666666666666,27.683333333333334,26.166666666666668
2024-08-11 05:00:00,1.4000000000000001,232.0,760.2666666666668,28.150000000000002,25.333333333333332
2024-08-11 06:00:00,2.0166666666666666,222.66666666666666,760.3166666666666,28.36666666666667,24.166666666666668
2024-08-11 07:00:00,2.85,235.0,760.2166666666667,29.333333333333332,24.5
2024-08-11 08:00:00,3.216666666666667,236.0,759.9166666666666,29.183333333333334,25.833333333333332
2024-08-11 09:00:00,3.1833333333333336,239.83333333333334,759.6333333333333,29.583333333333332,25.666666666666668
2024-08-11 10:00:00,3.1666666666666665,242.5,759.35,29.733333333333334,24.0
2024-08-11 11:00:00,3.016666666666667,242.5,759.0,29.866666666666664,22.5
2024-08-11 12:00:00,3.1,240.5,758.65,30.599999999999998,20.833333333333332
2024-08-11 13:00:00,2.8666666666666667,241.33333333333334,758.2833333333333,30.21666666666667,20.833333333333332
2024-08-11 14:00:00,2.733333333333333,246.66666666666666,758.1,29.25,21.166666666666668
2024-08-11 15:00:00,2.6833333333333336,252.16666666666666,758.3666666666667,27.55,23.5
2024-08-11 16:00:00,2.066666666666667,245.16666666666666,758.9166666666666,26.916666666666668,24.0
2024-08-11 17:00:00,1.4000000000000001,240.33333333333334,759.2333333333332,25.883333333333336,28.0
2024-08-11 18:00:00,1.95,244.33333333333334,759.1333333333333,24.733333333333334,32.166666666666664
2024-08-11 19:00:00,2.0833333333333335,241.5,758.9,24.3,33.333333333333336
2024-08-11 20:00:00,0.85,235.0,759.2333333333332,22.05,46.0
2024-08-11 21:00:00,1.8,247.66666666666666,759.1333333333333,20.966666666666665,54.333333333333336
2024-08-11 22:00:00,1.95,244.0,758.9666666666667,21.433333333333334,48.0
2024-08-11 23:00:00,1.1666666666666667,232.33333333333334,759.0,20.45,53.833333333333336
2024-08-12 00:00:00,2.1166666666666667,227.0,758.7333333333332,21.366666666666664,46.5
2024-08-12 01:00:00,1.9833333333333334,248.66666666666666,758.5500000000001,20.849999999999998,47.833333333333336
2024-08-12 02:00:00,2.4166666666666665,253.83333333333334,758.5166666666668,20.833333333333332,46.666666666666664
2024-08-12 03:00:00,1.4833333333333334,245.0,758.7833333333333,22.183333333333334,43.5
2024-08-12 04:00:00,0.7000000000000001,241.0,758.9,24.933333333333334,35.5
2024-08-12 05:00:00,1.6166666666666665,239.33333333333334,759.0166666666668,25.983333333333334,30.833333333333332
2024-08-12 06:00:00,1.5166666666666666,224.33333333333334,759.1333333333333,26.133333333333336,29.833333333333332
2024-08-12 07:00:00,1.8499999999999999,225.66666666666666,759.0333333333333,26.616666666666664,29.833333333333332
2024-08-12 08:00:00,2.4499999999999997,233.5,758.85,26.833333333333332,29.5
2024-08-12 09:00:00,4.2,244.0,758.5,27.8,29.0
2024-08-12 10:00:00,3.46,246.8,758.46,27.28,29.8
2024-08-12 11:00:00,,246.01666666666668,758.3616666666667,27.276666666666667,28.683333333333334
2024-08-12 12:00:00,,245.23333333333335,758.2633333333333,27.273333333333333,27.566666666666666
2024-08-12 13:00:00,,,,,
2024-08-12 14:00:00,4.05,243.66666666666666,758.0666666666666,27.266666666666666,25.333333333333332
2024-08-12 15:00:00,1.0,229.0,758.0666666666666,26.05,25.5
2024-08-12 16:00:00,1.2,237.66666666666666,758.4333333333334,24.900000000000002,26.333333333333332
2024-08-12 17:00:00,0.9333333333333332,239.83333333333334,758.85,23.8,27.166666666666668
2024-08-12 18:00:00,1.3333333333333333,234.66666666666666,758.9,23.133333333333336,27.666666666666668
2024-08-12 19:00:00,1.6333333333333335,235.16666666666666,758.8666666666667,22.900000000000002,27.333333333333332
2024-08-12 20:00:00,1.9166666666666667,231.16666666666666,758.6166666666667,22.95,26.833333333333332
2024-08-12 21:00:00,1.5333333333333332,231.33333333333334,758.4,22.766666666666666,27.0
2024-08-12 22:00:00,1.5833333333333333,237.5,758.3833333333333,22.316666666666666,27.666666666666668
2024-08-12 23:00:00,2.1666666666666665,252.66666666666666,758.3166666666666,22.03333333333333,28.0
2024-08-13 00:00:00,2.3000000000000003,255.0,758.3666666666667,21.066666666666666,29.666666666666668
2024-08-13 01:00:00,2.3000000000000003,256.6666666666667,758.6333333333333,19.7,35.833333333333336
2024-08-13 02:00:00,1.8166666666666667,252.16666666666666,758.9,19.316666666666666,40.166666666666664
2024-08-13 03:00:00,1.1333333333333333,251.16666666666666,759.1,21.666666666666668,37.166666666666664
2024-08-13 04:00:00,0.5333333333333333,239.66666666666666,759.4833333333332,25.2,31.166666666666668
2024-08-13 05:00:00,1.3,231.66666666666666,759.7666666666668,26.916666666666668,25.166666666666668
2024-08-13 06:00:00,2.466666666666667,232.33333333333334,760.0,27.516666666666666,21.0
2024-08-13 07:00:00,2.8333333333333335,233.5,759.8666666666667,28.0,20.666666666666668
2024-08-13 08:00:00,3.483333333333333,240.5,759.6500000000001,28.666666666666668,20.166666666666668
2024-08-13 09:00:00,3.533333333333333,237.33333333333334,759.3833333333333,28.866666666666664,21.833333333333332
2024-08-13 10:00:00,3.516666666666667,242.0,759.1166666666667,29.416666666666668,21.5
2024-08-13 11:00:00,4.3500000000000005,244.5,758.9166666666666,29.566666666666666,20.166666666666668
2024-08-13 12:00:00,3.9333333333333336,245.0,758.8166666666666,29.849999999999998,17.166666666666668
2024-08-13 13:00:00,3.5833333333333335,242.0,758.7666666666668,29.116666666666664,16.0
2024-08-13 14:00:00,2.5,224.5,758.6833333333334,28.266666666666666,15.833333333333334
2024-08-13 15:00:00,1.9000000000000001,253.16666666666666,759.0166666666668,23.849999999999998,31.166666666666668
2024-08-13 16:00:00,1.75,253.16666666666666,759.4499999999999,21.05,42.166666666666664
2024-08-13 17:00:00,0.7333333333333334,250.0,759.7333333333332,20.383333333333333,43.833333333333336
2024-08-13 18:00:00,1.1333333333333333,244.66666666666666,759.6500000000001,20.983333333333334,38.333333333333336
2024-08-13 19:00:00,0.6666666666666666,244.83333333333334,759.4499999999999,21.866666666666664,31.166666666666668
2024-08-13 20:00:00,0.5666666666666668,233.0,759.5166666666668,22.0,29.833333333333332
2024-08-13 21:00:00,0.13333333333333333,230.33333333333334,759.2833333333333,22.016666666666666,27.833333333333332
2024-08-13 22:00:00,0.39999999999999997,229.5,759.25,22.483333333333334,28.333333333333332
2024-08-13 23:00:00,0.4666666666666666,239.66666666666666,759.3000000000001,21.78333333333333,31.833333333333332
2024-08-14 00:00:00,0.3,230.33333333333334,759.2999999999998,21.433333333333334,34.0
2024-08-14 01:00:00,1.0,212.16666666666666,759.4,20.933333333333334,36.333333333333336
2024-08-14 02:00:00,1.2333333333333334,206.83333333333334,759.6999999999999,20.900000000000002,37.166666666666664
2024-08-14 03:00:00,0.7666666666666666,220.33333333333334,759.8833333333333,23.25,32.5
2024-08-14 04:00:00,1.2666666666666666,237.16666666666666,759.9833333333332,25.099999999999998,30.166666666666668
2024-08-14 05:00:00,2.0833333333333335,245.83333333333334,760.1999999999999,25.46666666666667,30.333333333333332
2024-08-14 06:00:00,2.9333333333333336,239.83333333333334,760.4,25.75,30.166666666666668
2024-08-14 07:00:00,3.1166666666666667,235.0,760.2833333333333,26.28333333333333,29.666666666666668
2024-08-14 08:00:00,3.283333333333333,233.33333333333334,759.9833333333332,27.05,28.5
2024-08-14 09:00:00,3.4,228.66666666666666,759.75,27.7,27.333333333333332
2024-08-14 10:00:00,3.4166666666666665,235.0,759.5833333333334,28.166666666666668,25.0
2024-08-14 11:00:00,3.483333333333333,234.5,759.4833333333332,28.95,20.0
2024-08-14 12:00:00,3.733333333333333,232.5,759.4,28.75,19.333333333333332
2024-08-14 13:00:00,3.9166666666666665,237.66666666666666,759.3166666666666,27.95,22.666666666666668
2024-08-14 14:00:00,2.983333333333333,243.16666666666666,759.4,27.233333333333334,20.166666666666668
2024-08-14 15:00:00,1.6666666666666667,245.16666666666666,759.5666666666666,25.2,20.333333333333332
2024-08-14 16:00:00,0.8833333333333333,235.5,759.8166666666666,22.21666666666667,30.333333333333332
2024-08-14 17:00:00,1.6500000000000001,247.83333333333334,760.1333333333333,19.48333333333333,48.5
2024-08-14 18:00:00,1.7,251.16666666666666,760.4666666666667,18.716666666666665,52.0
2024-08-14 19:00:00,2.216666666666667,246.66666666666666,760.6833333333334,19.35,43.666666666666664
2024-08-14 20:00:00,1.7,245.0,760.6333333333333,20.116666666666667,36.5
2024-08-14 21:00:00,1.6500000000000001,242.33333333333334,760.4666666666667,20.166666666666668,34.666666666666664
2024-08-14 22:00:00,2.2666666666666666,230.16666666666666,760.3666666666667,20.316666666666666,34.5
2024-08-14 23:00:00,6.333333333333333,196.83333333333334,760.1833333333334,21.53333333333333,31.0
2024-08-15 00:00:00,7.816666666666666,195.5,760.1,21.316666666666666,32.666666666666664
2024-08-15 01:00:00,3.35,219.83333333333334,760.2833333333333,20.366666666666664,36.666666666666664
2024-08-15 02:00:00,3.3833333333333333,236.33333333333334,760.5500000000001,18.900000000000002,44.0
2024-08-15 03:00:00,3.9,236.33333333333334,760.7666666666668,19.7,44.833333333333336
2024-08-15 04:00:00,3.6333333333333333,231.5,761.0833333333334,21.45,41.833333333333336
2024-08-15 05:00:00,3.766666666666667,228.0,761.1833333333334,22.866666666666664,37.666666666666664
2024-08-15 06:00:00,2.8000000000000003,233.0,761.2999999999998,24.616666666666664,34.666666666666664
2024-08-15 07:00:00,2.3666666666666667,228.66666666666666,761.25,25.833333333333332,33.0
2024-08-15 08:00:00,3.5833333333333335,232.0,761.0666666666666,27.316666666666666,26.666666666666668
2024-08-15 09:00:00,4.3999999999999995,244.33333333333334,760.9499999999999,27.78333333333333,26.5
2024-08-15 10:00:00,4.3,244.83333333333334,760.75,28.2,26.333333333333332
2024-08-15 11:00:00,3.8000000000000003,243.5,760.5,28.366666666666664,25.0
2024-08-15 12:00:00,3.9333333333333336,243.83333333333334,760.1833333333334,28.333333333333332,24.333333333333332
2024-08-15 13:00:00,4.066666666666666,245.16666666666666,760.0,27.78333333333333,23.166666666666668
2024-08-15 14:00:00,2.733333333333333,236.66666666666666,760.0500000000001,25.183333333333334,30.833333333333332
2024-08-15 15:00:00,2.5833333333333335,246.0,760.2000000000002,20.816666666666666,48.166666666666664
2024-08-15 16:00:00,2.8333333333333335,253.66666666666666,760.3666666666667,19.349999999999998,53.0
2024-08-15 17:00:00,2.9166666666666665,253.66666666666666,760.6999999999999,18.633333333333333,56.833333333333336
2024-08-15 18:00:00,3.1833333333333336,254.66666666666666,760.7000000000002,18.166666666666668,58.833333333333336
2024-08-15 19:00:00,3.1333333333333333,243.83333333333334,760.6166666666667,17.783333333333335,61.333333333333336
2024-08-15 20:00:00,2.783333333333333,252.0,760.4,17.483333333333334,63.333333333333336
2024-08-15 21:00:00,2.8166666666666664,250.16666666666666,760.1333333333333,17.233333333333334,65.0
2024-08-15 22:00:00,2.35,253.0,759.9333333333334,17.283333333333335,64.83333333333333
2024-08-15 23:00:00,1.3333333333333333,253.5,759.8666666666667,17.45,64.66666666666667
2024-08-16 00:00:00,0.6833333333333332,251.33333333333334,759.6,17.333333333333332,66.0
2024-08-16 01:00:00,0.2333333333333333,241.83333333333334,759.5166666666668,18.183333333333334,57.833333333333336
2024-08-16 02:00:00,0.8666666666666667,219.66666666666666,759.6166666666667,18.816666666666666,53.666666666666664
2024-08-16 03:00:00,0.3333333333333333,253.16666666666666,759.6500000000001,20.650000000000002,48.833333333333336
2024-08-16 04:00:00,2.033333333333333,242.33333333333334,759.6166666666667,22.349999999999998,44.166666666666664
2024-08-16 05:00:00,2.466666666666667,230.83333333333334,759.5833333333334,22.950000000000003,42.833333333333336
2024-08-16 06:00:00,3.0666666666666664,233.5,759.5500000000001,23.583333333333332,41.833333333333336
2024-08-16 07:00:00,3.4,228.5,759.1999999999999,24.21666666666667,40.5
2024-08-16 08:00:00,3.1333333333333333,220.83333333333334,758.6333333333333,25.266666666666666,38.333333333333336
2024-08-16 09:00:00,3.3166666666666664,235.33333333333334,758.0833333333334,26.083333333333332,36.666666666666664
2024-08-16 10:00:00,3.85,242.0,757.7333333333332,26.683333333333334,36.333333333333336
2024-08-16 11:00:00,3.85,242.83333333333334,757.4499999999999,26.7,36.5
2024-08-16 12:00:00,3.6999999999999997,243.16666666666666,757.25,26.71666666666667,35.5
2024-08-16 13:00:00,2.733333333333333,240.66666666666666,757.0333333333333,26.266666666666666,34.833333333333336
2024-08-16 14:00:00,2.733333333333333,243.83333333333334,757.0333333333333,25.316666666666666,35.666666666666664
2024-08-16 15:00:00,2.6166666666666667,245.0,757.2833333333333,23.599999999999998,38.5
2024-08-16 16:00:00,2.0500000000000003,252.33333333333334,757.85,19.666666666666668,58.5
2024-08-16 17:00:00,2.783333333333333,255.5,758.35,18.150000000000002,66.33333333333333
2024-08-16 18:00:00,2.9,254.5,758.4333333333334,17.666666666666668,68.16666666666667
2024-08-16 19:00:00,3.3833333333333333,251.5,758.3000000000001,17.383333333333333,68.66666666666667
2024-08-16 20:00:00,4.1000000000000005,239.33333333333334,758.0,17.683333333333334,65.5
2024-08-16 21:00:00,4.033333333333333,238.33333333333334,757.7333333333332,17.8,63.0
2024-08-16 22:00:00,4.033333333333333,240.5,757.7000000000002,17.583333333333332,63.166666666666664
2024-08-16 23:00:00,3.983333333333333,239.83333333333334,757.7166666666667,17.3,63.5
2024-08-17 00:00:00,3.8333333333333335,232.83333333333334,757.8666666666667,17.283333333333335,62.166666666666664
2024-08-17 01:00:00,3.8666666666666667,239.16666666666666,758.2166666666667,16.566666666666666,65.66666666666667
2024-08-17 02:00:00,3.9499999999999997,237.33333333333334,758.5833333333334,16.083333333333332,67.66666666666667
2024-08-17 03:00:00,3.933333333333333,239.0,759.0500000000001,16.083333333333332,66.66666666666667
2024-08-17 04:00:00,3.016666666666667,242.5,759.4166666666666,17.266666666666666,61.833333333333336
2024-08-17 05:00:00,2.6999999999999997,249.83333333333334,759.8833333333333,19.0,55.666666666666664
2024-08-17 06:00:00,1.9000000000000001,233.33333333333334,760.0333333333333,20.599999999999998,50.833333333333336
2024-08-17 07:00:00,2.0,221.66666666666666,760.0500000000001,21.283333333333335,48.833333333333336
2024-08-17 08:00:00,2.4166666666666665,238.33333333333334,759.8333333333334,22.333333333333332,46.666666666666664
2024-08-17 09:00:00,1.8833333333333335,220.83333333333334,759.4666666666667,24.383333333333336,41.666666666666664
2024-08-17 10:00:00,3.4333333333333336,230.83333333333334,759.1,25.5,39.0
2024-08-17 11:00:00,3.6999999999999997,231.16666666666666,758.8833333333333,25.516666666666666,38.833333333333336
2024-08-17 12:00:00,3.516666666666667,238.83333333333334,758.7666666666668,25.066666666666666,40.0
2024-08-17 13:00:00,3.3333333333333335,242.0,758.8499999999999,24.400000000000002,40.666666666666664
2024-08-17 14:00:00,2.75,242.0,759.1166666666667,23.383333333333336,42.333333333333336
2024-08-17 15:00:00,2.5166666666666666,242.16666666666666,759.5,21.766666666666666,45.833333333333336
2024-08-17 16:00:00,1.0999999999999999,234.66666666666666,759.9333333333334,20.0,53.0
2024-08-17 17:00:00,1.1166666666666667,250.66666666666666,760.5833333333334,16.966666666666665,68.16666666666667
2024-08-17 18:00:00,1.2166666666666666,254.0,760.8000000000001,16.099999999999998,73.66666666666667
2024-08-17 19:00:00,0.6166666666666667,253.83333333333334,760.8666666666667,16.816666666666666,68.16666666666667
2024-08-17 20:00:00,0.8666666666666667,236.5,760.8666666666667,18.95,55.333333333333336
2024-08-17 21:00:00,1.3666666666666665,238.16666666666666,760.8333333333334,18.516666666666666,56.0
2024-08-17 22:00:00,0.09999999999999999,242.66666666666666,760.8666666666667,17.466666666666665,59.0
2024-08-17 23:00:00,0.03333333333333333,222.66666666666666,761.0,16.783333333333335,60.833333333333336
2024-08-18 00:00:00,1.0166666666666666,205.0,760.9499999999999,17.066666666666666,58.166666666666664
2024-08-18 01:00:00,0.7166666666666667,201.16666666666666,761.1333333333333,16.45,59.666666666666664
2024-08-18 02:00:00,0.7333333333333334,209.0,761.5166666666668,16.3,61.166666666666664
2024-08-18 03:00:00,0.25,233.33333333333334,761.7666666666668,19.166666666666668,53.0
2024-08-18 04:00:00,1.25,245.66666666666666,762.0666666666666,21.016666666666666,47.0
2024-08-18 05:00:00,2.9,232.5,762.4,21.55,46.166666666666664
2024-08-18 06:00:00,3.483333333333333,233.33333333333334,762.6166666666667,21.483333333333334,47.0
2024-08-18 07:00:00,3.6,233.16666666666666,762.6166666666667,22.516666666666666,44.333333333333336
2024-08-18 08:00:00,3.25,228.66666666666666,762.4333333333334,23.883333333333336,39.833333333333336
2024-08-18 09:00:00,3.233333333333333,234.5,762.1166666666667,24.516666666666666,38.0
2024-08-18 10:00:00,3.4499999999999997,223.0,761.6333333333333,25.016666666666666,35.833333333333336
2024-08-18 11:00:00,3.5500000000000003,228.0,761.2666666666668,25.383333333333336,34.333333333333336
2024-08-18 12:00:00,3.5,229.0,761.0666666666666,25.316666666666666,34.0
2024-08-18 13:00:00,3.1,233.5,760.9,24.78333333333333,34.5
2024-08-18 14:00:00,2.4,237.33333333333334,760.8333333333334,23.916666666666668,36.333333333333336
2024-08-18 15:00:00,2.733333333333333,244.33333333333334,761.0833333333334,22.2,40.166666666666664
2024-08-18 16:00:00,2.65,251.83333333333334,761.6166666666667,21.483333333333334,42.0
2024-08-18 17:00:00,2.25,249.0,762.4333333333334,18.400000000000002,59.833333333333336
2024-08-18 18:00:00,1.05,249.5,762.5666666666666,17.033333333333335,67.83333333333333
2024-08-18 19:00:00,0.35000000000000003,232.16666666666666,762.4166666666666,17.866666666666667,58.0
2024-08-18 20:00:00,1.0166666666666666,250.0,762.4,18.833333333333332,52.5
2024-08-18 21:00:00,2.4166666666666665,253.33333333333334,762.0833333333334,16.650000000000002,65.66666666666667
2024-08-18 22:00:00,2.1166666666666667,252.83333333333334,761.9666666666667,15.916666666666666,69.83333333333333
2024-08-18 23:00:00,0.7666666666666666,242.0,761.9333333333334,16.25,60.0
2024-08-19 00:00:00,0.23333333333333336,218.0,761.75,17.0,48.333333333333336
2024-08-19 01:00:00,0.5833333333333334,199.0,761.6666666666666,16.48333333333333,49.166666666666664
2024-08-19 02:00:00,1.2,200.33333333333334,761.8833333333333,16.766666666666666,48.666666666666664
2024-08-19 03:00:00,0.09999999999999999,236.33333333333334,762.0,19.433333333333334,43.166666666666664
2024-08-19 04:00:00,0.8666666666666667,244.5,762.25,21.483333333333334,37.666666666666664
2024-08-19 05:00:00,1.883333333333333,245.16666666666666,762.2833333333333,22.483333333333334,35.666666666666664
2024-08-19 06:00:00,2.966666666666667,231.0,762.2000000000002,23.316666666666666,34.333333333333336
2024-08-19 07:00:00,3.6,231.16666666666666,762.1500000000001,23.883333333333336,33.333333333333336
2024-08-19 08:00:00,3.6166666666666667,229.16666666666666,761.8666666666667,24.416666666666668,31.5
2024-08-19 09:00:00,3.1833333333333336,233.66666666666666,761.4833333333332,25.066666666666666,29.833333333333332
2024-08-19 10:00:00,3.75,236.16666666666666,761.0666666666666,25.599999999999998,28.666666666666668
2024-08-19 11:00:00,3.466666666666667,228.83333333333334,760.5666666666666,25.866666666666664,27.333333333333332
2024-08-19 12:00:00,3.8833333333333333,240.66666666666666,760.1666666666666,26.016666666666666,24.833333333333332
2024-08-19 13:00:00,3.7166666666666663,240.83333333333334,759.8833333333333,25.683333333333334,24.0
2024-08-19 14:00:00,3.533333333333333,247.83333333333334,759.8166666666666,24.583333333333332,25.5
2024-08-19 15:00:00,2.183333333333333,248.5,760.2166666666667,22.416666666666668,32.166666666666664
2024-08-19 16:00:00,1.2333333333333334,230.83333333333334,760.6333333333333,20.25,44.333333333333336
2024-08-19 17:00:00,1.3,235.0,760.9499999999999,20.150000000000002,42.833333333333336
2024-08-19 18:00:00,1.2,241.66666666666666,761.0,19.366666666666667,44.5
2024-08-19 19:00:00,1.4500000000000002,247.33333333333334,760.9499999999999,18.599999999999998,46.666666666666664
2024-08-19 20:00:00,2.066666666666667,243.0,760.8333333333334,18.21666666666667,47.0
2024-08-19 21:00:00,0.7000000000000001,228.66666666666666,760.6,17.966666666666665,46.333333333333336
2024-08-19 22:00:00,0.9166666666666666,194.16666666666666,760.4833333333332,17.616666666666667,44.5
2024-08-19 23:00:00,0.20000000000000004,238.33333333333334,760.3000000000001,17.383333333333336,45.5
2024-08-20 00:00:00,1.7666666666666666,188.0,760.1333333333333,16.683333333333334,46.5
2024-08-20 01:00:00,0.5499999999999999,220.5,760.1166666666667,16.616666666666667,45.166666666666664
2024-08-20 02:00:00,1.05,207.66666666666666,760.3166666666666,17.150000000000002,43.333333333333336
2024-08-20 03:00:00,0.21666666666666667,224.16666666666666,760.6,18.433333333333334,42.333333333333336
2024-08-20 04:00:00,0.7333333333333334,237.66666666666666,760.6333333333333,21.416666666666668,33.5
2024-08-20 05:00:00,2.2333333333333334,239.5,760.7166666666667,22.266666666666666,31.833333333333332
2024-08-20 06:00:00,3.0666666666666664,224.16666666666666,760.8333333333334,23.599999999999998,29.166666666666668
2024-08-20 07:00:00,3.4,230.66666666666666,760.8333333333334,24.150000000000002,27.333333333333332
2024-08-20 08:00:00,3.4166666666666665,239.16666666666666,760.5333333333333,24.983333333333334,25.5
2024-08-20 09:00:00,3.716666666666667,227.16666666666666,760.2333333333332,25.866666666666664,23.666666666666668
2024-08-20 10:00:00,3.966666666666667,235.5,759.9166666666666,26.083333333333332,23.333333333333332
2024-08-20 11:00:00,4.116666666666666,241.16666666666666,759.6333333333333,25.933333333333334,22.666666666666668
2024-08-20 12:00:00,2.716666666666667,233.5,759.5,25.96666666666667,21.833333333333332
2024-08-20 13:00:00,2.966666666666667,238.33333333333334,759.5333333333333,25.366666666666664,21.666666666666668
2024-08-20 14:00:00,2.6833333333333336,213.66666666666666,759.6833333333334,23.21666666666667,30.166666666666668
2024-08-20 15:00:00,2.3333333333333335,238.0,760.0,20.483333333333334,41.0
2024-08-20 16:00:00,2.1166666666666667,249.16666666666666,760.5666666666666,18.849999999999998,49.333333333333336
2024-08-20 17:00:00,2.2666666666666666,251.33333333333334,761.25,17.383333333333333,58.833333333333336
2024-08-20 18:00:00,2.3666666666666667,251.16666666666666,761.4333333333334,17.05,60.166666666666664
2024-08-20 19:00:00,2.1666666666666665,247.16666666666666,761.2166666666667,16.383333333333333,63.333333333333336
2024-08-20 20:00:00,2.8166666666666664,246.66666666666666,761.3666666666667,16.316666666666666,63.5
2024-08-20 21:00:00,1.9666666666666668,249.0,761.2833333333333,15.916666666666666,63.833333333333336
2024-08-20 22:00:00,0.6833333333333332,228.0,761.3333333333334,15.9,58.5
2024-08-20 23:00:00,0.4166666666666667,228.83333333333334,761.3833333333333,15.833333333333334,54.0
2024-08-21 00:00:00,0.8333333333333334,221.33333333333334,761.4666666666667,15.966666666666667,53.0
2024-08-21 01:00:00,0.35000000000000003,241.66666666666666,761.5,15.266666666666666,55.5
2024-08-21 02:00:00,1.9166666666666667,196.33333333333334,761.6,15.65,46.5
2024-08-21 03:00:00,0.15,226.83333333333334,761.7166666666667,17.766666666666666,41.166666666666664
2024-08-21 04:00:00,1.1833333333333333,241.66666666666666,761.8666666666667,19.55,38.166666666666664
2024-08-21 05:00:00,2.3333333333333335,227.5,761.9666666666667,20.333333333333332,39.5
2024-08-21 06:00:00,3.216666666666667,229.33333333333334,762.0833333333334,21.116666666666667,39.833333333333336
2024-08-21 07:00:00,4.25,230.16666666666666,761.9499999999999,21.650000000000002,39.166666666666664
2024-08-21 08:00:00,4.183333333333334,234.16666666666666,761.7833333333333,22.71666666666667,36.166666666666664
2024-08-21 09:00:00,4.75,241.66666666666666,761.4833333333332,23.46666666666667,31.666666666666668
2024-08-21 10:00:00,4.066666666666666,237.33333333333334,761.25,23.933333333333334,27.666666666666668
2024-08-21 11:00:00,3.6333333333333333,234.66666666666666,760.9499999999999,24.099999999999998,26.833333333333332
2024-08-21 12:00:00,3.283333333333333,233.5,760.7999999999998,24.03333333333333,26.166666666666668
2024-08-21 13:00:00,3.0,234.5,760.7000000000002,23.866666666666664,26.0
2024-08-21 14:00:00,2.4166666666666665,237.66666666666666,760.7166666666667,22.650000000000002,27.333333333333332
2024-08-21 15:00:00,3.0666666666666664,240.83333333333334,761.0666666666666,21.083333333333332,28.166666666666668
2024-08-21 16:00:00,1.3333333333333333,245.66666666666666,761.5500000000001,19.75,29.666666666666668
2024-08-21 17:00:00,0.11666666666666668,233.83333333333334,761.8666666666667,18.666666666666668,31.333333333333332
2024-08-21 18:00:00,0.45,206.16666666666666,761.9833333333332,17.416666666666668,33.0
2024-08-21 19:00:00,1.5999999999999999,199.83333333333334,761.9499999999999,17.233333333333334,31.666666666666668
2024-08-21 20:00:00,1.4333333333333333,195.83333333333334,761.9,17.083333333333332,31.166666666666668
2024-08-21 21:00:00,1.2333333333333332,197.33333333333334,761.65,16.233333333333334,33.0
2024-08-21 22:00:00,2.0166666666666666,204.33333333333334,761.5833333333334,16.0,34.333333333333336
2024-08-21 23:00:00,1.0,241.0,761.5666666666666,15.783333333333333,38.833333333333336
2024-08-22 00:00:00,0.3666666666666667,224.0,761.4666666666667,15.116666666666667,40.666666666666664
2024-08-22 01:00:00,2.0500000000000003,192.5,761.6333333333333,14.666666666666666,39.166666666666664
2024-08-22 02:00:00,1.2333333333333334,224.5,761.9499999999999,15.299999999999999,37.5
2024-08-22 03:00:00,1.1666666666666667,255.16666666666666,762.0500000000001,17.383333333333333,33.833333333333336
2024-08-22 04:00:00,3.216666666666667,256.0,762.0,19.383333333333333,29.5
2024-08-22 05:00:00,2.733333333333333,234.33333333333334,761.9333333333334,21.0,25.833333333333332
2024-08-22 06:00:00,3.3833333333333333,231.83333333333334,761.9666666666667,22.166666666666668,23.833333333333332
2024-08-22 07:00:00,4.133333333333333,239.66666666666666,761.75,23.650000000000002,22.5
2024-08-22 08:00:00,5.183333333333333,239.5,761.3166666666666,24.71666666666667,21.166666666666668
2024-08-22 09:00:00,5.383333333333333,238.83333333333334,761.0166666666668,25.599999999999998,20.166666666666668
2024-08-22 10:00:00,5.183333333333334,240.0,760.7333333333332,26.3,20.0
2024-08-22 11:00:00,4.816666666666666,236.16666666666666,760.4499999999999,25.95,20.5
2024-08-22 12:00:00,3.85,236.33333333333334,760.3833333333333,25.916666666666668,20.5
2024-08-22 13:00:00,3.783333333333333,240.0,760.3000000000001,25.233333333333334,21.0
2024-08-22 14:00:00,2.8333333333333335,229.83333333333334,760.3833333333333,23.900000000000002,23.0
2024-08-22 15:00:00,4.55,213.83333333333334,760.7166666666667,22.116666666666664,27.0
2024-08-22 16:00:00,5.266666666666667,208.66666666666666,761.0833333333334,21.383333333333336,26.666666666666668
2024-08-22 17:00:00,4.7,213.83333333333334,761.4666666666667,21.3,23.833333333333332
2024-08-22 18:00:00,2.433333333333333,234.33333333333334,761.75,20.633333333333333,24.5
2024-08-22 19:00:00,2.0166666666666666,244.83333333333334,761.5833333333334,19.333333333333332,28.0
2024-08-22 20:00:00,1.3666666666666665,228.0,761.4666666666667,19.099999999999998,30.0
2024-08-22 21:00:00,1.75,212.66666666666666,761.2333333333332,18.733333333333334,31.0
2024-08-22 22:00:00,2.25,204.16666666666666,761.1,18.366666666666667,30.833333333333332
2024-08-22 23:00:00,0.43333333333333335,222.83333333333334,761.0666666666666,18.083333333333332,30.833333333333332
2024-08-23 00:00:00,2.316666666666667,188.66666666666666,761.0,17.466666666666665,32.333333333333336
2024-08-23 01:00:00,1.6166666666666665,205.0,761.2666666666668,17.383333333333333,32.0
2024-08-23 02:00:00,0.3333333333333333,238.0,761.6833333333334,17.933333333333334,31.0
2024-08-23 03:00:00,0.20000000000000004,233.0,762.0333333333333,19.95,29.333333333333332
2024-08-23 04:00:00,1.5833333333333333,253.0,762.1666666666666,21.95,25.0
2024-08-23 05:00:00,2.216666666666667,246.0,762.3833333333333,23.366666666666664,23.166666666666668
2024-08-23 06:00:00,3.1999999999999997,230.66666666666666,762.4,24.916666666666668,21.0
2024-08-23 07:00:00,3.733333333333333,228.66666666666666,762.2666666666668,25.599999999999998,19.833333333333332
2024-08-23 08:00:00,3.65,228.16666666666666,762.0,26.75,18.166666666666668
2024-08-23 09:00:00,4.633333333333334,233.33333333333334,761.5833333333334,27.349999999999998,17.0
2024-08-23 10:00:00,3.9166666666666665,239.0,761.2333333333332,28.183333333333334,16.0
2024-08-23 11:00:00,4.166666666666667,242.83333333333334,761.0166666666668,27.833333333333332,16.5
2024-08-23 12:00:00,3.6833333333333336,242.66666666666666,760.9,26.933333333333334,17.833333333333332
2024-08-23 13:00:00,3.483333333333333,238.0,760.8833333333333,25.96666666666667,19.0
2024-08-23 14:00:00,5.283333333333333,215.33333333333334,760.9499999999999,24.95,22.333333333333332
2024-08-23 15:00:00,9.033333333333333,200.16666666666666,761.1999999999999,22.46666666666667,28.5
2024-08-23 16:00:00,3.8000000000000003,205.33333333333334,761.5666666666666,22.566666666666666,26.5
2024-08-23 17:00:00,1.7666666666666666,245.5,761.9166666666666,21.066666666666666,30.0
2024-08-23 18:00:00,2.283333333333333,253.0,762.0333333333333,20.083333333333332,32.5
2024-08-23 19:00:00,2.35,255.0,762.0,19.599999999999998,33.0
2024-08-23 20:00:00,2.05,248.16666666666666,761.8333333333334,19.633333333333333,32.5
2024-08-23 21:00:00,1.7833333333333332,234.16666666666666,761.6333333333333,20.166666666666668,31.666666666666668
2024-08-23 22:00:00,1.7666666666666666,238.16666666666666,761.8000000000001,18.633333333333333,35.666666666666664
2024-08-23 23:00:00,1.1833333333333333,249.83333333333334,761.9,18.0,37.666666666666664
2024-08-24 00:00:00,1.1333333333333333,248.0,762.1,17.400000000000002,38.666666666666664
2024-08-24 01:00:00,0.9833333333333334,241.0,762.4,17.883333333333336,36.166666666666664
2024-08-24 02:00:00,0.7000000000000001,243.5,762.7666666666668,17.983333333333334,35.166666666666664
2024-08-24 03:00:00,0.45,233.5,763.0166666666668,19.966666666666665,32.666666666666664
2024-08-24 04:00:00,0.5,246.16666666666666,763.3166666666666,23.583333333333332,24.833333333333332
2024-08-24 05:00:00,1.9166666666666667,247.5,763.5166666666668,24.21666666666667,22.0
2024-08-24 06:00:00,1.8499999999999999,223.16666666666666,763.6500000000001,25.616666666666664,18.833333333333332
2024-08-24 07:00:00,3.3666666666666667,237.0,763.4499999999999,26.066666666666666,19.5
2024-08-24 08:00:00,3.466666666666667,237.83333333333334,763.35,26.55,19.166666666666668
2024-08-24 09:00:00,3.483333333333333,239.5,763.0666666666666,26.96666666666667,16.666666666666668
2024-08-24 10:00:00,3.9,242.66666666666666,762.6333333333333,27.433333333333334,16.0
2024-08-24 11:00:00,3.8333333333333335,241.5,762.2833333333333,27.5,15.333333333333334
2024-08-24 12:00:00,3.883333333333333,244.5,762.1500000000001,27.3,15.166666666666666
2024-08-24 13:00:00,3.4166666666666665,244.0,762.2166666666667,26.683333333333334,15.833333333333334
2024-08-24 14:00:00,3.466666666666667,250.83333333333334,762.25,25.433333333333334,16.833333333333332
2024-08-24 15:00:00,2.25,252.66666666666666,762.4,23.516666666666666,18.833333333333332
2024-08-24 16:00:00,1.25,218.5,762.6666666666666,21.983333333333334,20.833333333333332
2024-08-24 17:00:00,1.2,221.16666666666666,763.0166666666668,20.733333333333334,23.0
2024-08-24 18:00:00,3.483333333333333,223.33333333333334,762.5833333333334,21.5,21.5
2024-08-24 19:00:00,1.5,210.0,763.0833333333334,19.900000000000002,24.0
2024-08-24 20:00:00,0.8166666666666668,225.83333333333334,763.1,18.883333333333333,26.5
2024-08-24 21:00:00,1.5333333333333332,216.5,762.7166666666667,18.55,27.5
2024-08-24 22:00:00,2.3333333333333335,213.83333333333334,762.4833333333332,18.76666666666667,26.833333333333332
2024-08-24 23:00:00,2.1,229.66666666666666,762.5500000000001,18.650000000000002,26.666666666666668
2024-08-25 00:00:00,2.1,228.83333333333334,762.6333333333333,18.283333333333335,26.666666666666668
2024-08-25 01:00:00,1.9333333333333333,224.66666666666666,762.8000000000001,17.95,27.5
2024-08-25 02:00:00,0.8999999999999999,236.66666666666666,763.2333333333332,17.816666666666666,27.833333333333332
2024-08-25 03:00:00,1.95,228.0,763.5333333333333,20.216666666666665,23.833333333333332
2024-08-25 04:00:00,1.5999999999999999,240.66666666666666,763.6666666666666,22.166666666666668,21.166666666666668
2024-08-25 05:00:00,0.7666666666666666,237.5,763.7833333333333,22.71666666666667,21.0
2024-08-25 06:00:00,1.5333333333333332,231.33333333333334,763.9833333333332,23.3,19.666666666666668
2024-08-25 07:00:00,2.0833333333333335,227.5,763.8666666666667,24.28333333333333,19.0
2024-08-25 08:00:00,1.4166666666666667,230.33333333333334,763.4833333333332,25.0,18.5
2024-08-25 09:00:00,3.533333333333333,241.33333333333334,763.3833333333333,25.150000000000002,18.833333333333332
2024-08-25 10:00:00,3.5,241.83333333333334,763.15,24.95,19.5
2024-08-25 11:00:00,2.1999999999999997,233.5,762.5666666666666,25.083333333333332,19.5
2024-08-25 12:00:00,2.5833333333333335,238.16666666666666,762.1666666666666,25.866666666666664,19.0
2024-08-25 13:00:00,1.6000000000000003,223.33333333333334,761.9333333333334,25.383333333333336,19.5
2024-08-25 14:00:00,1.8333333333333333,231.16666666666666,761.8499999999999,24.7,19.833333333333332
2024-08-25 15:00:00,1.1333333333333333,242.16666666666666,762.15,22.5,22.5
2024-08-25 16:00:00,1.1166666666666667,221.66666666666666,762.6166666666667,20.900000000000002,24.166666666666668
2024-08-25 17:00:00,1.2333333333333334,212.83333333333334,762.8333333333334,20.216666666666665,25.166666666666668
2024-08-25 18:00:00,0.8833333333333333,214.5,762.7666666666668,19.5,26.333333333333332
2024-08-25 19:00:00,0.9833333333333334,236.5,762.6166666666667,19.03333333333333,27.5
2024-08-25 20:00:00,1.1500000000000001,230.5,762.3666666666667,18.916666666666668,27.5
2024-08-25 21:00:00,1.5333333333333332,234.33333333333334,762.1166666666667,18.616666666666664,27.333333333333332
2024-08-25 22:00:00,0.6833333333333332,231.5,761.8333333333334,18.633333333333336,26.666666666666668
2024-08-25 23:00:00,2.0166666666666666,187.5,761.7166666666667,17.833333333333332,27.833333333333332
2024-08-26 00:00:00,2.0,195.0,761.9,17.766666666666666,27.833333333333332
2024-08-26 01:00:00,1.2833333333333334,203.33333333333334,762.1166666666667,17.349999999999998,28.833333333333332
2024-08-26 02:00:00,2.25,192.0,762.5,17.183333333333334,29.666666666666668
2024-08-26 03:00:00,1.0,237.66666666666666,762.6999999999999,20.083333333333332,27.0
2024-08-26 04:00:00,1.0666666666666667,247.5,762.8333333333334,23.883333333333336,21.333333333333332
2024-08-26 05:00:00,0.9166666666666666,231.16666666666666,763.0666666666666,24.633333333333336,18.833333333333332
2024-08-26 06:00:00,2.5333333333333337,236.0,763.2666666666668,25.3,18.0
2024-08-26 07:00:00,3.65,239.16666666666666,763.1,26.016666666666666,17.0
2024-08-26 08:00:00,4.05,234.0,762.9,26.55,15.5
2024-08-26 09:00:00,4.5200000000000005,239.6,762.58,27.26,15.0
2024-08-26 10:00:00,4.283333333333333,237.0,762.1333333333333,27.583333333333332,15.0
2024-08-26 11:00:00,3.9166666666666665,228.66666666666666,761.7166666666667,27.599999999999998,15.0
2024-08-26 12:00:00,4.133333333333334,238.0,761.4833333333332,27.46666666666667,15.0
2024-08-26 13:00:00,3.483333333333333,239.83333333333334,761.3833333333333,26.95,15.0
2024-08-26 14:00:00,2.8000000000000003,245.16666666666666,761.2833333333333,25.8,16.166666666666668
2024-08-26 15:00:00,1.2833333333333334,238.33333333333334,761.3666666666667,23.55,18.5
2024-08-26 16:00:00,1.7666666666666666,192.83333333333334,761.7333333333332,21.46666666666667,21.333333333333332
2024-08-26 17:00:00,2.3333333333333335,194.16666666666666,761.9499999999999,21.116666666666667,22.0
2024-08-26 18:00:00,2.4166666666666665,191.66666666666666,761.8333333333334,20.833333333333332,22.666666666666668
2024-08-26 19:00:00,2.4333333333333336,190.16666666666666,761.6833333333334,20.45,23.333333333333332
2024-08-26 20:00:00,1.1166666666666667,202.5,761.6,19.983333333333334,24.5
2024-08-26 21:00:00,1.7166666666666668,196.16666666666666,761.3666666666667,19.349999999999998,25.5
2024-08-26 22:00:00,2.3333333333333335,191.83333333333334,761.2166666666667,19.2,25.333333333333332
2024-08-26 23:00:00,1.75,201.0,761.2000000000002,18.966666666666665,25.666666666666668
2024-08-27 00:00:00,2.466666666666667,185.66666666666666,761.1500000000001,18.083333333333332,26.833333333333332
2024-08-27 01:00:00,2.183333333333333,192.5,761.2666666666668,18.25,26.5
2024-08-27 02:00:00,1.4166666666666667,202.16666666666666,761.5,18.400000000000002,26.833333333333332
2024-08-27 03:00:00,0.3333333333333333,226.0,761.8666666666667,21.53333333333333,25.0
2024-08-27 04:00:00,0.7333333333333334,238.5,762.0833333333334,25.366666666666664,19.666666666666668
2024-08-27 05:00:00,0.975,225.25,762.2,25.75,17.0
2024-08-27 06:00:00,2.75,232.5,762.1,26.9,16.0
2024-08-27 07:00:00,3.3000000000000003,231.33333333333334,761.9666666666667,27.633333333333336,15.333333333333334
2024-08-27 08:00:00,3.85,237.5,761.7166666666667,28.3,14.833333333333334
2024-08-27 09:00:00,4.333333333333333,240.0,761.4833333333332,28.400000000000002,14.666666666666666
2024-08-27 10:00:00,4.566666666666666,239.83333333333334,761.1833333333334,28.883333333333336,14.0
2024-08-27 11:00:00,4.366666666666666,238.16666666666666,760.8666666666667,29.150000000000002,14.0
2024-08-27 12:00:00,3.85,233.66666666666666,760.7333333333332,28.516666666666666,14.166666666666666
2024-08-27 13:00:00,3.5833333333333335,234.16666666666666,760.7333333333332,27.8,15.0
2024-08-27 14:00:00,3.1666666666666665,239.83333333333334,760.8333333333334,26.849999999999998,15.0
2024-08-27 15:00:00,1.7833333333333332,241.33333333333334,761.3000000000001,22.900000000000002,27.333333333333332
2024-08-27 16:00:00,2.466666666666667,254.16666666666666,761.6500000000001,20.3,38.5
2024-08-27 17:00:00,2.5,247.5,761.6833333333334,19.566666666666666,39.333333333333336
2024-08-27 18:00:00,6.216666666666666,196.33333333333334,761.4499999999999,21.7,24.333333333333332
2024-08-27 19:00:00,8.466666666666667,193.16666666666666,761.2999999999998,21.566666666666666,24.666666666666668
2024-08-27 20:00:00,8.583333333333334,194.33333333333334,761.1833333333334,21.233333333333334,25.166666666666668
2024-08-27 21:00:00,5.633333333333333,201.66666666666666,761.0333333333333,21.483333333333334,23.0
2024-08-27 22:00:00,4.833333333333333,201.33333333333334,760.9499999999999,21.05,23.0
2024-08-27 23:00:00,2.783333333333333,224.0,761.1500000000001,20.183333333333334,25.333333333333332
2024-08-28 00:00:00,2.4833333333333334,239.16666666666666,761.35,18.55,29.833333333333332
2024-08-28 01:00:00,2.75,227.16666666666666,761.6,19.266666666666666,28.333333333333332
2024-08-28 02:00:00,4.1000000000000005,214.5,761.7833333333333,19.616666666666667,27.5
2024-08-28 03:00:00,4.95,195.83333333333334,762.0833333333334,20.933333333333334,25.666666666666668
2024-08-28 04:00:00,6.2,197.66666666666666,762.3333333333334,22.21666666666667,21.166666666666668
2024-08-28 05:00:00,4.1499999999999995,202.0,762.6833333333334,23.633333333333336,19.5
2024-08-28 06:00:00,2.1333333333333333,213.5,762.8000000000001,25.016666666666666,19.0
2024-08-28 07:00:00,2.4499999999999997,228.83333333333334,762.6166666666667,25.666666666666668,20.666666666666668
2024-08-28 08:00:00,3.516666666666667,227.5,762.2666666666668,26.133333333333336,21.5
2024-08-28 09:00:00,3.983333333333333,232.33333333333334,762.1500000000001,26.183333333333334,22.0
2024-08-28 10:00:00,3.4166666666666665,229.16666666666666,762.0500000000001,26.2,22.666666666666668
2024-08-28 11:00:00,3.1166666666666667,240.33333333333334,761.9,26.233333333333334,22.833333333333332
2024-08-28 12:00:00,2.4,234.5,761.8499999999999,26.133333333333336,22.333333333333332
2024-08-28 13:00:00,2.65,235.0,761.7999999999998,25.599999999999998,22.5
2024-08-28 14:00:00,1.9666666666666668,222.33333333333334,761.7166666666667,23.816666666666666,25.333333333333332
2024-08-28 15:00:00,2.35,238.0,761.9,21.016666666666666,29.166666666666668
2024-08-28 16:00:00,2.4,238.4,762.28,19.96,29.2
2024-08-28 17:00:00,,222.48888888888888,762.2644444444444,19.962222222222223,28.244444444444444
2024-08-28 18:00:00,,206.57777777777778,762.2488888888888,19.964444444444442,27.288888888888888
2024-08-28 19:00:00,5.566666666666666,190.66666666666666,762.2333333333332,19.966666666666665,26.333333333333332
2024-08-28 20:00:00,5.25,191.5,762.1333333333333,19.849999999999998,26.0
2024-08-28 21:00:00,10.0,197.33333333333334,761.8833333333333,18.566666666666666,27.166666666666668
2024-08-28 22:00:00,12.299999999999999,197.5,761.6999999999999,17.383333333333333,34.833333333333336
2024-08-28 23:00:00,11.433333333333332,195.5,761.4833333333332,17.98333333333333,31.5
2024-08-29 00:00:00,10.9,194.0,761.3333333333334,18.033333333333335,31.0
2024-08-29 01:00:00,2.9,211.66666666666666,761.75,18.383333333333336,30.5
2024-08-29 02:00:00,7.2,195.66666666666666,762.0,17.95,31.333333333333332
2024-08-29 03:00:00,8.433333333333334,192.83333333333334,762.2833333333333,18.3,32.666666666666664
2024-08-29 04:00:00,6.083333333333333,205.83333333333334,762.6,19.133333333333333,33.5
2024-08-29 05:00:00,3.683333333333333,226.83333333333334,762.8499999999999,20.083333333333332,35.333333333333336
2024-08-29 06:00:00,2.8000000000000003,232.83333333333334,762.9499999999999,20.683333333333334,36.166666666666664
2024-08-29 07:00:00,3.4499999999999997,231.0,762.6333333333333,21.916666666666668,34.666666666666664
2024-08-29 08:00:00,3.9,237.33333333333334,762.25,22.46666666666667,34.666666666666664
2024-08-29 09:00:00,3.9,232.5,761.9166666666666,22.983333333333334,34.333333333333336
2024-08-29 10:00:00,3.266666666666667,223.83333333333334,761.5666666666666,23.3,33.666666666666664
2024-08-29 11:00:00,8.0,221.5,761.4499999999999,21.78333333333333,33.833333333333336
2024-08-29 12:00:00,6.166666666666667,206.5,761.2833333333333,22.816666666666666,29.0
2024-08-29 13:00:00,5.883333333333333,204.33333333333334,761.2833333333333,22.416666666666668,31.333333333333332
2024-08-29 14:00:00,6.783333333333332,201.5,761.3666666666667,20.25,37.666666666666664
2024-08-29 15:00:00,8.4,193.5,761.6,18.53333333333333,44.166666666666664
2024-08-29 16:00:00,3.65,226.66666666666666,762.0500000000001,18.216666666666665,41.0
2024-08-29 17:00:00,1.8166666666666667,248.83333333333334,762.2166666666667,16.35,53.166666666666664
2024-08-29 18:00:00,0.7999999999999999,243.0,762.1,15.933333333333332,55.166666666666664
2024-08-29 19:00:00,0.3,246.5,761.9833333333332,15.183333333333332,57.5
2024-08-29 20:00:00,0.75,230.33333333333334,762.0666666666666,14.833333333333334,56.666666666666664
2024-08-29 21:00:00,0.8333333333333334,231.0,761.5166666666668,14.566666666666668,58.833333333333336
2024-08-29 22:00:00,0.75,250.33333333333334,761.0833333333334,15.1,51.666666666666664
2024-08-29 23:00:00,1.9333333333333333,247.66666666666666,760.9333333333334,15.233333333333334,52.666666666666664
2024-08-30 00:00:00,1.2166666666666666,253.33333333333334,760.9833333333332,14.433333333333332,59.666666666666664
2024-08-30 01:00:00,1.0999999999999999,253.16666666666666,761.0500000000001,14.216666666666667,60.833333333333336
2024-08-30 02:00:00,0.8333333333333334,241.16666666666666,761.3666666666667,13.9,49.333333333333336
2024-08-30 03:00:00,2.033333333333333,238.16666666666666,761.5,15.083333333333334,41.166666666666664
2024-08-30 04:00:00,1.9666666666666668,243.33333333333334,761.4833333333332,17.05,34.166666666666664
2024-08-30 05:00:00,2.5500000000000003,236.33333333333334,761.65,18.166666666666668,34.166666666666664
2024-08-30 06:00:00,2.983333333333333,230.5,761.7166666666667,19.133333333333333,35.666666666666664
2024-08-30 07:00:00,3.466666666666667,237.66666666666666,761.3833333333333,20.466666666666665,33.333333333333336
2024-08-30 08:00:00,3.8166666666666664,231.5,760.9833333333332,21.183333333333334,33.0
2024-08-30 09:00:00,3.9,233.33333333333334,760.7333333333332,21.96666666666667,30.5
2024-08-30 10:00:00,4.033333333333333,230.66666666666666,760.4499999999999,22.599999999999998,29.166666666666668
2024-08-30 11:00:00,4.133333333333334,237.83333333333334,760.1999999999999,22.733333333333334,28.333333333333332
2024-08-30 12:00:00,4.116666666666667,240.83333333333334,760.2333333333332,22.366666666666664,28.333333333333332
2024-08-30 13:00:00,3.8666666666666667,241.0,760.1500000000001,21.75,28.666666666666668
2024-08-30 14:00:00,3.533333333333333,246.5,760.2333333333332,20.349999999999998,30.166666666666668
2024-08-30 15:00:00,2.5833333333333335,244.33333333333334,760.6,18.433333333333334,32.833333333333336
2024-08-30 16:00:00,2.0500000000000003,252.33333333333334,761.0,17.316666666666666,34.0
2024-08-30 17:00:00,0.6666666666666666,253.33333333333334,761.0833333333334,16.53333333333333,33.666666666666664
2024-08-30 18:00:00,0.43333333333333335,228.83333333333334,761.0166666666668,15.683333333333332,34.833333333333336
2024-08-30 19:00:00,1.0166666666666668,243.16666666666666,760.9,15.283333333333333,38.166666666666664
2024-08-30 20:00:00,2.2166666666666663,239.5,761.0,15.266666666666666,40.333333333333336
2024-08-30 21:00:00,0.7166666666666667,232.83333333333334,760.7833333333333,14.6,38.666666666666664
2024-08-30 22:00:00,1.8166666666666667,205.16666666666666,760.5833333333334,14.583333333333334,38.166666666666664
2024-08-30 23:00:00,0.65,234.83333333333334,760.5,14.516666666666666,38.166666666666664
2024-08-31 00:00:00,0.2333333333333333,232.33333333333334,760.5666666666666,13.566666666666668,40.833333333333336
2024-08-31 01:00:00,0.8833333333333333,210.66666666666666,760.6500000000001,12.9,42.5
2024-08-31 02:00:00,0.8833333333333333,226.0,760.75,13.333333333333334,41.833333333333336
2024-08-31 03:00:00,0.7166666666666668,236.66666666666666,760.8833333333333,15.733333333333334,37.0
2024-08-31 04:00:00,1.4500000000000002,241.66666666666666,761.2833333333333,17.383333333333333,30.5
2024-08-31 05:00:00,2.0666666666666664,242.33333333333334,761.5500000000001,18.866666666666667,28.333333333333332
2024-08-31 06:00:00,2.75,234.0,761.5333333333333,20.016666666666666,23.333333333333332
2024-08-31 07:00:00,3.4,223.33333333333334,761.4666666666667,21.05,19.333333333333332
2024-08-31 08:00:00,3.5,233.16666666666666,761.3499999999999,22.5,17.0
2024-08-31 09:00:00,3.8166666666666664,235.66666666666666,761.3499999999999,23.099999999999998,16.0
2024-08-31 10:00:00,3.783333333333333,236.0,761.2333333333332,23.933333333333334,15.166666666666666
2024-08-31 11:00:00,3.6999999999999997,230.33333333333334,761.1333333333333,23.933333333333334,15.166666666666666
2024-08-31 12:00:00,3.283333333333333,235.16666666666666,761.1500000000001,24.03333333333333,15.833333333333334
2024-08-31 13:00:00,3.0,242.66666666666666,761.1,23.400000000000002,16.0
2024-08-31 14:00:00,2.783333333333333,242.66666666666666,761.0833333333334,21.95,17.0
2024-08-31 15:00:00,2.6166666666666667,250.33333333333334,761.3000000000001,19.616666666666667,18.833333333333332
2024-08-31 16:00:00,1.0333333333333334,256.0,761.7333333333332,18.133333333333333,20.666666666666668
2024-08-31 17:00:00,0.3833333333333333,238.83333333333334,761.8833333333333,17.016666666666666,21.833333333333332
2024-08-31 18:00:00,0.31666666666666665,205.0,762.0666666666666,15.799999999999999,24.166666666666668
2024-08-31 19:00:00,1.0,193.5,762.2000000000002,15.200000000000001,26.166666666666668
2024-08-31 20:00:00,1.0,197.33333333333334,762.2333333333332,14.816666666666668,29.0
2024-08-31 21:00:00,1.0,232.16666666666666,762.0333333333333,15.166666666666666,27.666666666666668
2024-08-31 22:00:00,1.0666666666666667,204.33333333333334,762.0,14.883333333333333,26.833333333333332
2024-08-31 23:00:00,1.0999999999999999,220.83333333333334,761.9333333333334,14.833333333333334,27.0
2024-09-01 00:00:00,0.6166666666666667,241.0,761.9666666666667,15.483333333333334,25.666666666666668
2024-09-01 01:00:00,0.6666666666666666,225.83333333333334,762.0666666666666,14.716666666666667,27.666666666666668
2024-09-01 02:00:00,0.7666666666666666,239.83333333333334,762.4,14.75,28.333333333333332
2024-09-01 03:00:00,0.19999999999999998,244.5,762.7166666666667,16.53333333333333,26.833333333333332
2024-09-01 04:00:00,0.85,246.16666666666666,762.9499999999999,20.633333333333333,22.5
2024-09-01 05:00:00,1.7,242.0,763.2666666666668,22.416666666666668,19.666666666666668
2024-09-01 06:00:00,2.9499999999999997,242.5,763.5833333333334,22.2,19.0
2024-09-01 07:00:00,3.1166666666666667,236.5,763.6,22.599999999999998,18.166666666666668
2024-09-01 08:00:00,3.8666666666666667,229.83333333333334,763.4,23.366666666666664,16.666666666666668
2024-09-01 09:00:00,3.733333333333333,228.83333333333334,763.25,24.166666666666668,16.0
2024-09-01 10:00:00,4.1499999999999995,235.16666666666666,763.0333333333333,24.599999999999998,15.333333333333334
2024-09-01 11:00:00,4.033333333333333,236.0,762.9,24.616666666666664,15.5
2024-09-01 12:00:00,3.983333333333333,237.83333333333334,762.9,24.333333333333332,16.0
2024-09-01 13:00:00,3.716666666666667,242.5,762.9166666666666,23.683333333333334,16.666666666666668
2024-09-01 14:00:00,3.1333333333333333,244.16666666666666,763.1166666666667,22.133333333333336,18.0
2024-09-01 15:00:00,1.7666666666666666,242.5,763.6,19.966666666666665,20.166666666666668
2024-09-01 16:00:00,0.3166666666666667,232.5,764.0833333333334,18.5,22.0
2024-09-01 17:00:00,2.566666666666667,237.33333333333334,764.4499999999999,19.150000000000002,25.0
2024-09-01 18:00:00,1.7833333333333332,250.16666666666666,764.5833333333334,17.8,29.5
2024-09-01 19:00:00,1.3333333333333333,247.0,764.5666666666666,16.8,31.833333333333332
2024-09-01 20:00:00,1.4166666666666667,234.83333333333334,764.4833333333332,16.383333333333333,32.0
2024-09-01 21:00:00,1.3333333333333333,196.16666666666666,764.5,15.549999999999999,32.166666666666664
2024-09-01 22:00:00,1.6833333333333336,206.0,764.4,15.333333333333334,31.666666666666668
2024-09-01 23:00:00,1.7333333333333334,213.16666666666666,764.4,15.200000000000001,30.5
2024-09-02 00:00:00,1.2333333333333334,236.0,764.3666666666667,15.666666666666666,29.5
2024-09-02 01:00:00,0.7000000000000001,244.16666666666666,764.6,14.950000000000001,29.833333333333332
2024-09-02 02:00:00,0.3666666666666667,241.16666666666666,764.9,14.866666666666667,30.0
2024-09-02 03:00:00,0.05000000000000001,224.83333333333334,765.2333333333332,17.133333333333333,28.0
2024-09-02 04:00:00,1.0833333333333333,239.33333333333334,765.5166666666668,20.083333333333332,23.666666666666668
2024-09-02 05:00:00,2.6666666666666665,237.5,765.85,20.316666666666666,21.666666666666668
2024-09-02 06:00:00,3.0,234.66666666666666,765.8666666666667,21.283333333333335,16.0
2024-09-02 07:00:00,3.85,237.16666666666666,765.6333333333333,22.833333333333332,14.0
2024-09-02 08:00:00,4.533333333333333,236.5,765.4333333333334,23.0,15.0
2024-09-02 09:00:00,4.433333333333334,239.5,765.15,23.650000000000002,15.0
2024-09-02 10:00:00,4.033333333333333,239.16666666666666,764.6999999999999,24.3,14.666666666666666
2024-09-02 11:00:00,4.35,237.5,764.4499999999999,24.53333333333333,14.0
2024-09-02 12:00:00,4.25,242.0,764.3166666666666,24.416666666666668,14.0
2024-09-02 13:00:00,3.766666666666666,241.66666666666666,764.25,23.7,15.0
2024-09-02 14:00:00,3.0,244.83333333333334,764.0500000000001,22.116666666666664,16.166666666666668
2024-09-02 15:00:00,1.4166666666666667,221.16666666666666,764.1833333333334,19.766666666666666,18.833333333333332
2024-09-02 16:00:00,4.6000000000000005,208.66666666666666,764.3666666666667,19.783333333333335,20.0
2024-09-02 17:00:00,1.55,235.5,764.5833333333334,18.016666666666666,21.0
2024-09-02 18:00:00,0.85,211.16666666666666,764.5500000000001,16.099999999999998,23.166666666666668
2024-09-02 19:00:00,1.45,221.66666666666666,764.3666666666667,15.466666666666667,22.0
2024-09-02 20:00:00,1.55,234.0,764.1,16.0,21.5
2024-09-02 21:00:00,1.0833333333333333,221.83333333333334,763.9499999999999,15.683333333333332,22.5
2024-09-02 22:00:00,0.9,234.16666666666666,763.7333333333332,15.833333333333334,21.166666666666668
2024-09-02 23:00:00,2.433333333333333,187.66666666666666,763.4499999999999,15.116666666666667,21.0
2024-09-03 00:00:00,0.6,226.5,763.3333333333334,15.350000000000001,20.833333333333332
2024-09-03 01:00:00,1.9000000000000001,207.66666666666666,763.4833333333332,14.266666666666666,24.333333333333332
2024-09-03 02:00:00,0.9500000000000001,240.5,763.4,14.9,24.833333333333332
2024-09-03 03:00:00,2.1166666666666667,255.16666666666666,763.5333333333333,16.316666666666666,23.5
2024-09-03 04:00:00,2.783333333333333,253.5,763.8166666666666,18.766666666666666,19.0
2024-09-03 05:00:00,3.0,244.0,764.0,20.033333333333335,17.0
2024-09-03 06:00:00,3.4499999999999997,236.16666666666666,763.8833333333333,21.283333333333335,15.5
2024-09-03 07:00:00,3.3833333333333333,228.5,763.8833333333333,22.433333333333334,14.666666666666666
2024-09-03 08:00:00,3.5666666666666664,228.5,763.5666666666666,23.683333333333334,13.666666666666666
2024-09-03 09:00:00,3.75,226.5,763.3666666666667,24.183333333333334,13.166666666666666
2024-09-03 10:00:00,4.1000000000000005,230.66666666666666,763.1333333333333,25.166666666666668,12.0
2024-09-03 11:00:00,4.033333333333334,241.0,762.9333333333334,25.433333333333334,12.0
2024-09-03 12:00:00,4.016666666666667,245.66666666666666,762.9166666666666,25.183333333333334,12.5
2024-09-03 13:00:00,3.6333333333333333,245.0,762.8333333333334,24.53333333333333,13.166666666666666
2024-09-03 14:00:00,3.15,245.83333333333334,762.8333333333334,22.733333333333334,14.666666666666666
2024-09-03 15:00:00,1.8499999999999999,251.16666666666666,763.0500000000001,20.016666666666666,17.666666666666668
2024-09-03 16:00:00,0.7333333333333334,252.0,763.4166666666666,18.866666666666667,19.0
2024-09-03 17:00:00,0.6,251.66666666666666,763.5,18.633333333333333,19.5
2024-09-03 18:00:00,0.25,244.16666666666666,763.5333333333333,18.166666666666668,20.833333333333332
2024-09-03 19:00:00,0.6166666666666667,235.5,763.2833333333333,17.916666666666668,20.166666666666668
2024-09-03 20:00:00,0.5,233.0,763.0,16.650000000000002,21.333333333333332
2024-09-03 21:00:00,0.75,246.33333333333334,762.7333333333332,17.366666666666667,20.166666666666668
2024-09-03 22:00:00,0.35000000000000003,239.83333333333334,762.6,16.316666666666666,20.833333333333332
2024-09-03 23:00:00,0.6,230.5,762.4833333333332,15.933333333333332,21.333333333333332
2024-09-04 00:00:00,1.4000000000000001,235.33333333333334,762.2666666666668,17.25,16.666666666666668
2024-09-04 01:00:00,1.25,251.16666666666666,762.1166666666667,17.583333333333332,15.333333333333334
2024-09-04 02:00:00,0.4166666666666667,246.66666666666666,762.2166666666667,16.116666666666667,18.333333333333332
2024-09-04 03:00:00,0.5333333333333333,245.5,762.2999999999998,19.016666666666666,16.166666666666668
2024-09-04 04:00:00,1.2333333333333334,249.0,762.3166666666666,22.383333333333336,12.166666666666666
2024-09-04 05:00:00,2.766666666666667,237.16666666666666,762.6999999999999,23.166666666666668,11.666666666666666
2024-09-04 06:00:00,3.1166666666666667,230.0,762.7833333333333,23.75,12.0
2024-09-04 07:00:00,3.3000000000000003,231.0,762.6666666666666,24.46666666666667,12.333333333333334
2024-09-04 08:00:00,3.5833333333333335,231.33333333333334,762.3666666666667,25.25,11.5
2024-09-04 09:00:00,4.283333333333333,231.5,761.9666666666667,25.900000000000002,11.0
2024-09-04 10:00:00,4.25,234.83333333333334,761.6999999999999,26.21666666666667,10.833333333333334
2024-09-04 11:00:00,4.1499999999999995,237.0,761.4666666666667,26.083333333333332,11.0
2024-09-04 12:00:00,3.516666666666666,238.66666666666666,761.2999999999998,25.95,11.0
2024-09-04 13:00:00,3.1166666666666667,238.33333333333334,761.1833333333334,25.566666666666666,11.166666666666666
2024-09-04 14:00:00,2.4166666666666665,244.5,761.1500000000001,24.116666666666664,12.333333333333334
2024-09-04 15:00:00,1.4000000000000001,247.16666666666666,761.0666666666666,21.233333333333334,14.833333333333334
2024-09-04 16:00:00,0.85,250.83333333333334,761.1333333333333,20.05,15.5
2024-09-04 17:00:00,0.45,253.0,761.1333333333333,19.21666666666667,16.166666666666668
2024-09-04 18:00:00,0.5333333333333333,249.33333333333334,760.9833333333332,18.533333333333335,16.333333333333332
2024-09-04 19:00:00,0.6,234.33333333333334,760.7999999999998,17.75,17.333333333333332
2024-09-04 20:00:00,0.26666666666666666,231.0,760.6333333333333,17.266666666666666,18.0
2024-09-04 21:00:00,0.8666666666666667,205.0,760.4,17.0,18.166666666666668
2024-09-04 22:00:00,1.1500000000000001,207.33333333333334,759.9666666666667,17.5,17.333333333333332
2024-09-04 23:00:00,1.0833333333333333,225.5,759.8166666666666,17.016666666666666,17.333333333333332
2024-09-05 00:00:00,1.8333333333333333,195.83333333333334,759.8833333333333,15.983333333333334,18.833333333333332
2024-09-05 01:00:00,2.183333333333333,189.16666666666666,760.0500000000001,16.116666666666667,19.333333333333332
2024-09-05 02:00:00,2.033333333333333,190.66666666666666,760.0666666666666,16.2,19.5
2024-09-05 03:00:00,0.2333333333333333,219.16666666666666,760.2833333333333,19.416666666666668,17.5
2024-09-05 04:00:00,0.43333333333333335,250.16666666666666,760.2999999999998,22.78333333333333,14.333333333333334
2024-09-05 05:00:00,2.0333333333333337,248.66666666666666,760.4833333333332,23.28333333333333,12.666666666666666
2024-09-05 06:00:00,2.3833333333333333,232.83333333333334,760.6,25.016666666666666,11.333333333333334
2024-09-05 07:00:00,2.8000000000000003,225.0,760.3833333333333,25.983333333333334,10.0
2024-09-05 08:00:00,3.6,228.5,760.0333333333333,26.45,9.833333333333334
2024-09-05 09:00:00,4.333333333333333,236.5,759.75,27.083333333333332,9.666666666666666
2024-09-05 10:00:00,4.4,241.0,759.3833333333333,27.116666666666664,9.333333333333334
2024-09-05 11:00:00,4.183333333333334,240.66666666666666,759.0666666666666,27.233333333333334,8.0
2024-09-05 12:00:00,3.65,238.16666666666666,759.0500000000001,27.150000000000002,8.0
2024-09-05 13:00:00,2.8166666666666664,240.5,758.8333333333334,26.633333333333336,8.0
2024-09-05 14:00:00,2.35,237.66666666666666,758.7999999999998,24.833333333333332,8.5
2024-09-05 15:00:00,0.5333333333333333,221.0,758.8499999999999,21.183333333333334,11.333333333333334
2024-09-05 16:00:00,1.6333333333333335,225.5,758.8666666666667,20.083333333333332,11.833333333333334
2024-09-05 17:00:00,2.716666666666667,252.33333333333334,758.8333333333334,19.55,18.0
2024-09-05 18:00:00,0.75,232.83333333333334,758.9166666666666,18.349999999999998,19.833333333333332
2024-09-05 19:00:00,0.9666666666666667,236.66666666666666,758.9666666666667,19.283333333333335,12.166666666666666
2024-09-05 20:00:00,0.7666666666666666,235.16666666666666,758.9499999999999,17.8,21.666666666666668
2024-09-05 21:00:00,1.4166666666666667,199.0,758.8166666666666,18.033333333333335,12.833333333333334
2024-09-05 22:00:00,2.9166666666666665,190.16666666666666,758.6500000000001,17.233333333333334,13.166666666666666
2024-09-05 23:00:00,1.1166666666666667,227.66666666666666,758.7000000000002,16.833333333333332,20.666666666666668
2024-09-06 00:00:00,2.25,202.33333333333334,758.7166666666667,17.25,12.5
2024-09-06 01:00:00,0.5666666666666667,221.16666666666666,758.9499999999999,16.916666666666668,11.833333333333334
2024-09-06 02:00:00,0.9666666666666667,224.0,759.3333333333334,16.383333333333336,13.0
2024-09-06 03:00:00,0.3666666666666667,230.16666666666666,759.6833333333334,19.03333333333333,13.333333333333334
2024-09-06 04:00:00,0.11666666666666665,237.83333333333334,759.8499999999999,23.25,9.0
2024-09-06 05:00:00,2.1,244.33333333333334,760.1666666666666,23.5,8.166666666666666
2024-09-06 06:00:00,2.9166666666666665,233.16666666666666,760.4333333333334,23.633333333333336,10.0
2024-09-06 07:00:00,2.5,232.83333333333334,760.2666666666668,24.483333333333334,8.666666666666666
2024-09-06 08:00:00,3.9499999999999997,235.16666666666666,760.1999999999999,25.116666666666664,9.666666666666666
2024-09-06 09:00:00,3.5500000000000003,230.5,760.2666666666668,24.900000000000002,9.666666666666666
2024-09-06 10:00:00,3.1999999999999997,230.16666666666666,760.1666666666666,25.333333333333332,11.0
2024-09-06 11:00:00,3.1999999999999997,226.66666666666666,760.0333333333333,25.183333333333334,12.5
2024-09-06 12:00:00,3.1,236.16666666666666,759.9,25.099999999999998,12.666666666666666
2024-09-06 13:00:00,3.25,247.0,759.9666666666667,24.349999999999998,12.333333333333334
2024-09-06 14:00:00,2.783333333333333,240.5,760.0666666666666,22.883333333333336,12.666666666666666
2024-09-06 15:00:00,1.3499999999999999,244.5,760.5333333333333,18.483333333333334,33.166666666666664
2024-09-06 16:00:00,2.6666666666666665,254.33333333333334,761.2833333333333,15.816666666666668,48.666666666666664
2024-09-06 17:00:00,2.9,251.33333333333334,761.5,14.85,53.5
2024-09-06 18:00:00,3.266666666666667,246.83333333333334,761.5,14.583333333333334,52.5
2024-09-06 19:00:00,3.516666666666667,246.16666666666666,761.5666666666666,14.383333333333333,52.666666666666664
2024-09-06 20:00:00,3.033333333333333,244.33333333333334,761.6833333333334,14.049999999999999,54.666666666666664
2024-09-06 21:00:00,2.8000000000000003,252.66666666666666,761.6500000000001,13.516666666666666,56.166666666666664
2024-09-06 22:00:00,2.783333333333333,254.33333333333334,761.6166666666667,12.866666666666667,58.833333333333336
2024-09-06 23:00:00,2.35,257.0,761.4833333333332,12.583333333333334,59.0
2024-09-07 00:00:00,2.8333333333333335,253.16666666666666,761.6,12.450000000000001,58.333333333333336
2024-09-07 01:00:00,2.283333333333333,250.33333333333334,761.7833333333333,12.316666666666668,58.333333333333336
2024-09-07 02:00:00,1.8499999999999999,255.0,762.2666666666668,11.683333333333332,63.833333333333336
2024-09-07 03:00:00,1.55,251.0,762.6,13.966666666666667,55.5
2024-09-07 04:00:00,1.25,241.33333333333334,762.75,17.966666666666665,39.833333333333336
2024-09-07 05:00:00,2.2333333333333334,226.83333333333334,763.1500000000001,19.349999999999998,29.5
2024-09-07 06:00:00,2.316666666666667,228.33333333333334,763.1833333333334,20.466666666666665,30.166666666666668
2024-09-07 07:00:00,2.75,234.83333333333334,763.0166666666668,21.05,31.166666666666668
2024-09-07 08:00:00,3.8333333333333335,237.33333333333334,762.6833333333334,21.75,31.5
2024-09-07 09:00:00,3.966666666666667,232.66666666666666,762.6,21.633333333333336,34.5
2024-09-07 10:00:00,3.733333333333333,228.66666666666666,762.4499999999999,22.099999999999998,33.666666666666664
2024-09-07 11:00:00,2.9333333333333336,228.0,762.2666666666668,22.266666666666666,33.166666666666664
2024-09-07 12:00:00,3.0666666666666664,237.0,762.2333333333332,22.433333333333334,32.0
2024-09-07 13:00:00,2.983333333333333,234.33333333333334,762.3833333333333,21.683333333333334,32.666666666666664
2024-09-07 14:00:00,2.716666666666667,236.83333333333334,762.4333333333334,20.25,33.333333333333336
2024-09-07 15:00:00,1.4833333333333334,245.83333333333334,762.6999999999999,17.366666666666667,45.166666666666664
2024-09-07 16:00:00,0.9833333333333333,248.66666666666666,763.1999999999999,14.833333333333334,59.333333333333336
2024-09-07 17:00:00,0.7833333333333333,251.83333333333334,763.5666666666666,13.933333333333332,63.0
2024-09-07 18:00:00,0.9333333333333332,248.33333333333334,763.7000000000002,13.5,66.0
2024-09-07 19:00:00,0.8833333333333333,248.16666666666666,763.6666666666666,13.1,67.33333333333333
2024-09-07 20:00:00,0.35000000000000003,229.0,763.4499999999999,14.4,50.5
2024-09-07 21:00:00,0.8166666666666668,227.66666666666666,763.2166666666667,14.450000000000001,47.333333333333336
2024-09-07 22:00:00,0.7166666666666667,211.66666666666666,763.1,14.1,48.0
2024-09-07 23:00:00,0.43333333333333335,239.5,762.8833333333333,14.283333333333333,47.166666666666664
2024-09-08 00:00:00,0.4666666666666666,231.16666666666666,762.8499999999999,13.4,49.333333333333336
2024-09-08 01:00:00,0.4166666666666667,214.5,762.9333333333334,12.799999999999999,50.666666666666664
2024-09-08 02:00:00,0.5833333333333334,228.66666666666666,763.1833333333334,13.233333333333334,51.0
2024-09-08 03:00:00,1.6500000000000001,254.5,763.5500000000001,14.966666666666667,47.666666666666664
2024-09-08 04:00:00,2.6833333333333336,245.5,763.9666666666667,17.150000000000002,43.333333333333336
2024-09-08 05:00:00,2.783333333333333,233.5,764.3666666666667,18.083333333333332,41.833333333333336
2024-09-08 06:00:00,2.716666666666667,227.33333333333334,764.3666666666667,19.150000000000002,39.833333333333336
2024-09-08 07:00:00,3.0500000000000003,232.0,764.1666666666666,20.05,38.333333333333336
2024-09-08 08:00:00,3.766666666666667,232.33333333333334,764.0,20.7,37.833333333333336
2024-09-08 09:00:00,3.65,232.16666666666666,763.7833333333333,21.400000000000002,37.666666666666664
2024-09-08 10:00:00,3.9,234.66666666666666,763.5166666666668,22.066666666666666,37.0
2024-09-08 11:00:00,3.85,232.16666666666666,763.3666666666667,21.95,37.0
2024-09-08 12:00:00,3.6666666666666665,230.0,763.3666666666667,21.650000000000002,37.166666666666664
2024-09-08 13:00:00,3.3833333333333333,240.83333333333334,763.4833333333332,21.033333333333335,38.5
2024-09-08 14:00:00,2.8833333333333333,244.16666666666666,763.6166666666667,19.566666666666666,41.666666666666664
2024-09-08 15:00:00,0.9333333333333332,231.0,763.8166666666666,17.833333333333332,42.166666666666664
2024-09-08 16:00:00,0.6166666666666666,220.16666666666666,764.0666666666666,17.099999999999998,37.5
2024-09-08 17:00:00,0.5666666666666667,226.83333333333334,764.2166666666667,16.583333333333332,37.0
2024-09-08 18:00:00,0.6,228.83333333333334,764.3499999999999,16.083333333333332,37.166666666666664
2024-09-08 19:00:00,0.55,224.33333333333334,764.25,15.549999999999999,37.0
2024-09-08 20:00:00,1.3666666666666665,238.33333333333334,764.1666666666666,14.816666666666668,39.0
2024-09-08 21:00:00,1.4666666666666668,225.16666666666666,764.0,14.5,41.166666666666664
2024-09-08 22:00:00,0.43333333333333335,241.5,763.9333333333334,14.683333333333332,46.166666666666664
2024-09-08 23:00:00,0.5666666666666667,243.33333333333334,763.9,14.466666666666667,50.5
2024-09-09 00:00:00,0.4000000000000001,222.0,763.9333333333334,13.966666666666667,51.5
2024-09-09 01:00:00,1.3666666666666665,206.16666666666666,764.15,13.433333333333332,51.166666666666664
2024-09-09 02:00:00,1.2,213.83333333333334,764.5500000000001,13.466666666666667,52.166666666666664
2024-09-09 03:00:00,0.3,234.5,764.6833333333334,15.85,46.5
2024-09-09 04:00:00,1.0166666666666666,221.83333333333334,764.8000000000001,18.366666666666667,38.833333333333336
2024-09-09 05:00:00,1.7166666666666668,239.5,765.1666666666666,19.349999999999998,37.166666666666664
2024-09-09 06:00:00,2.5166666666666666,240.83333333333334,765.2333333333332,20.816666666666666,34.5
2024-09-09 07:00:00,3.1166666666666667,229.5,765.0333333333333,21.633333333333336,32.333333333333336
2024-09-09 08:00:00,3.733333333333333,235.33333333333334,764.6833333333334,22.333333333333332,30.0
2024-09-09 09:00:00,4.1499999999999995,234.5,764.3833333333333,22.900000000000002,30.5
2024-09-09 10:00:00,4.166666666666667,238.66666666666666,764.0,23.099999999999998,30.333333333333332
2024-09-09 11:00:00,4.1499999999999995,235.16666666666666,763.7166666666667,23.116666666666664,30.166666666666668
2024-09-09 12:00:00,4.183333333333334,235.5,763.6,22.483333333333334,31.666666666666668
2024-09-09 13:00:00,3.5666666666666664,246.16666666666666,763.5833333333334,21.166666666666668,34.5
2024-09-09 14:00:00,2.9,238.33333333333334,763.6833333333334,20.083333333333332,37.166666666666664
2024-09-09 15:00:00,1.75,244.66666666666666,764.0,18.866666666666667,40.0
2024-09-09 16:00:00,0.11666666666666665,242.83333333333334,764.35,17.5,43.166666666666664
2024-09-09 17:00:00,0.3333333333333333,213.0,764.5,16.433333333333334,45.166666666666664
2024-09-09 18:00:00,0.8666666666666667,220.16666666666666,764.3666666666667,16.25,37.333333333333336
2024-09-09 19:00:00,1.25,231.0,764.0500000000001,16.25,30.333333333333332
2024-09-09 20:00:00,1.45,245.33333333333334,763.7833333333333,15.883333333333333,30.5
2024-09-09 21:00:00,1.3666666666666665,237.83333333333334,763.7000000000002,15.733333333333334,31.666666666666668
2024-09-09 22:00:00,0.9833333333333334,214.16666666666666,763.6,15.883333333333333,30.333333333333332
2024-09-09 23:00:00,0.85,232.0,763.5166666666668,15.283333333333333,34.166666666666664
2024-09-10 00:00:00,1.3666666666666665,249.66666666666666,763.5833333333334,14.9,38.166666666666664
2024-09-10 01:00:00,1.8333333333333333,251.16666666666666,763.7833333333333,14.9,43.166666666666664
2024-09-10 02:00:00,2.0166666666666666,244.5,763.9166666666666,14.916666666666666,45.166666666666664
2024-09-10 03:00:00,2.5500000000000003,258.6666666666667,764.0500000000001,15.799999999999999,44.833333333333336
2024-09-10 04:00:00,3.4,256.5,764.1,17.849999999999998,37.833333333333336
2024-09-10 05:00:00,2.9333333333333336,239.66666666666666,764.2666666666668,19.383333333333333,34.0
2024-09-10 06:00:00,3.0500000000000003,230.66666666666666,764.3000000000001,20.816666666666666,30.833333333333332
2024-09-10 07:00:00,3.8333333333333335,237.33333333333334,763.9833333333332,21.96666666666667,27.833333333333332
2024-09-10 08:00:00,4.45,236.83333333333334,763.7333333333332,22.816666666666666,26.833333333333332
2024-09-10 09:00:00,4.5,235.0,763.3000000000001,23.7,25.166666666666668
2024-09-10 10:00:00,5.1000000000000005,244.66666666666666,762.7666666666668,24.016666666666666,24.166666666666668
2024-09-10 11:00:00,5.016666666666667,237.5,762.4333333333334,24.03333333333333,24.0
2024-09-10 12:00:00,4.6,240.16666666666666,762.4833333333332,23.633333333333336,24.5
2024-09-10 13:00:00,4.083333333333333,241.83333333333334,762.6166666666667,22.75,25.666666666666668
2024-09-10 14:00:00,2.8833333333333333,243.16666666666666,762.7833333333333,21.016666666666666,28.166666666666668
2024-09-10 15:00:00,1.7166666666666668,220.0,763.1666666666666,19.45,29.166666666666668
2024-09-10 16:00:00,5.383333333333333,210.83333333333334,763.3499999999999,19.28333333333333,27.666666666666668
2024-09-10 17:00:00,5.75,210.0,763.4499999999999,19.066666666666666,27.5
2024-09-10 18:00:00,7.066666666666666,198.33333333333334,763.2833333333333,19.183333333333334,25.833333333333332
2024-09-10 19:00:00,6.683333333333334,195.0,762.9833333333332,19.016666666666666,25.333333333333332
2024-09-10 20:00:00,3.8000000000000003,219.5,762.7999999999998,18.333333333333332,27.166666666666668
2024-09-10 21:00:00,1.05,219.16666666666666,762.6333333333333,17.5,29.166666666666668
2024-09-10 22:00:00,1.4166666666666667,219.66666666666666,762.5166666666668,16.466666666666665,32.166666666666664
2024-09-10 23:00:00,1.3666666666666665,220.0,762.4833333333332,15.700000000000001,34.166666666666664
2024-09-11 00:00:00,0.7999999999999999,240.33333333333334,762.4499999999999,15.516666666666666,36.0
2024-09-11 01:00:00,0.31666666666666665,225.83333333333334,762.4833333333332,14.133333333333333,40.0
2024-09-11 02:00:00,1.0666666666666667,242.66666666666666,762.6166666666667,15.566666666666668,37.5
2024-09-11 03:00:00,0.9,245.0,762.9333333333334,17.283333333333335,34.666666666666664
2024-09-11 04:00:00,2.2666666666666666,252.5,763.0666666666666,19.516666666666666,30.0
2024-09-11 05:00:00,2.733333333333333,246.0,763.2333333333332,20.733333333333334,28.0
2024-09-11 06:00:00,3.733333333333333,235.0,763.2166666666667,21.666666666666668,26.666666666666668
2024-09-11 07:00:00,4.416666666666667,241.0,763.0333333333333,23.083333333333332,23.833333333333332
2024-09-11 08:00:00,4.633333333333334,236.33333333333334,762.8666666666667,23.783333333333335,22.333333333333332
2024-09-11 09:00:00,4.25,238.33333333333334,762.7166666666667,24.21666666666667,19.833333333333332
2024-09-11 10:00:00,4.1499999999999995,233.16666666666666,762.3666666666667,24.46666666666667,18.5
2024-09-11 11:00:00,4.05,235.5,762.2333333333332,24.616666666666664,19.0
2024-09-11 12:00:00,4.1499999999999995,241.16666666666666,762.1,24.316666666666666,20.0
2024-09-11 13:00:00,3.533333333333333,242.66666666666666,762.1500000000001,23.5,20.666666666666668
2024-09-11 14:00:00,2.35,240.16666666666666,762.2666666666668,21.78333333333333,22.0
2024-09-11 15:00:00,1.3833333333333335,232.66666666666666,762.4,20.150000000000002,24.333333333333332
2024-09-11 16:00:00,0.31666666666666665,210.16666666666666,762.6333333333333,19.099999999999998,26.166666666666668
2024-09-11 17:00:00,1.0666666666666667,201.0,762.6166666666667,18.85,26.5
2024-09-11 18:00:00,1.5,223.0,762.4499999999999,17.7,29.0
2024-09-11 19:00:00,1.8,247.83333333333334,761.9333333333334,17.55,29.5
2024-09-11 20:00:00,0.9666666666666667,214.83333333333334,761.7833333333333,17.066666666666666,29.333333333333332
2024-09-11 21:00:00,2.8666666666666667,194.0,761.5500000000001,17.216666666666665,28.333333333333332
2024-09-11 22:00:00,0.45,225.83333333333334,761.5333333333333,16.483333333333334,28.5
2024-09-11 23:00:00,1.4833333333333334,216.33333333333334,761.6500000000001,16.833333333333332,29.333333333333332
2024-09-12 00:00:00,2.1166666666666667,209.16666666666666,761.5333333333333,17.066666666666666,28.333333333333332
2024-09-12 01:00:00,0.7666666666666666,217.16666666666666,761.5500000000001,16.51666666666667,29.833333333333332
2024-09-12 02:00:00,0.0,222.5,761.7333333333332,15.433333333333332,31.333333333333332
2024-09-12 03:00:00,0.15,245.33333333333334,761.8333333333334,18.150000000000002,27.666666666666668
2024-09-12 04:00:00,1.6166666666666665,248.83333333333334,761.9333333333334,20.849999999999998,22.5
2024-09-12 05:00:00,2.0833333333333335,231.5,762.0,22.266666666666666,19.0
2024-09-12 06:00:00,3.466666666666667,231.5,762.0666666666666,23.233333333333334,16.833333333333332
2024-09-12 07:00:00,4.066666666666666,232.83333333333334,761.8499999999999,24.03333333333333,16.0
2024-09-12 08:00:00,4.283333333333333,242.0,761.65,24.71666666666667,15.333333333333334
2024-09-12 09:00:00,3.6333333333333333,235.5,761.3333333333334,25.150000000000002,14.666666666666666
2024-09-12 10:00:00,3.483333333333333,234.33333333333334,760.85,25.566666666666666,14.0
2024-09-12 11:00:00,3.9499999999999997,236.83333333333334,760.5666666666666,25.2,14.166666666666666
2024-09-12 12:00:00,3.3333333333333335,238.66666666666666,760.4166666666666,24.566666666666666,14.333333333333334
2024-09-12 13:00:00,3.3833333333333333,241.66666666666666,760.4,24.46666666666667,14.333333333333334
2024-09-12 14:00:00,2.733333333333333,239.16666666666666,760.5166666666668,22.633333333333336,16.166666666666668
2024-09-12 15:00:00,0.8999999999999999,241.83333333333334,760.6166666666667,20.466666666666665,19.0
2024-09-12 16:00:00,0.9833333333333334,219.83333333333334,760.7833333333333,18.616666666666667,21.333333333333332
2024-09-12 17:00:00,1.8,237.66666666666666,760.6999999999999,18.03333333333333,25.666666666666668
2024-09-12 18:00:00,1.8499999999999999,243.16666666666666,760.5166666666668,17.566666666666666,30.0
2024-09-12 19:00:00,1.55,232.5,760.4499999999999,18.05,25.833333333333332
2024-09-12 20:00:00,0.7166666666666667,238.5,760.2833333333333,17.883333333333336,21.833333333333332
2024-09-12 21:00:00,0.7333333333333334,237.5,760.0833333333334,17.283333333333335,22.666666666666668
2024-09-12 22:00:00,0.6166666666666667,225.5,759.8499999999999,16.25,24.5
2024-09-12 23:00:00,0.7166666666666668,223.16666666666666,759.7166666666667,16.400000000000002,23.5
2024-09-13 00:00:00,0.9833333333333334,224.33333333333334,759.6666666666666,15.816666666666668,24.5
2024-09-13 01:00:00,1.5666666666666667,203.0,759.7833333333333,15.383333333333333,25.333333333333332
2024-09-13 02:00:00,0.4666666666666666,227.5,759.9499999999999,15.5,25.0
2024-09-13 03:00:00,1.6833333333333333,247.66666666666666,759.9333333333334,17.75,23.333333333333332
2024-09-13 04:00:00,1.7166666666666668,230.33333333333334,759.8166666666666,21.150000000000002,19.333333333333332
2024-09-13 05:00:00,1.9833333333333334,231.0,759.8666666666667,22.566666666666666,17.0
2024-09-13 06:00:00,2.9,232.5,759.8499999999999,22.233333333333334,18.833333333333332
2024-09-13 07:00:00,3.1333333333333333,228.0,759.6833333333334,23.133333333333336,17.333333333333332
2024-09-13 08:00:00,3.4499999999999997,235.33333333333334,759.4499999999999,23.96666666666667,16.333333333333332
2024-09-13 09:00:00,3.6333333333333333,243.33333333333334,759.1333333333333,24.3,17.0
2024-09-13 10:00:00,2.716666666666667,231.66666666666666,758.6666666666666,24.400000000000002,17.166666666666668
2024-09-13 11:00:00,3.8166666666666664,241.16666666666666,758.3666666666667,24.900000000000002,16.0
2024-09-13 12:00:00,3.8000000000000003,241.5,758.2666666666668,24.666666666666668,16.0
2024-09-13 13:00:00,3.1999999999999997,246.66666666666666,758.1,23.7,16.333333333333332
2024-09-13 14:00:00,2.6,233.16666666666666,758.1,20.833333333333332,26.333333333333332
2024-09-13 15:00:00,2.4833333333333334,248.33333333333334,758.0166666666668,18.333333333333332,38.0
2024-09-13 16:00:00,8.450000000000001,198.16666666666666,757.9166666666666,17.733333333333334,40.166666666666664
2024-09-13 17:00:00,5.033333333333333,216.33333333333334,758.9833333333332,17.55,38.166666666666664
2024-09-13 18:00:00,7.233333333333333,203.66666666666666,759.0166666666668,15.183333333333332,55.666666666666664
2024-09-13 19:00:00,12.016666666666666,199.0,758.1333333333333,14.15,61.166666666666664
2024-09-13 20:00:00,11.716666666666667,200.66666666666666,757.9499999999999,13.833333333333334,60.0
2024-09-13 21:00:00,11.916666666666666,195.66666666666666,757.6666666666666,13.733333333333334,52.833333333333336
2024-09-13 22:00:00,9.866666666666667,194.16666666666666,757.5166666666668,14.5,47.0
2024-09-13 23:00:00,9.966666666666667,195.0,757.4,14.783333333333333,45.0
2024-09-14 00:00:00,9.483333333333333,194.66666666666666,757.2666666666668,14.9,43.333333333333336
2024-09-14 01:00:00,8.766666666666667,192.16666666666666,757.3833333333333,14.6,43.166666666666664
2024-09-14 02:00:00,9.833333333333334,195.33333333333334,757.5833333333334,14.233333333333334,45.0
2024-09-14 03:00:00,9.5,194.5,757.7333333333332,14.416666666666666,46.666666666666664
2024-09-14 04:00:00,4.383333333333333,212.83333333333334,757.8333333333334,16.8,39.5
2024-09-14 05:00:00,1.0666666666666667,228.66666666666666,757.9,19.416666666666668,33.333333333333336
2024-09-14 06:00:00,2.3833333333333333,231.33333333333334,757.8666666666667,19.083333333333332,34.333333333333336
2024-09-14 07:00:00,3.1833333333333336,243.0,757.6666666666666,18.55,35.166666666666664
2024-09-14 08:00:00,4.416666666666667,243.16666666666666,757.5666666666666,20.566666666666666,32.833333333333336
2024-09-14 09:00:00,3.8166666666666664,241.16666666666666,757.0833333333334,20.733333333333334,32.5
2024-09-14 10:00:00,4.133333333333334,242.5,756.8333333333334,21.05,31.666666666666668
2024-09-14 11:00:00,4.65,242.83333333333334,756.7666666666668,21.05,30.166666666666668
2024-09-14 12:00:00,4.683333333333334,247.16666666666666,756.8333333333334,20.599999999999998,30.833333333333332
2024-09-14 13:00:00,6.783333333333334,208.33333333333334,756.9833333333332,17.433333333333334,40.833333333333336
2024-09-14 14:00:00,5.733333333333333,208.83333333333334,757.1999999999999,16.033333333333335,43.166666666666664
2024-09-14 15:00:00,4.966666666666667,205.66666666666666,757.4833333333332,14.950000000000001,45.333333333333336
2024-09-14 16:00:00,10.016666666666667,198.66666666666666,757.7666666666668,13.583333333333334,49.833333333333336
2024-09-14 17:00:00,9.833333333333334,203.66666666666666,758.2166666666667,11.266666666666666,65.83333333333333
2024-09-14 18:00:00,7.333333333333333,208.0,758.6166666666667,10.35,79.66666666666667
2024-09-14 19:00:00,4.55,224.16666666666666,759.25,9.633333333333333,77.66666666666667
2024-09-14 20:00:00,3.8666666666666667,209.83333333333334,758.4833333333332,11.366666666666667,56.0
2024-09-14 21:00:00,0.9333333333333332,241.5,758.4499999999999,10.700000000000001,69.33333333333333
2024-09-14 22:00:00,1.633333333333333,235.0,758.1999999999999,10.966666666666667,69.5
2024-09-14 23:00:00,2.1333333333333333,242.66666666666666,757.8333333333334,9.75,99.0
2024-09-15 00:00:00,1.1166666666666667,238.16666666666666,757.8166666666666,9.216666666666667,97.0
2024-09-15 01:00:00,3.233333333333333,234.0,757.9666666666667,10.633333333333333,71.5
2024-09-15 02:00:00,6.25,224.33333333333334,757.9333333333334,10.933333333333332,56.5
2024-09-15 03:00:00,5.333333333333333,213.5,758.0333333333333,11.200000000000001,55.333333333333336
2024-09-15 04:00:00,1.8499999999999999,225.0,758.2833333333333,12.433333333333332,63.666666666666664
2024-09-15 05:00:00,2.1333333333333333,252.66666666666666,758.5500000000001,14.083333333333334,58.666666666666664
2024-09-15 06:00:00,2.2333333333333334,237.0,758.5666666666666,16.116666666666667,49.833333333333336
2024-09-15 07:00:00,3.3000000000000003,226.33333333333334,758.3666666666667,17.166666666666668,47.333333333333336
2024-09-15 08:00:00,3.4333333333333336,235.16666666666666,758.1666666666666,17.45,44.666666666666664
2024-09-15 09:00:00,3.683333333333333,242.0,757.8333333333334,16.2,51.166666666666664
2024-09-15 10:00:00,7.116666666666667,199.0,757.6666666666666,11.183333333333332,76.83333333333333
2024-09-15 11:00:00,8.683333333333334,206.83333333333334,757.9833333333332,8.816666666666666,93.16666666666667
2024-09-15 12:00:00,9.416666666666666,197.83333333333334,757.8000000000001,11.116666666666667,75.16666666666667
2024-09-15 13:00:00,3.6833333333333336,221.33333333333334,758.0166666666668,12.75,59.166666666666664
2024-09-15 14:00:00,1.7,252.83333333333334,758.1,11.316666666666668,71.5
2024-09-15 15:00:00,3.183333333333333,229.33333333333334,758.85,9.950000000000001,85.33333333333333
2024-09-15 16:00:00,2.1333333333333333,247.33333333333334,758.5666666666666,9.4,89.66666666666667
2024-09-15 17:00:00,2.066666666666667,244.33333333333334,758.8000000000001,9.6,96.0
2024-09-15 18:00:00,0.8333333333333334,244.83333333333334,758.7000000000002,10.116666666666665,85.5
2024-09-15 19:00:00,0.9500000000000001,245.16666666666666,758.4499999999999,11.0,80.33333333333333
2024-09-15 20:00:00,2.5833333333333335,240.5,758.15,10.0,93.33333333333333
2024-09-15 21:00:00,2.8833333333333333,237.83333333333334,758.6166666666667,7.366666666666667,94.66666666666666
2024-09-15 22:00:00,1.4666666666666668,239.0,758.5666666666666,8.35,96.0
2024-09-15 23:00:00,2.15,245.33333333333334,758.25,8.35,
2024-09-16 00:00:00,1.3666666666666665,240.83333333333334,758.35,8.1,
2024-09-16 01:00:00,0.15,219.66666666666666,758.1833333333334,8.4,100.0
2024-09-16 02:00:00,0.09999999999999999,228.33333333333334,758.2833333333333,8.8,100.0
2024-09-16 03:00:00,0.0,198.66666666666666,758.6166666666667,10.133333333333333,97.66666666666667
2024-09-16 04:00:00,0.7166666666666667,240.5,758.8666666666667,11.983333333333334,74.16666666666667
2024-09-16 05:00:00,2.05,238.83333333333334,759.1833333333334,12.933333333333332,70.33333333333333
2024-09-16 06:00:00,1.8833333333333335,220.5,759.2666666666668,14.016666666666666,64.5
2024-09-16 07:00:00,2.1666666666666665,218.16666666666666,759.1166666666667,15.033333333333333,63.0
2024-09-16 08:00:00,2.5666666666666664,226.66666666666666,759.0833333333334,15.950000000000001,58.5
2024-09-16 09:00:00,3.3666666666666667,226.5,758.9333333333334,16.75,55.333333333333336
2024-09-16 10:00:00,3.5,228.0,758.75,17.349999999999998,53.0
2024-09-16 11:00:00,3.9166666666666665,248.0,758.6833333333334,17.533333333333335,52.833333333333336
2024-09-16 12:00:00,3.1999999999999997,242.16666666666666,758.75,16.733333333333334,54.666666666666664
2024-09-16 13:00:00,2.75,244.16666666666666,759.0500000000001,15.866666666666667,57.333333333333336
2024-09-16 14:00:00,2.0500000000000003,240.83333333333334,759.25,14.916666666666666,59.833333333333336
2024-09-16 15:00:00,0.31666666666666665,244.0,759.3833333333333,13.65,67.5
2024-09-16 16:00:00,1.2833333333333332,222.0,759.6500000000001,12.9,79.83333333333333
2024-09-16 17:00:00,0.9499999999999998,234.16666666666666,759.7833333333333,12.433333333333332,79.5
2024-09-16 18:00:00,0.8666666666666667,248.66666666666666,760.1166666666667,12.533333333333333,74.0
2024-09-16 19:00:00,0.23333333333333336,210.66666666666666,760.1166666666667,11.450000000000001,90.33333333333333
2024-09-16 20:00:00,1.6833333333333333,190.16666666666666,760.1833333333334,11.166666666666666,90.66666666666667
2024-09-16 21:00:00,1.3666666666666665,202.83333333333334,760.0833333333334,11.1,87.83333333333333
2024-09-16 22:00:00,2.016666666666667,212.83333333333334,759.9499999999999,12.1,72.33333333333333
2024-09-16 23:00:00,1.25,237.16666666666666,759.75,11.9,73.5
2024-09-17 00:00:00,1.1666666666666667,233.5,759.8333333333334,11.416666666666666,74.16666666666667
2024-09-17 01:00:00,0.7333333333333334,215.33333333333334,759.9833333333332,10.533333333333333,83.16666666666667
2024-09-17 02:00:00,0.7166666666666667,221.33333333333334,760.2833333333333,10.5,83.16666666666667
2024-09-17 03:00:00,0.0,242.16666666666666,760.4833333333332,13.283333333333333,62.666666666666664
2024-09-17 04:00:00,2.0833333333333335,236.83333333333334,760.7833333333333,14.666666666666666,58.166666666666664
2024-09-17 05:00:00,2.2666666666666666,222.16666666666666,761.2333333333332,15.433333333333332,56.5
2024-09-17 06:00:00,2.4499999999999997,221.66666666666666,761.4666666666667,16.616666666666667,53.166666666666664
2024-09-17 07:00:00,2.65,226.0,761.4166666666666,17.55,50.333333333333336
2024-09-17 08:00:00,3.1333333333333333,230.16666666666666,761.25,18.566666666666666,46.666666666666664
2024-09-17 09:00:00,3.4499999999999997,229.33333333333334,760.9,19.183333333333334,45.166666666666664
2024-09-17 10:00:00,3.6666666666666665,227.0,760.5833333333334,19.45,43.666666666666664
2024-09-17 11:00:00,3.466666666666667,228.16666666666666,760.4166666666666,19.75,41.333333333333336
2024-09-17 12:00:00,4.166666666666667,237.5,760.1333333333333,19.849999999999998,38.0
2024-09-17 13:00:00,4.05,244.16666666666666,760.0166666666668,19.45,36.0
2024-09-17 14:00:00,3.1833333333333336,245.5,760.1500000000001,17.816666666666666,38.0
2024-09-17 15:00:00,1.3,225.66666666666666,760.4499999999999,16.183333333333334,47.833333333333336
2024-09-17 16:00:00,1.8166666666666667,188.33333333333334,760.75,15.016666666666666,55.333333333333336
2024-09-17 17:00:00,0.75,214.66666666666666,760.7833333333333,14.733333333333334,50.333333333333336
2024-09-17 18:00:00,0.3166666666666667,245.83333333333334,760.6500000000001,14.15,53.166666666666664
2024-09-17 19:00:00,0.45,215.5,760.5,13.6,56.0
2024-09-17 20:00:00,0.6,206.66666666666666,760.3833333333333,13.049999999999999,60.833333333333336
2024-09-17 21:00:00,0.8666666666666667,210.5,760.4333333333334,12.566666666666668,64.66666666666667
2024-09-17 22:00:00,0.8833333333333333,241.83333333333334,760.2333333333332,12.283333333333333,64.33333333333333
2024-09-17 23:00:00,1.3833333333333335,250.0,760.1,10.799999999999999,80.33333333333333
2024-09-18 00:00:00,1.8,253.0,759.8499999999999,9.733333333333333,98.0
2024-09-18 01:00:00,1.7833333333333332,257.0,759.9,9.483333333333333,100.0
2024-09-18 02:00:00,1.7,252.5,760.1,9.533333333333333,97.83333333333333
2024-09-18 03:00:00,0.65,251.83333333333334,760.2666666666668,11.516666666666666,83.0
2024-09-18 04:00:00,0.3666666666666667,240.5,760.5333333333333,15.466666666666667,58.333333333333336
2024-09-18 05:00:00,2.3000000000000003,220.33333333333334,760.7833333333333,16.8,46.333333333333336
2024-09-18 06:00:00,2.9,222.5,760.8833333333333,17.516666666666666,43.5
2024-09-18 07:00:00,3.466666666666667,228.16666666666666,760.7333333333332,18.349999999999998,41.666666666666664
2024-09-18 08:00:00,3.75,236.33333333333334,760.4666666666667,18.883333333333333,39.5
2024-09-18 09:00:00,3.733333333333333,230.66666666666666,760.1333333333333,19.3,38.833333333333336
2024-09-18 10:00:00,4.333333333333333,235.66666666666666,759.7666666666668,19.433333333333334,37.833333333333336
2024-09-18 11:00:00,3.6999999999999997,233.0,759.5333333333333,19.46666666666667,36.833333333333336
2024-09-18 12:00:00,3.15,239.0,759.5666666666666,19.283333333333335,36.666666666666664
2024-09-18 13:00:00,2.9,243.16666666666666,759.75,17.933333333333334,39.666666666666664
2024-09-18 14:00:00,1.7833333333333332,231.83333333333334,760.0500000000001,15.533333333333333,54.0
2024-09-18 15:00:00,2.0166666666666666,254.66666666666666,760.5333333333333,13.083333333333334,69.33333333333333
2024-09-18 16:00:00,2.4,253.66666666666666,760.9499999999999,12.5,72.33333333333333
2024-09-18 17:00:00,2.6333333333333333,253.16666666666666,761.1,12.416666666666666,72.33333333333333
2024-09-18 18:00:00,2.5500000000000003,256.1666666666667,761.0500000000001,12.216666666666667,73.83333333333333
2024-09-18 19:00:00,2.1666666666666665,250.16666666666666,760.6666666666666,11.883333333333333,76.83333333333333
2024-09-18 20:00:00,1.7166666666666668,253.33333333333334,760.4666666666667,11.6,79.33333333333333
2024-09-18 21:00:00,1.6333333333333335,243.0,760.6166666666667,11.466666666666667,80.83333333333333
2024-09-18 22:00:00,1.9833333333333334,252.0,760.4666666666667,10.916666666666666,89.66666666666667
2024-09-18 23:00:00,1.5,251.16666666666666,760.3166666666666,11.116666666666667,87.0
2024-09-19 00:00:00,1.1666666666666667,251.5,760.4333333333334,10.633333333333333,90.33333333333333
2024-09-19 01:00:00,2.1,254.16666666666666,760.4666666666667,9.65,99.5
2024-09-19 02:00:00,0.8000000000000002,255.16666666666666,760.5333333333333,9.583333333333334,99.5
2024-09-19 03:00:00,0.9333333333333332,253.83333333333334,760.6166666666667,11.333333333333334,81.33333333333333
2024-09-19 04:00:00,0.25,231.5,760.9499999999999,14.4,60.166666666666664
2024-09-19 05:00:00,0.9,225.33333333333334,761.4,15.783333333333333,50.166666666666664
2024-09-19 06:00:00,1.8333333333333333,221.83333333333334,761.6500000000001,16.75,45.0
2024-09-19 07:00:00,2.733333333333333,227.16666666666666,761.3000000000001,16.883333333333333,45.833333333333336
2024-09-19 08:00:00,2.25,229.16666666666666,761.0,17.116666666666667,45.0
2024-09-19 09:00:00,3.3499999999999996,239.5,760.4666666666667,17.78333333333333,44.833333333333336
2024-09-19 10:00:00,2.85,235.83333333333334,759.9833333333332,18.883333333333336,43.0
2024-09-19 11:00:00,3.3166666666666664,240.33333333333334,759.9499999999999,19.233333333333334,41.666666666666664
2024-09-19 12:00:00,3.4,243.0,760.1666666666666,18.366666666666667,42.5
2024-09-19 13:00:00,3.3000000000000003,246.66666666666666,760.3333333333334,16.883333333333333,46.0
2024-09-19 14:00:00,2.216666666666667,242.0,760.25,15.716666666666669,49.333333333333336
2024-09-19 15:00:00,1.5,249.83333333333334,760.5666666666666,14.883333333333333,53.0
2024-09-19 16:00:00,0.11666666666666668,239.5,760.8833333333333,14.200000000000001,56.833333333333336
2024-09-19 17:00:00,0.43333333333333335,242.33333333333334,761.0166666666668,13.0,64.83333333333333
2024-09-19 18:00:00,0.3499999999999999,227.83333333333334,761.0333333333333,13.116666666666667,61.833333333333336
2024-09-19 19:00:00,1.0,213.0,760.9333333333334,13.299999999999999,58.5
2024-09-19 20:00:00,0.5333333333333333,233.83333333333334,760.5833333333334,12.866666666666667,59.833333333333336
2024-09-19 21:00:00,0.18333333333333335,239.16666666666666,760.4833333333332,12.5,61.666666666666664
2024-09-19 22:00:00,0.3666666666666667,216.83333333333334,760.4,11.933333333333332,65.5
2024-09-19 23:00:00,0.25,242.66666666666666,760.2333333333332,12.116666666666667,64.0
2024-09-20 00:00:00,0.8666666666666667,224.83333333333334,760.2166666666667,12.700000000000001,62.166666666666664
2024-09-20 01:00:00,0.0,245.33333333333334,760.1500000000001,12.383333333333333,62.666666666666664
2024-09-20 02:00:00,0.06666666666666667,240.0,760.3166666666666,12.066666666666668,63.333333333333336
2024-09-20 03:00:00,0.016666666666666666,233.5,760.5833333333334,13.816666666666668,56.5
2024-09-20 04:00:00,0.7833333333333333,235.66666666666666,760.8666666666667,16.266666666666666,46.333333333333336
2024-09-20 05:00:00,1.6833333333333333,231.66666666666666,761.15,17.150000000000002,41.5
2024-09-20 06:00:00,2.3000000000000003,223.0,761.2000000000002,17.8,39.333333333333336
2024-09-20 07:00:00,3.016666666666667,229.16666666666666,760.9666666666667,17.8,43.333333333333336
2024-09-20 08:00:00,3.516666666666667,237.66666666666666,760.7166666666667,18.816666666666666,41.666666666666664
2024-09-20 09:00:00,3.216666666666667,235.5,760.3666666666667,18.916666666666668,40.833333333333336
2024-09-20 10:00:00,2.8666666666666667,235.83333333333334,760.0500000000001,18.516666666666666,40.166666666666664
2024-09-20 11:00:00,2.6999999999999997,237.66666666666666,759.9833333333332,18.05,39.5
2024-09-20 12:00:00,2.766666666666667,230.33333333333334,759.8499999999999,19.033333333333335,35.833333333333336
2024-09-20 13:00:00,2.0833333333333335,242.83333333333334,760.1,17.416666666666668,38.833333333333336
2024-09-20 14:00:00,1.3666666666666665,246.0,760.0,16.55,41.166666666666664
2024-09-20 15:00:00,0.5666666666666667,226.83333333333334,759.7833333333333,15.183333333333332,46.166666666666664
2024-09-20 16:00:00,0.3333333333333333,218.83333333333334,760.0500000000001,14.35,49.0
2024-09-20 17:00:00,0.2333333333333333,220.83333333333334,760.4166666666666,14.049999999999999,49.5
2024-09-20 18:00:00,0.03333333333333333,235.16666666666666,760.6,13.583333333333334,51.0
2024-09-20 19:00:00,1.1,203.33333333333334,760.5,13.4,51.0
2024-09-20 20:00:00,1.0833333333333333,203.83333333333334,760.35,13.683333333333332,49.0
2024-09-20 21:00:00,0.2833333333333333,212.33333333333334,760.1166666666667,13.666666666666666,47.833333333333336
2024-09-20 22:00:00,1.05,202.0,759.8833333333333,13.316666666666668,47.666666666666664
2024-09-20 23:00:00,1.9666666666666668,198.16666666666666,759.6999999999999,12.983333333333334,49.333333333333336
2024-09-21 00:00:00,0.9500000000000001,202.16666666666666,759.6833333333334,12.716666666666667,49.0
2024-09-21 01:00:00,2.266666666666667,189.16666666666666,759.8499999999999,12.066666666666668,51.666666666666664
2024-09-21 02:00:00,2.1999999999999997,192.5,759.9499999999999,11.933333333333332,52.166666666666664
2024-09-21 03:00:00,1.0833333333333333,217.16666666666666,760.25,14.716666666666667,44.666666666666664
2024-09-21 04:00:00,0.4166666666666667,245.66666666666666,760.7333333333332,17.05,37.166666666666664
2024-09-21 05:00:00,1.3499999999999999,240.16666666666666,761.0666666666666,17.883333333333333,34.666666666666664
2024-09-21 06:00:00,2.316666666666667,238.0,761.2000000000002,18.5,32.5
2024-09-21 07:00:00,3.1999999999999997,239.16666666666666,761.0,19.133333333333333,31.166666666666668
2024-09-21 08:00:00,3.8666666666666667,244.0,760.6833333333334,19.666666666666668,30.333333333333332
2024-09-21 09:00:00,3.766666666666667,236.33333333333334,760.1666666666666,20.099999999999998,27.5
2024-09-21 10:00:00,3.9166666666666665,241.0,759.9499999999999,20.333333333333332,28.5
2024-09-21 11:00:00,4.2,241.33333333333334,759.9166666666666,20.533333333333335,28.666666666666668
2024-09-21 12:00:00,4.066666666666666,238.83333333333334,759.9499999999999,20.283333333333335,25.333333333333332
2024-09-21 13:00:00,3.9499999999999997,239.0,760.1999999999999,19.783333333333335,23.0
2024-09-21 14:00:00,3.8666666666666667,245.16666666666666,760.5166666666668,17.95,25.0
2024-09-21 15:00:00,1.8833333333333335,243.33333333333334,760.9333333333334,16.133333333333333,28.833333333333332
2024-09-21 16:00:00,2.1,246.83333333333334,761.4499999999999,13.083333333333334,55.333333333333336
2024-09-21 17:00:00,2.1666666666666665,250.5,761.7333333333332,12.516666666666666,58.833333333333336
2024-09-21 18:00:00,1.9666666666666668,240.16666666666666,761.7333333333332,13.033333333333333,47.666666666666664
2024-09-21 19:00:00,1.8166666666666667,243.0,761.9833333333332,12.716666666666667,46.166666666666664
2024-09-21 20:00:00,0.9333333333333335,235.66666666666666,761.9333333333334,12.783333333333333,43.0
2024-09-21 21:00:00,1.0,247.16666666666666,761.8833333333333,12.483333333333334,43.333333333333336
2024-09-21 22:00:00,0.08333333333333333,241.83333333333334,761.7666666666668,13.6,35.333333333333336
2024-09-21 23:00:00,0.7833333333333333,208.5,761.8666666666667,12.916666666666666,36.5
2024-09-22 00:00:00,0.7999999999999999,202.16666666666666,761.9499999999999,12.733333333333334,37.5
2024-09-22 01:00:00,0.48333333333333334,210.16666666666666,762.0833333333334,12.35,39.5
2024-09-22 02:00:00,0.48333333333333334,211.33333333333334,762.35,12.633333333333333,39.0
2024-09-22 03:00:00,0.11666666666666665,226.5,762.65,15.133333333333333,36.666666666666664
2024-09-22 04:00:00,0.4833333333333334,235.66666666666666,762.9333333333334,18.599999999999998,27.5
2024-09-22 05:00:00,1.7833333333333332,240.33333333333334,763.1999999999999,19.05,29.0
2024-09-22 06:00:00,2.0500000000000003,223.5,763.2999999999998,19.95,27.166666666666668
2024-09-22 07:00:00,3.0500000000000003,222.83333333333334,763.2166666666667,20.5,26.0
2024-09-22 08:00:00,3.15,234.83333333333334,762.8833333333333,20.983333333333334,24.333333333333332
2024-09-22 09:00:00,3.0500000000000003,232.83333333333334,762.4499999999999,21.55,23.166666666666668
2024-09-22 10:00:00,3.5,241.5,762.1,22.150000000000002,21.5
2024-09-22 11:00:00,4.016666666666667,246.83333333333334,761.9499999999999,22.133333333333336,20.0
2024-09-22 12:00:00,3.1666666666666665,241.16666666666666,761.9,21.95,19.5
2024-09-22 13:00:00,3.0500000000000003,240.83333333333334,761.9833333333332,21.333333333333332,19.5
2024-09-22 14:00:00,2.0833333333333335,251.5,762.1,19.45,21.333333333333332
2024-09-22 15:00:00,0.5333333333333333,220.83333333333334,762.3333333333334,17.183333333333334,28.0
2024-09-22 16:00:00,1.0666666666666667,195.0,762.5833333333334,16.116666666666667,32.5
2024-09-22 17:00:00,1.6666666666666667,187.0,762.7833333333333,15.549999999999999,35.333333333333336
2024-09-22 18:00:00,0.39999999999999997,230.33333333333334,762.7666666666668,15.6,35.166666666666664
2024-09-22 19:00:00,0.9166666666666666,236.83333333333334,762.8333333333334,15.483333333333334,33.833333333333336
2024-09-22 20:00:00,0.8833333333333333,217.0,762.75,15.35,34.166666666666664
2024-09-22 21:00:00,0.8666666666666667,225.33333333333334,762.7166666666667,15.316666666666668,34.166666666666664
2024-09-22 22:00:00,1.6666666666666667,192.5,762.7999999999998,14.916666666666666,35.5
2024-09-22 23:00:00,2.2333333333333334,195.33333333333334,762.7000000000002,14.35,36.5
2024-09-23 00:00:00,0.26666666666666666,214.66666666666666,762.8666666666667,14.166666666666666,37.833333333333336
2024-09-23 01:00:00,1.2333333333333334,201.66666666666666,763.15,14.116666666666667,38.666666666666664
2024-09-23 02:00:00,2.216666666666667,190.83333333333334,763.3833333333333,14.033333333333333,39.333333333333336
2024-09-23 03:00:00,0.5499999999999999,212.0,763.6,16.716666666666665,35.0
2024-09-23 04:00:00,0.09999999999999999,228.5,763.9499999999999,20.066666666666666,26.833333333333332
2024-09-23 05:00:00,1.4000000000000001,238.0,764.35,20.783333333333335,25.166666666666668
2024-09-23 06:00:00,2.3000000000000003,245.5,764.6500000000001,21.633333333333336,24.666666666666668
2024-09-23 07:00:00,2.8666666666666667,243.5,764.5666666666666,22.53333333333333,23.666666666666668
2024-09-23 08:00:00,2.9499999999999997,235.16666666666666,764.2166666666667,23.099999999999998,23.0
2024-09-23 09:00:00,3.283333333333333,239.66666666666666,763.7666666666668,23.516666666666666,22.5
2024-09-23 10:00:00,3.8000000000000003,245.0,763.35,23.96666666666667,21.333333333333332
2024-09-23 11:00:00,3.75,245.33333333333334,763.1333333333333,24.316666666666666,20.0
2024-09-23 12:00:00,3.85,238.0,763.0833333333334,23.95,20.0
2024-09-23 13:00:00,2.9166666666666665,240.66666666666666,763.1833333333334,23.383333333333336,20.666666666666668
2024-09-23 14:00:00,2.3333333333333335,242.16666666666666,763.2833333333333,21.3,23.5
2024-09-23 15:00:00,1.05,212.0,763.3499999999999,19.15,28.5
2024-09-23 16:00:00,2.283333333333333,187.33333333333334,763.4333333333334,18.150000000000002,30.833333333333332
2024-09-23 17:00:00,0.2333333333333333,230.0,763.5666666666666,18.099999999999998,30.333333333333332
2024-09-23 18:00:00,1.2166666666666666,196.66666666666666,763.8166666666666,16.95,33.0
2024-09-23 19:00:00,0.7666666666666666,212.66666666666666,763.9666666666667,16.516666666666666,34.333333333333336
2024-09-23 20:00:00,0.9333333333333335,227.66666666666666,763.7166666666667,16.5,33.833333333333336
2024-09-23 21:00:00,0.25,217.5,763.4666666666667,16.483333333333334,32.333333333333336
2024-09-23 22:00:00,0.8666666666666666,211.33333333333334,763.2833333333333,16.05,32.666666666666664
2024-09-23 23:00:00,2.2333333333333334,191.16666666666666,763.2833333333333,16.150000000000002,31.5
2024-09-24 00:00:00,2.6833333333333336,188.66666666666666,763.4499999999999,15.950000000000001,31.166666666666668
2024-09-24 01:00:00,2.0833333333333335,189.83333333333334,763.6666666666666,15.549999999999999,31.5
2024-09-24 02:00:00,1.8166666666666667,195.66666666666666,763.8333333333334,15.6,30.666666666666668
2024-09-24 03:00:00,0.5333333333333333,226.16666666666666,763.9333333333334,17.766666666666666,28.833333333333332
2024-09-24 04:00:00,0.03333333333333333,238.16666666666666,764.1833333333334,22.133333333333336,21.833333333333332
2024-09-24 05:00:00,1.55,242.16666666666666,764.3499999999999,22.583333333333332,19.5
2024-09-24 06:00:00,2.766666666666667,246.16666666666666,764.4333333333334,23.366666666666664,18.5
2024-09-24 07:00:00,3.9,246.33333333333334,764.2333333333332,24.133333333333336,18.0
2024-09-24 08:00:00,4.016666666666667,240.66666666666666,763.8333333333334,24.383333333333336,17.666666666666668
2024-09-24 09:00:00,4.216666666666666,239.0,763.3333333333334,25.2,16.166666666666668
2024-09-24 10:00:00,4.7,243.83333333333334,762.8166666666666,25.45,15.833333333333334
2024-09-24 11:00:00,5.416666666666667,245.66666666666666,762.2833333333333,25.233333333333334,15.333333333333334
2024-09-24 12:00:00,5.466666666666666,243.16666666666666,762.0666666666666,24.5,16.166666666666668
2024-09-24 13:00:00,5.55,249.83333333333334,761.9,23.633333333333336,17.166666666666668
2024-09-24 14:00:00,3.3666666666666667,249.83333333333334,761.7666666666668,21.8,19.833333333333332
2024-09-24 15:00:00,0.7166666666666667,222.33333333333334,761.7833333333333,19.75,23.833333333333332
2024-09-24 16:00:00,1.0666666666666667,207.83333333333334,761.9,18.566666666666666,26.833333333333332
2024-09-24 17:00:00,1.0166666666666666,200.5,761.9499999999999,18.133333333333333,27.5
2024-09-24 18:00:00,1.0833333333333333,205.33333333333334,761.9499999999999,17.53333333333333,29.333333333333332
2024-09-24 19:00:00,1.2333333333333334,250.83333333333334,761.9166666666666,15.766666666666667,40.0
2024-09-24 20:00:00,1.7833333333333332,252.33333333333334,761.5833333333334,15.1,44.666666666666664
2024-09-24 21:00:00,1.6500000000000001,249.16666666666666,761.3333333333334,15.116666666666667,42.666666666666664
2024-09-24 22:00:00,1.8333333333333333,253.5,761.2333333333332,14.416666666666666,44.333333333333336
2024-09-24 23:00:00,1.9333333333333333,247.0,761.1333333333333,14.633333333333333,42.5
2024-09-25 00:00:00,1.2833333333333334,254.83333333333334,761.1833333333334,14.1,43.5
2024-09-25 01:00:00,1.3499999999999999,254.66666666666666,761.2666666666668,13.833333333333334,43.5
2024-09-25 02:00:00,0.6666666666666666,247.16666666666666,761.2999999999998,14.616666666666667,39.5
2024-09-25 03:00:00,0.39999999999999997,236.33333333333334,761.4,17.25,33.833333333333336
2024-09-25 04:00:00,0.3833333333333333,224.83333333333334,761.6333333333333,21.150000000000002,26.166666666666668
2024-09-25 05:00:00,2.533333333333333,214.5,761.8166666666666,21.46666666666667,22.5
2024-09-25 06:00:00,3.1833333333333336,237.83333333333334,761.8499999999999,22.066666666666666,21.666666666666668
2024-09-25 07:00:00,3.8833333333333333,236.83333333333334,761.6999999999999,22.666666666666668,21.666666666666668
2024-09-25 08:00:00,4.916666666666667,241.83333333333334,761.4,23.333333333333332,20.333333333333332
2024-09-25 09:00:00,5.25,238.83333333333334,760.9666666666667,23.383333333333336,20.166666666666668
2024-09-25 10:00:00,5.033333333333333,243.16666666666666,760.5333333333333,23.633333333333336,19.333333333333332
2024-09-25 11:00:00,4.633333333333334,241.16666666666666,760.2999999999998,23.75,18.833333333333332
2024-09-25 12:00:00,4.383333333333334,240.0,760.2999999999998,23.316666666666666,16.833333333333332
2024-09-25 13:00:00,3.0999999999999996,231.5,760.3499999999999,21.53333333333333,23.833333333333332
2024-09-25 14:00:00,2.8666666666666667,233.66666666666666,760.5166666666668,17.933333333333334,39.5
2024-09-25 15:00:00,3.0,227.83333333333334,760.7333333333332,16.48333333333333,45.5
2024-09-25 16:00:00,3.9499999999999997,233.16666666666666,761.0500000000001,15.5,51.0
2024-09-25 17:00:00,3.1166666666666667,239.33333333333334,761.2000000000002,14.85,53.0
2024-09-25 18:00:00,2.3666666666666667,249.5,761.2666666666668,14.35,54.166666666666664
2024-09-25 19:00:00,2.6999999999999997,246.66666666666666,761.1,13.950000000000001,57.0
2024-09-25 20:00:00,2.6666666666666665,250.66666666666666,760.9833333333332,13.15,62.0
2024-09-25 21:00:00,2.766666666666667,252.66666666666666,760.8166666666666,12.733333333333334,65.0
2024-09-25 22:00:00,2.85,251.33333333333334,760.6,12.466666666666667,66.16666666666667
2024-09-25 23:00:00,2.4499999999999997,248.83333333333334,760.5,12.15,67.83333333333333
2024-09-26 00:00:00,2.6999999999999997,250.5,760.4833333333332,11.733333333333334,72.16666666666667
2024-09-26 01:00:00,2.466666666666667,248.66666666666666,760.5500000000001,11.583333333333334,75.5
2024-09-26 02:00:00,2.2666666666666666,247.0,760.8666666666667,11.4,77.66666666666667
2024-09-26 03:00:00,2.3000000000000003,247.16666666666666,761.1833333333334,12.716666666666667,73.0
2024-09-26 04:00:00,1.9166666666666667,248.83333333333334,761.4833333333332,15.633333333333333,59.0
2024-09-26 05:00:00,1.7166666666666668,228.83333333333334,761.6,17.400000000000002,50.333333333333336
2024-09-26 06:00:00,2.8000000000000003,235.0,761.6,18.016666666666666,48.666666666666664
2024-09-26 07:00:00,3.466666666666667,227.5,761.5,18.53333333333333,47.833333333333336
2024-09-26 08:00:00,3.6999999999999997,237.16666666666666,761.2333333333332,19.183333333333334,47.166666666666664
2024-09-26 09:00:00,3.466666666666667,237.83333333333334,760.8166666666666,19.3,47.333333333333336
2024-09-26 10:00:00,3.5500000000000003,235.16666666666666,760.4333333333334,19.483333333333334,47.166666666666664
2024-09-26 11:00:00,3.5500000000000003,236.66666666666666,760.2999999999998,19.400000000000002,46.666666666666664
2024-09-26 12:00:00,3.1166666666666667,232.0,760.25,19.116666666666667,46.333333333333336
2024-09-26 13:00:00,2.4499999999999997,223.66666666666666,760.4,17.933333333333334,49.833333333333336
2024-09-26 14:00:00,1.8333333333333333,231.33333333333334,760.7333333333332,14.783333333333333,64.16666666666667
2024-09-26 15:00:00,1.7833333333333332,235.66666666666666,761.2833333333333,13.833333333333334,69.16666666666667
2024-09-26 16:00:00,1.9333333333333333,245.66666666666666,761.5500000000001,13.0,74.33333333333333
2024-09-26 17:00:00,2.216666666666667,232.83333333333334,761.9,13.033333333333333,73.5
2024-09-26 18:00:00,5.733333333333333,198.66666666666666,761.7666666666668,13.450000000000001,65.83333333333333
2024-09-26 19:00:00,2.8666666666666667,229.66666666666666,761.5333333333333,12.666666666666666,70.16666666666667
2024-09-26 20:00:00,2.4499999999999997,231.33333333333334,761.5500000000001,12.083333333333334,75.16666666666667
2024-09-26 21:00:00,2.8000000000000003,219.83333333333334,761.4333333333334,11.833333333333334,78.16666666666667
2024-09-26 22:00:00,1.8499999999999999,238.5,761.2833333333333,11.299999999999999,95.66666666666667
2024-09-26 23:00:00,2.25,230.66666666666666,761.2000000000002,11.35,88.66666666666667
2024-09-27 00:00:00,1.8,236.83333333333334,761.3166666666666,11.183333333333332,87.5
2024-09-27 01:00:00,2.183333333333333,227.66666666666666,761.4666666666667,11.316666666666668,81.0
2024-09-27 02:00:00,1.55,238.66666666666666,761.6333333333333,11.450000000000001,76.0
2024-09-27 03:00:00,1.5833333333333333,237.33333333333334,762.0500000000001,11.566666666666668,75.16666666666667
2024-09-27 04:00:00,1.3499999999999999,220.0,762.3000000000001,12.583333333333334,70.16666666666667
2024-09-27 05:00:00,2.0833333333333335,233.33333333333334,762.6333333333333,13.366666666666667,70.0
2024-09-27 06:00:00,2.033333333333333,237.16666666666666,762.8833333333333,13.700000000000001,67.5
2024-09-27 07:00:00,2.716666666666667,229.66666666666666,762.7333333333332,15.616666666666667,59.833333333333336
2024-09-27 08:00:00,3.25,228.83333333333334,762.4166666666666,16.25,56.333333333333336
2024-09-27 09:00:00,3.966666666666667,231.33333333333334,761.9499999999999,16.7,54.0
2024-09-27 10:00:00,3.35,226.16666666666666,761.4833333333332,17.083333333333332,51.333333333333336
2024-09-27 11:00:00,3.9,231.66666666666666,761.1,17.033333333333335,51.833333333333336
2024-09-27 12:00:00,3.266666666666666,231.0,761.0,16.55,52.5
2024-09-27 13:00:00,2.733333333333333,232.5,761.2166666666667,15.633333333333333,54.666666666666664
2024-09-27 14:00:00,1.5,235.16666666666666,761.2833333333333,13.700000000000001,63.333333333333336
2024-09-27 15:00:00,1.0666666666666667,248.16666666666666,761.5333333333333,12.133333333333333,76.5
2024-09-27 16:00:00,1.5333333333333332,252.66666666666666,761.6833333333334,11.566666666666668,81.83333333333333
2024-09-27 17:00:00,1.55,248.5,761.6833333333334,11.15,85.83333333333333
2024-09-27 18:00:00,1.7833333333333332,249.66666666666666,761.5666666666666,11.299999999999999,86.0
2024-09-27 19:00:00,1.6166666666666665,249.83333333333334,761.1,10.966666666666667,96.33333333333333
2024-09-27 20:00:00,0.5166666666666666,216.16666666666666,760.75,11.049999999999999,91.5
2024-09-27 21:00:00,1.1666666666666667,243.83333333333334,760.4166666666666,10.816666666666668,92.66666666666667
2024-09-27 22:00:00,2.033333333333333,243.66666666666666,759.9833333333332,10.766666666666666,78.16666666666667
2024-09-27 23:00:00,1.8499999999999999,234.5,759.8000000000001,9.683333333333334,81.5
2024-09-28 00:00:00,2.25,242.66666666666666,759.4499999999999,9.25,93.16666666666667
2024-09-28 01:00:00,0.7166666666666667,237.83333333333334,759.3166666666666,9.933333333333334,84.66666666666667
2024-09-28 02:00:00,3.9,201.83333333333334,759.5166666666668,9.85,76.5
2024-09-28 03:00:00,9.616666666666667,193.83333333333334,759.75,8.333333333333334,77.83333333333333
2024-09-28 04:00:00,9.583333333333334,196.33333333333334,760.25,7.1000000000000005,84.0
2024-09-28 05:00:00,10.383333333333333,197.16666666666666,760.5500000000001,6.083333333333333,91.5
2024-09-28 06:00:00,9.799999999999999,198.66666666666666,760.5666666666666,6.083333333333333,90.16666666666667
2024-09-28 07:00:00,8.016666666666666,199.5,760.9166666666666,5.733333333333333,92.33333333333333
2024-09-28 08:00:00,7.033333333333334,201.5,760.6999999999999,5.833333333333333,95.5
2024-09-28 09:00:00,5.816666666666666,215.0,760.2333333333332,6.016666666666667,96.8
2024-09-28 10:00:00,3.0666666666666664,223.5,760.4166666666666,5.933333333333334,100.0
2024-09-28 11:00:00,7.416666666666667,208.33333333333334,760.0,5.8500000000000005,98.83333333333333
2024-09-28 12:00:00,9.116666666666667,210.66666666666666,759.85,5.383333333333333,97.83333333333333
2024-09-28 13:00:00,8.950000000000001,210.66666666666666,760.2166666666667,4.95,99.16666666666667
2024-09-28 14:00:00,8.366666666666667,215.5,760.3000000000001,5.866666666666667,83.16666666666667
2024-09-28 15:00:00,9.466666666666667,231.66666666666666,760.6166666666667,6.066666666666666,77.5
2024-09-28 16:00:00,10.766666666666666,209.66666666666666,760.5333333333333,5.766666666666667,83.66666666666667
2024-09-28 17:00:00,11.633333333333333,210.0,760.75,5.616666666666667,83.33333333333333
2024-09-28 18:00:00,10.4,217.83333333333334,760.8666666666667,4.933333333333334,87.0
2024-09-28 19:00:00,9.6,217.16666666666666,760.9833333333332,4.95,83.66666666666667
2024-09-28 20:00:00,7.683333333333334,223.5,760.7666666666668,5.2,79.5
2024-09-28 21:00:00,7.733333333333333,215.5,760.5666666666666,5.183333333333334,79.83333333333333
2024-09-28 22:00:00,7.033333333333334,219.5,760.35,4.783333333333334,86.16666666666667
2024-09-28 23:00:00,8.299999999999999,227.33333333333334,760.0,4.883333333333334,80.16666666666667
2024-09-29 00:00:00,7.8,227.83333333333334,760.1166666666667,4.816666666666666,77.66666666666667
2024-09-29 01:00:00,7.383333333333333,221.5,760.3666666666667,4.616666666666666,72.16666666666667
2024-09-29 02:00:00,6.8500000000000005,222.5,760.6999999999999,4.216666666666667,71.16666666666667
2024-09-29 03:00:00,7.2,224.16666666666666,760.8166666666666,4.016666666666667,72.33333333333333
2024-09-29 04:00:00,7.916666666666667,222.33333333333334,761.0833333333334,4.3500000000000005,66.16666666666667
2024-09-29 05:00:00,8.9,209.16666666666666,761.3833333333333,5.833333333333333,58.833333333333336
2024-09-29 06:00:00,7.883333333333333,206.5,761.6999999999999,6.6000000000000005,58.333333333333336
2024-09-29 07:00:00,4.6000000000000005,202.33333333333334,761.9,7.783333333333334,58.166666666666664
2024-09-29 08:00:00,3.3,214.75,761.75,8.175,73.5
2024-09-29 09:00:00,1.35,225.0,761.1500000000001,7.25,97.5
2024-09-29 10:00:00,2.1999999999999997,223.83333333333334,761.0333333333333,8.200000000000001,84.33333333333333
2024-09-29 11:00:00,2.6,238.83333333333334,761.0,6.516666666666667,92.16666666666666
2024-09-29 12:00:00,2.6666666666666665,234.5,760.9499999999999,6.8,100.0
2024-09-29 13:00:00,2.3833333333333333,226.0,761.0666666666666,6.766666666666667,95.16666666666667
2024-09-29 14:00:00,3.3666666666666667,207.66666666666666,761.15,6.466666666666666,71.0
2024-09-29 15:00:00,1.3333333333333333,223.33333333333334,761.4333333333334,5.6499999999999995,91.33333333333333
2024-09-29 16:00:00,1.8666666666666665,215.66666666666666,761.7833333333333,5.5,75.0
2024-09-29 17:00:00,1.5333333333333332,229.33333333333334,761.7999999999998,5.25,74.5
2024-09-29 18:00:00,1.6333333333333335,240.33333333333334,761.75,4.25,88.66666666666667
2024-09-29 19:00:00,1.1333333333333333,242.66666666666666,761.6333333333333,3.8333333333333335,93.66666666666667
2024-09-29 20:00:00,0.65,239.66666666666666,761.4,4.216666666666667,94.0
2024-09-29 21:00:00,0.0,220.33333333333334,761.1666666666666,5.616666666666667,83.83333333333333
2024-09-29 22:00:00,0.016666666666666666,216.66666666666666,760.6999999999999,5.366666666666667,94.0
2024-09-29 23:00:00,0.15,242.0,760.6,4.433333333333334,95.66666666666667
2024-09-30 00:00:00,2.1666666666666665,223.16666666666666,760.5,4.75,87.33333333333333
2024-09-30 01:00:00,1.75,217.0,760.4833333333332,4.5,88.66666666666667
2024-09-30 02:00:00,1.5999999999999999,246.83333333333334,760.5833333333334,4.016666666666667,96.0
2024-09-30 03:00:00,1.9333333333333333,247.5,760.85,5.616666666666667,89.33333333333333
2024-09-30 04:00:00,1.4833333333333334,240.83333333333334,760.9499999999999,8.15,69.16666666666667
2024-09-30 05:00:00,1.6666666666666667,225.5,761.1166666666667,8.266666666666666,66.5
2024-09-30 06:00:00,3.3333333333333335,235.16666666666666,761.3333333333334,8.049999999999999,75.66666666666667
2024-09-30 07:00:00,2.0833333333333335,234.66666666666666,761.1833333333334,8.033333333333333,76.16666666666667
2024-09-30 08:00:00,1.2166666666666666,239.83333333333334,760.8666666666667,7.1499999999999995,93.33333333333333
2024-09-30 09:00:00,0.85,235.83333333333334,760.1333333333333,6.966666666666666,100.0
2024-09-30 10:00:00,1.7666666666666666,240.83333333333334,759.5,8.866666666666667,98.83333333333333
2024-09-30 11:00:00,0.4833333333333334,231.66666666666666,759.4499999999999,9.283333333333333,87.33333333333333
2024-09-30 12:00:00,0.31666666666666665,221.66666666666666,759.4,9.9,68.83333333333333
2024-09-30 13:00:00,1.3333333333333333,249.16666666666666,759.1166666666667,10.166666666666666,68.33333333333333
2024-09-30 14:00:00,0.85,246.16666666666666,758.75,8.733333333333333,84.33333333333333
2024-09-30 15:00:00,1.3833333333333335,246.66666666666666,759.0666666666666,7.983333333333333,99.33333333333333
2024-09-30 16:00:00,2.3000000000000003,230.0,759.8833333333333,7.183333333333334,100.0
2024-09-30 17:00:00,1.9333333333333333,236.5,760.1,6.133333333333333,92.41666666666667
2024-09-30 18:00:00,1.7333333333333334,229.5,759.75,6.45,84.83333333333333
2024-09-30 19:00:00,4.716666666666667,236.33333333333334,758.8666666666667,8.35,77.25
2024-09-30 20:00:00,1.6166666666666665,226.83333333333334,758.7666666666668,7.25,96.33333333333333
2024-09-30 21:00:00,0.19999999999999998,233.5,758.8166666666666,7.3,100.0
2024-09-30 22:00:00,0.016666666666666666,230.83333333333334,758.7666666666668,7.166666666666667,100.0
2024-09-30 23:00:00,0.05000000000000001,234.66666666666666,758.7166666666667,7.1499999999999995,100.0
2024-10-01 00:00:00,0.26666666666666666,237.5,758.6500000000001,6.933333333333334,100.0
2024-10-01 01:00:00,0.06666666666666667,240.83333333333334,758.8000000000001,7.1000000000000005,99.66666666666667
2024-10-01 02:00:00,0.4666666666666666,211.33333333333334,759.0,6.25,100.0
2024-10-01 03:00:00,0.46666666666666673,231.33333333333334,759.1500000000001,7.533333333333334,88.16666666666667
2024-10-01 04:00:00,0.75,230.5,759.4499999999999,9.616666666666667,67.16666666666667
2024-10-01 05:00:00,1.5166666666666666,223.83333333333334,759.8333333333334,10.583333333333334,60.166666666666664
2024-10-01 06:00:00,2.283333333333333,235.33333333333334,760.0333333333333,11.6,59.666666666666664
2024-10-01 07:00:00,2.68,224.6,759.96,12.68,58.2
2024-10-01 08:00:00,2.6333333333333333,221.83333333333334,759.7333333333332,13.383333333333333,56.166666666666664
2024-10-01 09:00:00,3.5833333333333335,222.5,759.2166666666667,14.216666666666667,53.5
2024-10-01 10:00:00,4.566666666666666,234.83333333333334,758.9333333333334,14.833333333333334,53.333333333333336
2024-10-01 11:00:00,4.233333333333333,235.33333333333334,758.9,15.049999999999999,51.166666666666664
2024-10-01 12:00:00,2.8833333333333333,238.0,758.7833333333333,15.383333333333333,48.5
2024-10-01 13:00:00,0.9833333333333334,230.66666666666666,758.7000000000002,15.200000000000001,47.666666666666664
2024-10-01 14:00:00,0.7166666666666668,228.33333333333334,758.8499999999999,13.366666666666667,56.166666666666664
2024-10-01 15:00:00,0.2833333333333333,234.33333333333334,759.0333333333333,12.549999999999999,59.0
2024-10-01 16:00:00,1.45,220.5,759.4166666666666,12.183333333333332,61.0
2024-10-01 17:00:00,1.4000000000000001,241.16666666666666,759.5166666666668,11.566666666666668,61.0
2024-10-01 18:00:00,0.6333333333333333,253.16666666666666,759.65,11.65,58.333333333333336
2024-10-01 19:00:00,0.7833333333333333,239.0,759.7666666666668,11.366666666666667,60.166666666666664
2024-10-01 20:00:00,0.3833333333333333,239.5,759.6333333333333,11.5,58.166666666666664
2024-10-01 21:00:00,1.3,200.83333333333334,759.6333333333333,11.700000000000001,55.0
2024-10-01 22:00:00,1.75,199.0,759.4833333333332,11.733333333333334,53.666666666666664
2024-10-01 23:00:00,0.43333333333333335,215.0,759.3000000000001,11.566666666666668,52.5
2024-10-02 00:00:00,1.1666666666666667,200.33333333333334,759.2000000000002,11.416666666666666,52.333333333333336
2024-10-02 01:00:00,0.65,216.66666666666666,759.3333333333334,11.15,52.333333333333336
2024-10-02 02:00:00,0.9333333333333332,200.5,759.5166666666668,10.6,53.666666666666664
2024-10-02 03:00:00,1.0999999999999999,213.0,759.8000000000001,11.166666666666666,52.666666666666664
2024-10-02 04:00:00,0.3833333333333333,233.16666666666666,760.2333333333332,13.766666666666666,44.833333333333336
2024-10-02 05:00:00,0.3,229.5,760.3666666666667,16.966666666666665,33.666666666666664
2024-10-02 06:00:00,2.6,249.0,760.4499999999999,17.35,34.333333333333336
2024-10-02 07:00:00,3.1166666666666667,246.5,760.4499999999999,18.266666666666666,33.0
2024-10-02 08:00:00,3.6833333333333336,245.0,760.15,19.033333333333335,32.0
2024-10-02 09:00:00,4.8999999999999995,238.66666666666666,759.8333333333334,19.400000000000002,28.666666666666668
2024-10-02 10:00:00,4.6000000000000005,237.33333333333334,759.4833333333332,19.633333333333336,27.333333333333332
2024-10-02 11:00:00,4.25,238.5,759.4166666666666,19.75,27.5
2024-10-02 12:00:00,4.483333333333333,246.83333333333334,759.3666666666667,19.966666666666665,26.333333333333332
2024-10-02 13:00:00,4.666666666666667,250.33333333333334,759.4666666666667,18.983333333333334,25.166666666666668
2024-10-02 14:00:00,2.5166666666666666,251.0,759.5666666666666,16.766666666666666,31.833333333333332
2024-10-02 15:00:00,0.7166666666666667,241.33333333333334,759.8333333333334,15.616666666666667,35.333333333333336
2024-10-02 16:00:00,0.06666666666666667,228.66666666666666,760.1999999999999,14.75,38.0
2024-10-02 17:00:00,0.06666666666666667,221.5,760.4499999999999,14.283333333333333,38.666666666666664
2024-10-02 18:00:00,0.03333333333333333,228.0,760.5166666666668,13.916666666666666,39.5
2024-10-02 19:00:00,0.049999999999999996,219.5,760.4166666666666,13.483333333333334,40.333333333333336
2024-10-02 20:00:00,0.43333333333333335,242.33333333333334,760.3499999999999,13.1,40.333333333333336
2024-10-02 21:00:00,0.31666666666666665,241.33333333333334,760.3333333333334,13.083333333333334,40.333333333333336
2024-10-02 22:00:00,0.5333333333333333,241.5,760.2999999999998,12.549999999999999,43.166666666666664
2024-10-02 23:00:00,0.46666666666666673,249.0,760.1166666666667,12.516666666666666,44.666666666666664
2024-10-03 00:00:00,0.016666666666666666,236.16666666666666,760.0833333333334,11.549999999999999,48.833333333333336
2024-10-03 01:00:00,0.6333333333333333,248.83333333333334,760.0833333333334,11.916666666666666,47.333333333333336
2024-10-03 02:00:00,0.13333333333333333,239.33333333333334,760.25,11.1,51.5
2024-10-03 03:00:00,0.08333333333333333,244.33333333333334,760.4499999999999,11.983333333333334,51.166666666666664
2024-10-03 04:00:00,1.2,247.5,760.6666666666666,15.383333333333333,41.833333333333336
2024-10-03 05:00:00,2.766666666666667,242.83333333333334,760.8833333333333,16.400000000000002,38.166666666666664
2024-10-03 06:00:00,4.3500000000000005,235.83333333333334,760.9666666666667,16.966666666666665,34.666666666666664
2024-10-03 07:00:00,4.733333333333333,237.5,760.8000000000001,17.8,31.166666666666668
2024-10-03 08:00:00,5.166666666666667,241.0,760.35,18.433333333333334,28.5
2024-10-03 09:00:00,5.2,243.5,759.8000000000001,19.016666666666666,23.666666666666668
2024-10-03 10:00:00,5.916666666666667,240.0,759.5166666666668,19.2,19.833333333333332
2024-10-03 11:00:00,6.416666666666667,246.16666666666666,759.4666666666667,19.05,22.0
2024-10-03 12:00:00,6.066666666666666,250.83333333333334,759.5500000000001,18.666666666666668,23.833333333333332
2024-10-03 13:00:00,6.166666666666667,254.16666666666666,759.5333333333333,18.116666666666667,22.833333333333332
2024-10-03 14:00:00,3.6833333333333336,250.83333333333334,759.5666666666666,16.233333333333334,27.5
2024-10-03 15:00:00,1.4333333333333333,250.16666666666666,759.6500000000001,14.883333333333333,31.166666666666668
2024-10-03 16:00:00,0.7333333333333334,234.33333333333334,759.7000000000002,13.116666666666667,44.5
2024-10-03 17:00:00,1.05,249.5,759.7333333333332,10.85,62.166666666666664
2024-10-03 18:00:00,2.0,257.5,759.8499999999999,10.366666666666667,65.33333333333333
2024-10-03 19:00:00,1.75,253.16666666666666,759.9833333333332,9.816666666666666,68.5
2024-10-03 20:00:00,2.433333333333333,252.0,759.9833333333332,9.4,70.83333333333333
2024-10-03 21:00:00,2.4499999999999997,254.5,759.8833333333333,9.183333333333334,70.5
2024-10-03 22:00:00,2.75,248.16666666666666,759.7833333333333,8.966666666666667,70.83333333333333
2024-10-03 23:00:00,2.066666666666667,254.0,759.5833333333334,8.5,72.33333333333333
2024-10-04 00:00:00,0.9166666666666666,250.66666666666666,759.5333333333333,7.8,77.0
2024-10-04 01:00:00,1.6499999999999997,252.0,759.6833333333334,7.616666666666667,73.5
2024-10-04 02:00:00,2.5833333333333335,251.66666666666666,759.75,8.016666666666667,65.5
2024-10-04 03:00:00,2.4499999999999997,249.5,760.0333333333333,9.200000000000001,63.0
2024-10-04 04:00:00,2.05,251.16666666666666,760.3333333333334,12.566666666666668,49.666666666666664
2024-10-04 05:00:00,1.1166666666666667,233.83333333333334,760.6333333333333,15.049999999999999,38.833333333333336
2024-10-04 06:00:00,2.9333333333333336,235.83333333333334,760.7000000000002,16.133333333333333,24.166666666666668
2024-10-04 07:00:00,3.716666666666667,243.66666666666666,760.6166666666667,16.25,26.0
2024-10-04 08:00:00,3.35,229.83333333333334,760.35,16.333333333333332,27.0
2024-10-04 09:00:00,2.9499999999999997,230.83333333333334,759.9166666666666,16.316666666666666,27.0
2024-10-04 10:00:00,2.5,238.83333333333334,759.4166666666666,16.433333333333334,26.0
2024-10-04 11:00:00,2.8833333333333333,226.33333333333334,759.2666666666668,16.566666666666666,25.666666666666668
2024-10-04 12:00:00,2.1,227.5,759.1500000000001,16.46666666666667,26.0
2024-10-04 13:00:00,2.0,213.66666666666666,759.2166666666667,14.600000000000001,39.5
2024-10-04 14:00:00,1.7833333333333332,222.16666666666666,759.2666666666668,12.833333333333334,43.333333333333336
2024-10-04 15:00:00,4.866666666666667,204.16666666666666,759.5,11.866666666666667,48.0
2024-10-04 16:00:00,4.366666666666666,200.83333333333334,759.8166666666666,11.566666666666668,47.0
2024-10-04 17:00:00,2.3666666666666667,230.5,760.1333333333333,10.75,50.333333333333336
2024-10-04 18:00:00,2.8833333333333333,234.16666666666666,760.1666666666666,9.7,57.333333333333336
2024-10-04 19:00:00,2.15,240.16666666666666,760.1166666666667,9.283333333333333,56.0
2024-10-04 20:00:00,2.2666666666666666,251.66666666666666,760.1,8.416666666666666,64.33333333333333
2024-10-04 21:00:00,2.5500000000000003,250.0,759.9,8.016666666666667,67.16666666666667
2024-10-04 22:00:00,2.433333333333333,252.5,759.7166666666667,7.733333333333333,68.16666666666667
2024-10-04 23:00:00,2.5500000000000003,246.66666666666666,759.4666666666667,7.45,68.5
2024-10-05 00:00:00,2.4499999999999997,252.33333333333334,759.5166666666668,7.1000000000000005,69.66666666666667
2024-10-05 01:00:00,2.5166666666666666,245.5,759.6333333333333,7.133333333333333,67.83333333333333
2024-10-05 02:00:00,1.9166666666666667,242.0,759.9666666666667,7.033333333333334,67.0
2024-10-05 03:00:00,1.2666666666666668,245.5,760.3000000000001,8.183333333333334,65.16666666666667
2024-10-05 04:00:00,1.0166666666666666,246.16666666666666,760.7333333333332,11.316666666666668,53.0
2024-10-05 05:00:00,0.75,229.33333333333334,761.0166666666668,12.700000000000001,49.5
2024-10-05 06:00:00,1.3,227.0,761.1333333333333,11.633333333333333,56.0
2024-10-05 07:00:00,2.433333333333333,224.83333333333334,760.85,14.083333333333334,48.5
2024-10-05 08:00:00,3.1333333333333333,223.66666666666666,760.5333333333333,15.049999999999999,44.666666666666664
2024-10-05 09:00:00,3.8000000000000003,232.0,760.1333333333333,15.25,44.5
2024-10-05 10:00:00,3.5,240.66666666666666,759.7166666666667,15.533333333333333,44.333333333333336
2024-10-05 11:00:00,3.3000000000000003,243.33333333333334,759.5833333333334,15.6,43.0
2024-10-05 12:00:00,3.6666666666666665,242.66666666666666,759.6,14.950000000000001,44.833333333333336
2024-10-05 13:00:00,2.9,241.33333333333334,759.8833333333333,13.633333333333333,50.166666666666664
2024-10-05 14:00:00,3.1666666666666665,211.5,760.1999999999999,11.433333333333332,60.5
2024-10-05 15:00:00,3.6833333333333336,204.83333333333334,760.6833333333334,10.1,64.5
2024-10-05 16:00:00,8.633333333333333,196.33333333333334,760.9333333333334,8.9,64.33333333333333
2024-10-05 17:00:00,2.5833333333333335,237.5,761.1166666666667,8.5,66.5
2024-10-05 18:00:00,2.35,239.0,761.2000000000002,8.0,69.0
2024-10-05 19:00:00,2.4333333333333336,246.0,761.3166666666666,7.933333333333334,67.16666666666667
2024-10-05 20:00:00,2.1333333333333333,252.33333333333334,761.2166666666667,7.1499999999999995,76.16666666666667
2024-10-05 21:00:00,0.5499999999999999,249.83333333333334,761.0166666666668,6.833333333333333,80.0
2024-10-05 22:00:00,0.2333333333333333,239.16666666666666,761.0,8.266666666666667,73.33333333333333
2024-10-05 23:00:00,0.8666666666666667,244.0,760.8499999999999,8.566666666666666,72.33333333333333
2024-10-06 00:00:00,0.9333333333333332,240.83333333333334,761.1333333333333,8.733333333333333,74.16666666666667
2024-10-06 01:00:00,0.15,249.83333333333334,761.3166666666666,7.533333333333334,83.66666666666667
2024-10-06 02:00:00,0.48333333333333334,245.33333333333334,761.75,6.1499999999999995,96.83333333333333
2024-10-06 03:00:00,0.8166666666666668,246.66666666666666,762.0166666666668,6.983333333333333,89.33333333333333
2024-10-06 04:00:00,0.15000000000000002,231.16666666666666,762.5,9.799999999999999,67.83333333333333
2024-10-06 05:00:00,2.4,242.0,762.8833333333333,11.283333333333333,59.333333333333336
2024-10-06 06:00:00,3.3000000000000003,230.5,763.1,11.75,60.333333333333336
2024-10-06 07:00:00,3.6833333333333336,240.5,763.1,12.933333333333332,52.5
2024-10-06 08:00:00,4.1499999999999995,234.0,762.9499999999999,13.716666666666667,49.166666666666664
2024-10-06 09:00:00,4.3,239.33333333333334,762.75,13.066666666666668,51.166666666666664
2024-10-06 10:00:00,3.85,237.66666666666666,762.7333333333332,12.633333333333333,53.166666666666664
2024-10-06 11:00:00,3.533333333333333,244.0,762.75,12.716666666666667,54.166666666666664
2024-10-06 12:00:00,3.516666666666667,245.66666666666666,762.8833333333333,12.666666666666666,54.0
2024-10-06 13:00:00,2.6666666666666665,243.16666666666666,763.1,11.75,56.333333333333336
2024-10-06 14:00:00,2.6666666666666665,245.0,763.3000000000001,10.983333333333334,58.166666666666664
2024-10-06 15:00:00,1.6833333333333333,247.83333333333334,763.6999999999999,10.0,61.666666666666664
2024-10-06 16:00:00,0.2333333333333333,217.66666666666666,764.1333333333333,8.916666666666666,69.16666666666667
2024-10-06 17:00:00,0.7166666666666667,226.33333333333334,764.4666666666667,8.733333333333333,70.0
2024-10-06 18:00:00,0.9,243.66666666666666,764.5833333333334,8.233333333333333,72.33333333333333
2024-10-06 19:00:00,1.2833333333333334,197.5,764.5666666666666,7.866666666666666,72.66666666666667
2024-10-06 20:00:00,0.35000000000000003,195.5,764.4833333333332,7.666666666666667,72.66666666666667
2024-10-06 21:00:00,0.6666666666666666,193.66666666666666,764.4,7.3500000000000005,74.83333333333333
2024-10-06 22:00:00,0.5833333333333334,210.66666666666666,764.4,7.316666666666666,74.16666666666667
2024-10-06 23:00:00,0.5333333333333333,215.0,764.3333333333334,6.733333333333333,80.5
2024-10-07 00:00:00,1.4666666666666668,199.16666666666666,764.3833333333333,6.433333333333334,87.5
2024-10-07 01:00:00,0.06666666666666667,222.33333333333334,764.4499999999999,6.45,86.66666666666667
2024-10-07 02:00:00,0.0,229.66666666666666,764.6333333333333,6.216666666666666,84.0
2024-10-07 03:00:00,0.16666666666666666,249.83333333333334,764.8833333333333,7.366666666666667,75.66666666666667
2024-10-07 04:00:00,1.6166666666666665,248.5,765.3833333333333,9.9,65.0
2024-10-07 05:00:00,2.4,230.83333333333334,765.7666666666668,11.216666666666667,57.0
2024-10-07 06:00:00,2.4499999999999997,222.0,765.9,12.216666666666667,52.666666666666664
2024-10-07 07:00:00,3.033333333333333,224.5,765.8499999999999,13.233333333333334,48.833333333333336
2024-10-07 08:00:00,3.15,228.16666666666666,765.6166666666667,14.4,44.333333333333336
2024-10-07 09:00:00,3.4,228.5,765.2666666666668,15.0,42.5
2024-10-07 10:00:00,3.4499999999999997,233.66666666666666,765.0333333333333,15.583333333333334,41.166666666666664
2024-10-07 11:00:00,2.85,233.0,764.9,15.65,39.666666666666664
2024-10-07 12:00:00,2.8333333333333335,234.0,764.9666666666667,15.533333333333333,39.666666666666664
2024-10-07 13:00:00,2.716666666666667,239.66666666666666,764.9666666666667,14.483333333333334,41.5
2024-10-07 14:00:00,2.1999999999999997,248.0,765.1,12.266666666666666,47.666666666666664
2024-10-07 15:00:00,1.5166666666666666,250.5,765.3333333333334,10.75,51.666666666666664
2024-10-07 16:00:00,0.6666666666666666,254.66666666666666,765.4,9.733333333333333,55.666666666666664
2024-10-07 17:00:00,0.08333333333333333,217.83333333333334,765.4666666666667,8.483333333333333,61.0
2024-10-07 18:00:00,0.48333333333333334,208.16666666666666,765.5,8.566666666666666,59.0
2024-10-07 19:00:00,0.9333333333333332,190.66666666666666,765.1666666666666,8.15,52.5
2024-10-07 20:00:00,0.6999999999999998,205.0,765.0,8.066666666666666,54.166666666666664
2024-10-07 21:00:00,0.43333333333333335,222.33333333333334,764.8000000000001,7.650000000000001,57.666666666666664
2024-10-07 22:00:00,0.5666666666666668,247.33333333333334,764.4666666666667,8.35,55.5
2024-10-07 23:00:00,0.9333333333333332,254.16666666666666,764.2833333333333,8.283333333333333,57.833333333333336
2024-10-08 00:00:00,0.7999999999999999,247.0,764.1999999999999,8.383333333333333,60.0
2024-10-08 01:00:00,1.75,255.66666666666666,764.3333333333334,8.133333333333333,61.5
2024-10-08 02:00:00,1.7833333333333332,251.33333333333334,764.5,8.383333333333333,59.833333333333336
2024-10-08 03:00:00,1.5666666666666667,255.66666666666666,764.8166666666666,8.75,58.666666666666664
2024-10-08 04:00:00,1.8333333333333333,243.0,765.1999999999999,11.083333333333334,53.666666666666664
2024-10-08 05:00:00,1.2333333333333334,242.83333333333334,765.5333333333333,12.683333333333332,47.166666666666664
2024-10-08 06:00:00,1.9000000000000001,242.0,765.6,13.883333333333333,42.5
2024-10-08 07:00:00,2.433333333333333,239.16666666666666,765.4499999999999,15.199999999999998,39.833333333333336
2024-10-08 08:00:00,3.016666666666667,225.0,765.1333333333333,16.0,37.0
2024-10-08 09:00:00,3.1833333333333336,229.83333333333334,764.6166666666667,16.566666666666666,34.5
2024-10-08 10:00:00,3.25,228.5,764.2833333333333,17.3,31.666666666666668
2024-10-08 11:00:00,3.15,237.83333333333334,764.1166666666667,17.55,30.333333333333332
2024-10-08 12:00:00,3.4499999999999997,235.16666666666666,764.0833333333334,17.083333333333332,30.5
2024-10-08 13:00:00,3.0500000000000003,240.16666666666666,764.0833333333334,15.833333333333334,34.0
2024-10-08 14:00:00,2.1166666666666667,251.33333333333334,764.1166666666667,13.483333333333334,40.166666666666664
2024-10-08 15:00:00,0.08333333333333333,236.33333333333334,764.2333333333332,12.216666666666667,44.833333333333336
2024-10-08 16:00:00,0.7166666666666667,240.33333333333334,764.2833333333333,12.299999999999999,40.833333333333336
2024-10-08 17:00:00,1.3499999999999999,231.0,764.2000000000002,12.6,37.833333333333336
2024-10-08 18:00:00,0.15,235.5,764.25,11.516666666666666,40.833333333333336
2024-10-08 19:00:00,0.9833333333333334,240.16666666666666,764.0833333333334,11.116666666666667,42.666666666666664
2024-10-08 20:00:00,0.6833333333333332,231.16666666666666,763.8499999999999,10.933333333333332,43.333333333333336
2024-10-08 21:00:00,0.5166666666666667,244.5,763.6833333333334,10.15,44.666666666666664
2024-10-08 22:00:00,1.6500000000000001,245.33333333333334,763.4,10.483333333333333,40.833333333333336
2024-10-08 23:00:00,0.6166666666666666,208.0,763.2166666666667,9.716666666666667,43.666666666666664
2024-10-09 00:00:00,1.0,206.33333333333334,763.2333333333332,9.383333333333333,44.166666666666664
2024-10-09 01:00:00,1.3333333333333333,206.5,763.2999999999998,9.766666666666667,41.166666666666664
2024-10-09 02:00:00,2.25,193.0,763.3499999999999,10.066666666666666,40.666666666666664
2024-10-09 03:00:00,1.2166666666666666,194.83333333333334,763.6666666666666,10.833333333333334,44.0
2024-10-09 04:00:00,0.15,223.0,763.7666666666668,15.5,32.833333333333336
2024-10-09 05:00:00,1.5333333333333332,219.5,763.9833333333332,15.366666666666667,31.5
2024-10-09 06:00:00,1.8999999999999997,218.5,763.8166666666666,16.083333333333332,30.333333333333332
2024-10-09 07:00:00,2.5833333333333335,226.33333333333334,763.4333333333334,16.983333333333334,28.833333333333332
2024-10-09 08:00:00,4.233333333333333,234.33333333333334,762.9499999999999,17.466666666666665,28.333333333333332
2024-10-09 09:00:00,4.75,239.83333333333334,762.4333333333334,17.883333333333333,28.666666666666668
2024-10-09 10:00:00,5.066666666666666,243.0,762.1,17.916666666666668,28.666666666666668
2024-10-09 11:00:00,5.6499999999999995,244.33333333333334,761.8833333333333,17.766666666666666,26.0
2024-10-09 12:00:00,5.283333333333333,246.83333333333334,761.75,17.333333333333332,26.0
2024-10-09 13:00:00,4.116666666666666,251.16666666666666,761.7000000000002,16.333333333333332,28.166666666666668
2024-10-09 14:00:00,2.6333333333333333,252.0,761.9333333333334,14.6,30.166666666666668
2024-10-09 15:00:00,1.1333333333333333,216.16666666666666,762.2333333333332,12.316666666666668,37.833333333333336
2024-10-09 16:00:00,1.3,241.66666666666666,762.3333333333334,11.366666666666667,43.5
2024-10-09 17:00:00,0.8500000000000001,236.0,762.4833333333332,10.783333333333333,43.333333333333336
2024-10-09 18:00:00,0.7000000000000001,220.33333333333334,762.5333333333333,10.783333333333333,40.0
2024-10-09 19:00:00,4.016666666666667,189.0,762.3499999999999,11.383333333333333,33.333333333333336
2024-10-09 20:00:00,1.45,211.83333333333334,762.1500000000001,11.116666666666667,29.333333333333332
2024-10-09 21:00:00,2.0833333333333335,193.66666666666666,762.0666666666666,10.716666666666667,29.0
2024-10-09 22:00:00,1.95,192.83333333333334,761.7333333333332,9.933333333333332,31.333333333333332
2024-10-09 23:00:00,1.6333333333333335,203.0,761.6,9.466666666666667,33.833333333333336
2024-10-10 00:00:00,1.4000000000000001,202.16666666666666,761.5333333333333,9.799999999999999,35.166666666666664
2024-10-10 01:00:00,0.03333333333333333,215.66666666666666,761.6,10.283333333333333,37.166666666666664
2024-10-10 02:00:00,0.18333333333333335,212.0,761.75,9.216666666666667,40.833333333333336
2024-10-10 03:00:00,1.7333333333333334,235.66666666666666,761.8499999999999,11.666666666666666,36.5
2024-10-10 04:00:00,3.216666666666667,257.1666666666667,762.0,13.983333333333334,33.5
2024-10-10 05:00:00,3.85,243.66666666666666,762.25,15.683333333333332,30.166666666666668
2024-10-10 06:00:00,4.3500000000000005,232.5,762.1666666666666,16.599999999999998,27.166666666666668
2024-10-10 07:00:00,4.433333333333334,232.16666666666666,761.9,17.433333333333334,24.833333333333332
2024-10-10 08:00:00,4.816666666666666,236.66666666666666,761.5,17.783333333333335,22.833333333333332
2024-10-10 09:00:00,5.0,243.16666666666666,761.0500000000001,18.3,24.0
2024-10-10 10:00:00,4.666666666666667,239.5,760.75,18.433333333333334,24.0
2024-10-10 11:00:00,4.833333333333333,246.5,760.7000000000002,18.28333333333333,23.166666666666668
2024-10-10 12:00:00,4.416666666666667,243.33333333333334,760.6500000000001,18.083333333333332,24.166666666666668
2024-10-10 13:00:00,4.483333333333333,251.66666666666666,760.75,17.183333333333334,22.5
2024-10-10 14:00:00,2.3833333333333333,250.5,760.9166666666666,15.266666666666666,23.666666666666668
2024-10-10 15:00:00,0.65,238.0,761.0833333333334,14.033333333333333,25.833333333333332
2024-10-10 16:00:00,0.3333333333333333,242.0,761.1333333333333,13.566666666666668,24.666666666666668
2024-10-10 17:00:00,0.6666666666666666,250.5,761.0833333333334,13.216666666666667,22.666666666666668
2024-10-10 18:00:00,1.3833333333333335,253.0,761.1,13.4,21.833333333333332
2024-10-10 19:00:00,0.19999999999999998,247.33333333333334,761.0666666666666,12.583333333333334,23.666666666666668
2024-10-10 20:00:00,0.48333333333333334,222.16666666666666,761.0833333333334,11.549999999999999,27.166666666666668
2024-10-10 21:00:00,0.10000000000000002,232.66666666666666,761.1500000000001,11.816666666666668,26.166666666666668
2024-10-10 22:00:00,0.03333333333333333,237.0,761.2000000000002,11.200000000000001,28.166666666666668
2024-10-10 23:00:00,0.016666666666666666,229.83333333333334,761.1,10.9,31.333333333333332
2024-10-11 00:00:00,0.3333333333333333,214.66666666666666,761.0333333333333,11.016666666666666,32.333333333333336
2024-10-11 01:00:00,1.6166666666666665,195.33333333333334,761.0500000000001,10.716666666666667,32.5
2024-10-11 02:00:00,1.5666666666666667,196.0,761.1500000000001,10.533333333333333,32.166666666666664
2024-10-11 03:00:00,0.55,247.5,761.2333333333332,12.366666666666667,28.0
2024-10-11 04:00:00,0.26666666666666666,238.0,761.6,16.0,22.166666666666668
2024-10-11 05:00:00,1.5166666666666666,236.33333333333334,761.9499999999999,17.3,19.333333333333332
2024-10-11 06:00:00,2.766666666666667,232.66666666666666,762.1,18.3,18.5
2024-10-11 07:00:00,4.6499999999999995,232.5,762.0833333333334,18.483333333333334,18.166666666666668
2024-10-11 08:00:00,5.05,240.0,761.7666666666668,19.166666666666668,15.833333333333334
2024-10-11 09:00:00,5.933333333333334,244.5,761.2166666666667,19.616666666666667,12.5
2024-10-11 10:00:00,6.566666666666666,247.5,760.7833333333333,19.683333333333334,10.333333333333334
2024-10-11 11:00:00,6.1499999999999995,246.0,760.7000000000002,19.433333333333334,10.833333333333334
2024-10-11 12:00:00,5.533333333333334,251.16666666666666,760.6833333333334,19.116666666666667,10.666666666666666
2024-10-11 13:00:00,4.8,249.0,760.7666666666668,17.983333333333334,12.833333333333334
2024-10-11 14:00:00,3.8200000000000003,250.4,760.8399999999999,16.080000000000002,16.2
2024-10-11 15:00:00,2.1,236.5,761.1166666666667,15.0,18.666666666666668
2024-10-11 16:00:00,2.4,229.83333333333334,761.0166666666668,15.5,18.166666666666668
2024-10-11 17:00:00,0.5833333333333334,241.83333333333334,761.25,14.200000000000001,21.0
2024-10-11 18:00:00,1.2333333333333334,204.0,761.6333333333333,12.516666666666666,25.666666666666668
2024-10-11 19:00:00,1.7166666666666668,210.0,761.4333333333334,12.783333333333333,24.0
2024-10-11 20:00:00,0.09999999999999999,232.83333333333334,761.2999999999998,12.966666666666667,23.333333333333332
2024-10-11 21:00:00,0.11666666666666665,217.66666666666666,761.2999999999998,12.15,26.166666666666668
2024-10-11 22:00:00,0.3,204.5,761.1333333333333,11.65,27.0
2024-10-11 23:00:00,0.08333333333333333,229.83333333333334,760.9,12.4,24.833333333333332
2024-10-12 00:00:00,0.0,228.66666666666666,760.9333333333334,12.566666666666668,23.666666666666668
2024-10-12 01:00:00,0.03333333333333333,242.66666666666666,761.0666666666666,12.516666666666666,24.0
2024-10-12 02:00:00,0.46666666666666673,216.0,761.0333333333333,12.066666666666668,25.333333333333332
2024-10-12 03:00:00,0.19999999999999998,225.0,761.1333333333333,12.783333333333333,24.0
2024-10-12 04:00:00,0.10000000000000002,242.5,761.5166666666668,15.133333333333333,23.666666666666668
2024-10-12 05:00:00,0.5499999999999999,234.66666666666666,761.6500000000001,17.183333333333334,18.833333333333332
2024-10-12 06:00:00,1.9666666666666668,234.33333333333334,761.6500000000001,17.516666666666666,17.0
2024-10-12 07:00:00,2.766666666666667,242.16666666666666,761.4499999999999,17.766666666666666,17.5
2024-10-12 08:00:00,2.9166666666666665,233.0,761.0333333333333,18.316666666666666,17.166666666666668
2024-10-12 09:00:00,3.483333333333333,242.83333333333334,760.5333333333333,18.5,17.666666666666668
2024-10-12 10:00:00,3.533333333333333,240.66666666666666,760.25,19.150000000000002,18.0
2024-10-12 11:00:00,3.3333333333333335,241.33333333333334,760.1500000000001,18.75,17.833333333333332
2024-10-12 12:00:00,3.4499999999999997,241.33333333333334,760.1333333333333,17.666666666666668,18.833333333333332
2024-10-12 13:00:00,3.8166666666666664,251.66666666666666,760.25,16.433333333333334,19.0
2024-10-12 14:00:00,2.5,249.0,760.5166666666668,15.15,20.333333333333332
2024-10-12 15:00:00,3.3166666666666664,210.5,760.7000000000002,13.866666666666667,26.5
2024-10-12 16:00:00,6.966666666666666,194.66666666666666,760.7333333333332,13.25,30.166666666666668
2024-10-12 17:00:00,9.433333333333334,197.33333333333334,760.7333333333332,12.516666666666666,33.333333333333336
2024-10-12 18:00:00,9.833333333333334,199.16666666666666,760.7999999999998,12.166666666666666,33.833333333333336
2024-10-12 19:00:00,9.549999999999999,202.33333333333334,760.6999999999999,12.116666666666667,33.0
2024-10-12 20:00:00,9.433333333333332,200.66666666666666,760.3666666666667,12.033333333333333,32.5
2024-10-12 21:00:00,9.299999999999999,199.5,760.3000000000001,11.950000000000001,32.0
2024-10-12 22:00:00,7.3,207.66666666666666,760.2333333333332,11.75,32.5
2024-10-12 23:00:00,6.8999999999999995,204.5,760.1999999999999,11.549999999999999,33.0
2024-10-13 00:00:00,4.3999999999999995,209.33333333333334,760.4666666666667,11.450000000000001,33.0
2024-10-13 01:00:00,4.116666666666666,205.66666666666666,760.4666666666667,11.416666666666666,33.0
2024-10-13 02:00:00,2.15,194.33333333333334,760.7000000000002,10.15,35.833333333333336
2024-10-13 03:00:00,0.8666666666666667,224.66666666666666,760.9,11.5,34.0
2024-10-13 04:00:00,0.3833333333333333,226.33333333333334,761.1999999999999,14.75,29.5
2024-10-13 05:00:00,1.2666666666666666,229.83333333333334,761.3166666666666,15.800000000000002,26.333333333333332
2024-10-13 06:00:00,2.483333333333333,231.33333333333334,761.4499999999999,16.266666666666666,25.5
2024-10-13 07:00:00,3.4666666666666663,239.5,761.3666666666667,17.05,25.0
2024-10-13 08:00:00,3.8833333333333333,235.83333333333334,761.0333333333333,17.266666666666666,25.333333333333332
2024-10-13 09:00:00,4.483333333333333,237.83333333333334,760.5500000000001,17.566666666666666,25.333333333333332
2024-10-13 10:00:00,4.483333333333333,237.16666666666666,760.2666666666668,17.599999999999998,26.666666666666668
2024-10-13 11:00:00,4.3500000000000005,241.83333333333334,760.0833333333334,17.466666666666665,27.0
2024-10-13 12:00:00,4.033333333333333,244.0,759.8666666666667,17.083333333333332,29.333333333333332
2024-10-13 13:00:00,4.3500000000000005,245.16666666666666,759.9666666666667,15.933333333333335,30.166666666666668
2024-10-13 14:00:00,2.433333333333333,252.5,760.15,14.116666666666667,32.333333333333336
2024-10-13 15:00:00,1.7,197.66666666666666,760.3666666666667,12.333333333333334,36.833333333333336
2024-10-13 16:00:00,1.2666666666666666,234.66666666666666,760.4,11.450000000000001,40.5
2024-10-13 17:00:00,1.5833333333333333,245.83333333333334,760.4833333333332,10.966666666666667,44.166666666666664
2024-10-13 18:00:00,0.6666666666666666,245.66666666666666,760.7666666666668,10.583333333333334,43.333333333333336
2024-10-13 19:00:00,0.35000000000000003,245.33333333333334,760.7666666666668,10.4,43.333333333333336
2024-10-13 20:00:00,0.75,245.66666666666666,760.6833333333334,10.283333333333333,42.833333333333336
2024-10-13 21:00:00,0.75,240.83333333333334,760.6333333333333,10.433333333333334,41.5
2024-10-13 22:00:00,0.25,235.66666666666666,760.4333333333334,10.200000000000001,39.833333333333336
2024-10-13 23:00:00,0.5333333333333333,199.0,760.3000000000001,9.816666666666666,40.166666666666664
2024-10-14 00:00:00,0.5333333333333333,201.16666666666666,760.3666666666667,9.666666666666666,40.833333333333336
2024-10-14 01:00:00,0.15,211.5,760.3833333333333,9.766666666666667,40.166666666666664
2024-10-14 02:00:00,0.049999999999999996,237.83333333333334,760.4333333333334,10.016666666666667,40.0
2024-10-14 03:00:00,0.9,211.66666666666666,760.6999999999999,10.1,44.333333333333336
2024-10-14 04:00:00,0.03333333333333333,239.33333333333334,761.1666666666666,14.049999999999999,32.166666666666664
2024-10-14 05:00:00,1.4833333333333334,222.83333333333334,761.4666666666667,15.016666666666666,31.333333333333332
2024-10-14 06:00:00,3.233333333333333,231.33333333333334,761.5333333333333,15.716666666666667,31.0
2024-10-14 07:00:00,4.283333333333334,237.66666666666666,761.5833333333334,16.416666666666668,30.5
2024-10-14 08:00:00,4.7,239.83333333333334,761.2333333333332,16.95,27.833333333333332
2024-10-14 09:00:00,5.8500000000000005,242.0,760.5833333333334,17.28333333333333,26.833333333333332
2024-10-14 10:00:00,6.116666666666667,244.16666666666666,760.1666666666666,17.683333333333334,23.5
2024-10-14 11:00:00,6.716666666666666,245.33333333333334,759.9833333333332,17.75,24.5
2024-10-14 12:00:00,5.8999999999999995,245.66666666666666,759.9499999999999,17.2,25.333333333333332
2024-10-14 13:00:00,6.116666666666667,249.5,760.1,16.05,26.166666666666668
2024-10-14 14:00:00,4.3999999999999995,254.66666666666666,760.4833333333332,14.583333333333334,28.833333333333332
2024-10-14 15:00:00,0.9166666666666666,246.33333333333334,760.9333333333334,12.883333333333333,32.833333333333336
2024-10-14 16:00:00,0.35000000000000003,242.33333333333334,761.2833333333333,10.700000000000001,48.333333333333336
2024-10-14 17:00:00,0.6666666666666666,235.83333333333334,761.4333333333334,11.816666666666668,39.666666666666664
2024-10-14 18:00:00,0.7666666666666666,244.0,761.3666666666667,13.1,28.5
2024-10-14 19:00:00,0.0,242.5,761.1666666666666,11.966666666666667,31.0
2024-10-14 20:00:00,0.9166666666666666,221.16666666666666,761.1999999999999,11.1,33.833333333333336
2024-10-14 21:00:00,0.9500000000000001,208.0,761.2999999999998,10.666666666666666,36.666666666666664
2024-10-14 22:00:00,0.8833333333333333,225.16666666666666,761.3333333333334,10.216666666666667,39.0
2024-10-14 23:00:00,0.11666666666666665,248.5,761.3166666666666,10.533333333333333,39.5
2024-10-15 00:00:00,0.3333333333333333,220.33333333333334,761.4166666666666,10.366666666666667,41.333333333333336
2024-10-15 01:00:00,0.13333333333333333,236.83333333333334,761.5,10.216666666666667,41.166666666666664
2024-10-15 02:00:00,0.0,216.16666666666666,761.6,10.116666666666665,42.5
2024-10-15 03:00:00,0.0,224.66666666666666,761.9666666666667,10.933333333333332,42.5
2024-10-15 04:00:00,1.3666666666666665,249.5,762.4,13.616666666666667,37.5
2024-10-15 05:00:00,3.3833333333333333,237.5,762.7833333333333,14.983333333333334,33.5
2024-10-15 06:00:00,3.6666666666666665,232.0,762.9666666666667,15.65,32.0
2024-10-15 07:00:00,3.4499999999999997,231.33333333333334,763.0166666666668,16.333333333333332,30.333333333333332
2024-10-15 08:00:00,4.05,233.5,762.6999999999999,17.283333333333335,28.5
2024-10-15 09:00:00,4.783333333333333,238.83333333333334,762.1833333333334,17.633333333333336,27.5
2024-10-15 10:00:00,5.3500000000000005,244.0,761.9833333333332,17.833333333333332,26.833333333333332
2024-10-15 11:00:00,5.483333333333333,244.16666666666666,761.9,17.333333333333332,26.833333333333332
2024-10-15 12:00:00,4.783333333333334,247.16666666666666,761.8333333333334,16.983333333333334,30.333333333333332
2024-10-15 13:00:00,4.666666666666667,246.5,762.0833333333334,15.983333333333333,29.833333333333332
2024-10-15 14:00:00,2.733333333333333,251.83333333333334,762.5166666666668,14.25,32.166666666666664
2024-10-15 15:00:00,0.3166666666666667,240.5,763.0666666666666,12.666666666666666,35.0
2024-10-15 16:00:00,0.6333333333333334,240.33333333333334,763.3000000000001,10.799999999999999,49.0
2024-10-15 17:00:00,0.6,247.83333333333334,763.4833333333332,10.666666666666666,45.333333333333336
2024-10-15 18:00:00,0.8666666666666667,237.5,763.5,12.183333333333332,32.666666666666664
2024-10-15 19:00:00,0.7833333333333333,209.33333333333334,763.5166666666668,10.516666666666667,33.166666666666664
2024-10-15 20:00:00,0.4666666666666666,219.16666666666666,763.4166666666666,10.233333333333333,34.5
2024-10-15 21:00:00,0.6666666666666666,224.33333333333334,763.4666666666667,10.1,35.333333333333336
2024-10-15 22:00:00,1.8166666666666667,196.5,763.4166666666666,9.450000000000001,37.333333333333336
2024-10-15 23:00:00,0.5166666666666667,219.5,763.2333333333332,9.916666666666666,38.0
2024-10-16 00:00:00,1.6833333333333333,198.16666666666666,763.3666666666667,9.033333333333333,41.0
2024-10-16 01:00:00,0.7666666666666666,203.83333333333334,763.4,9.15,42.166666666666664
2024-10-16 02:00:00,0.48333333333333334,206.66666666666666,763.3333333333334,9.75,41.833333333333336
2024-10-16 03:00:00,0.08333333333333333,228.83333333333334,763.5166666666668,11.416666666666666,37.666666666666664
2024-10-16 04:00:00,0.5166666666666667,230.0,763.9,13.916666666666666,34.5
2024-10-16 05:00:00,1.8166666666666667,236.33333333333334,764.1999999999999,15.016666666666666,31.5
2024-10-16 06:00:00,2.4499999999999997,228.66666666666666,764.3833333333333,15.366666666666667,31.833333333333332
2024-10-16 07:00:00,3.1166666666666667,221.16666666666666,764.3833333333333,15.949999999999998,31.5
2024-10-16 08:00:00,3.6,228.33333333333334,764.0500000000001,16.7,30.5
2024-10-16 09:00:00,3.7166666666666663,232.5,763.4499999999999,17.150000000000002,30.5
2024-10-16 10:00:00,3.9333333333333336,228.66666666666666,762.9833333333332,17.366666666666664,30.166666666666668
2024-10-16 11:00:00,4.483333333333333,240.83333333333334,762.6833333333334,17.816666666666666,29.166666666666668
2024-10-16 12:00:00,4.516666666666667,240.5,762.5833333333334,16.766666666666666,31.0
2024-10-16 13:00:00,3.1,241.33333333333334,762.6,15.4,34.666666666666664
2024-10-16 14:00:00,1.6833333333333333,249.0,762.7666666666668,13.5,40.333333333333336
2024-10-16 15:00:00,0.7999999999999999,227.66666666666666,763.0833333333334,12.266666666666666,45.333333333333336
2024-10-16 16:00:00,0.8833333333333333,207.66666666666666,763.2166666666667,11.266666666666666,48.5
2024-10-16 17:00:00,0.5166666666666667,228.66666666666666,763.3833333333333,11.15,48.166666666666664
2024-10-16 18:00:00,0.9333333333333332,202.16666666666666,763.3000000000001,10.916666666666666,48.5
2024-10-16 19:00:00,0.8666666666666667,201.0,763.0833333333334,10.583333333333334,49.333333333333336
2024-10-16 20:00:00,0.65,228.5,763.0333333333333,10.950000000000001,49.666666666666664
2024-10-16 21:00:00,1.7666666666666666,202.5,762.9833333333332,10.133333333333333,53.5
2024-10-16 22:00:00,1.1833333333333333,205.5,762.75,10.083333333333334,54.5
2024-10-16 23:00:00,0.5666666666666668,241.16666666666666,762.4333333333334,10.483333333333333,52.5
2024-10-17 00:00:00,0.35000000000000003,240.83333333333334,762.2666666666668,10.383333333333333,51.0
2024-10-17 01:00:00,0.45,210.5,762.2333333333332,9.85,50.666666666666664
2024-10-17 02:00:00,1.7333333333333334,235.33333333333334,762.3499999999999,9.916666666666666,53.333333333333336
2024-10-17 03:00:00,0.7166666666666667,233.83333333333334,762.5166666666668,10.6,50.333333333333336
2024-10-17 04:00:00,0.18333333333333335,249.0,762.8833333333333,11.85,48.166666666666664
2024-10-17 05:00:00,0.2333333333333333,244.0,762.9666666666667,14.433333333333332,40.0
2024-10-17 06:00:00,1.3833333333333335,233.0,762.9,15.25,37.666666666666664
2024-10-17 07:00:00,1.9666666666666668,227.83333333333334,762.65,16.400000000000002,34.833333333333336
2024-10-17 08:00:00,3.35,239.0,762.15,16.900000000000002,33.833333333333336
2024-10-17 09:00:00,4.116666666666666,244.66666666666666,761.6,17.466666666666665,32.666666666666664
2024-10-17 10:00:00,4.1,246.33333333333334,761.2166666666667,17.283333333333335,30.666666666666668
2024-10-17 11:00:00,3.716666666666667,243.33333333333334,761.0333333333333,17.3,29.833333333333332
2024-10-17 12:00:00,3.6666666666666665,239.83333333333334,760.7833333333333,16.666666666666668,30.166666666666668
2024-10-17 13:00:00,2.3666666666666667,240.33333333333334,760.6833333333334,15.483333333333334,31.0
2024-10-17 14:00:00,1.4833333333333334,234.16666666666666,760.8666666666667,13.483333333333334,36.0
2024-10-17 15:00:00,1.4666666666666668,193.0,761.0833333333334,11.65,41.5
2024-10-17 16:00:00,1.2,199.66666666666666,761.15,11.183333333333332,43.333333333333336
2024-10-17 17:00:00,0.5166666666666666,213.0,761.2333333333332,11.216666666666667,41.833333333333336
2024-10-17 18:00:00,0.3,229.5,761.2000000000002,11.299999999999999,40.166666666666664
2024-10-17 19:00:00,0.2833333333333334,214.33333333333334,761.1500000000001,11.083333333333334,40.166666666666664
2024-10-17 20:00:00,1.5,211.0,761.1833333333334,10.183333333333334,43.5
2024-10-17 21:00:00,2.0,199.33333333333334,761.2833333333333,10.1,45.666666666666664
2024-10-17 22:00:00,1.4833333333333334,198.83333333333334,761.0,10.016666666666667,45.0
2024-10-17 23:00:00,1.1666666666666667,203.83333333333334,760.8666666666667,9.416666666666666,47.333333333333336
2024-10-18 00:00:00,0.26666666666666666,238.16666666666666,760.6833333333334,9.833333333333334,45.166666666666664
2024-10-18 01:00:00,0.4166666666666667,234.16666666666666,760.7833333333333,9.783333333333333,43.333333333333336
2024-10-18 02:00:00,0.4666666666666666,236.66666666666666,760.7999999999998,9.466666666666667,43.666666666666664
2024-10-18 03:00:00,0.5833333333333334,231.83333333333334,761.0666666666666,10.433333333333334,41.166666666666664
2024-10-18 04:00:00,0.3666666666666667,248.0,761.3333333333334,14.833333333333334,33.5
2024-10-18 05:00:00,1.0999999999999999,237.16666666666666,761.5500000000001,16.533333333333335,27.333333333333332
2024-10-18 06:00:00,2.15,228.66666666666666,761.5833333333334,16.766666666666666,26.333333333333332
2024-10-18 07:00:00,3.3166666666666664,239.0,761.5500000000001,17.45,26.833333333333332
2024-10-18 08:00:00,3.9499999999999997,242.83333333333334,761.0500000000001,18.05,26.0
2024-10-18 09:00:00,4.916666666666667,248.16666666666666,760.3166666666666,18.633333333333336,24.166666666666668
2024-10-18 10:00:00,5.6000000000000005,249.83333333333334,759.9666666666667,18.566666666666666,23.0
2024-10-18 11:00:00,4.316666666666666,246.0,760.0166666666668,17.666666666666668,23.833333333333332
2024-10-18 12:00:00,3.8666666666666667,247.16666666666666,759.9499999999999,16.833333333333332,24.333333333333332
2024-10-18 13:00:00,2.966666666666667,247.66666666666666,759.7999999999998,16.5,24.666666666666668
2024-10-18 14:00:00,2.6166666666666667,231.5,760.0500000000001,15.700000000000001,26.0
2024-10-18 15:00:00,1.1166666666666667,234.5,760.3000000000001,14.700000000000001,28.666666666666668
2024-10-18 16:00:00,2.1166666666666667,244.33333333333334,760.5166666666668,14.65,28.5
2024-10-18 17:00:00,2.283333333333333,236.66666666666666,760.6833333333334,14.966666666666667,27.0
2024-10-18 18:00:00,2.0833333333333335,230.83333333333334,760.8499999999999,15.066666666666668,26.5
2024-10-18 19:00:00,2.2666666666666666,226.5,760.6333333333333,15.066666666666668,26.166666666666668
2024-10-18 20:00:00,3.233333333333333,231.16666666666666,760.5,14.950000000000001,25.5
2024-10-18 21:00:00,2.6999999999999997,233.33333333333334,760.5166666666668,14.583333333333334,26.333333333333332
2024-10-18 22:00:00,0.85,228.0,760.4499999999999,13.316666666666668,29.5
2024-10-18 23:00:00,1.3333333333333333,232.66666666666666,760.1,12.583333333333334,31.0
2024-10-19 00:00:00,0.7000000000000001,219.5,760.0666666666666,11.933333333333332,30.5
2024-10-19 01:00:00,0.5666666666666667,224.16666666666666,760.1,11.6,29.833333333333332
2024-10-19 02:00:00,0.9,252.0,760.25,11.65,29.333333333333332
2024-10-19 03:00:00,3.5833333333333335,254.16666666666666,760.3833333333333,12.833333333333334,27.666666666666668
2024-10-19 04:00:00,1.4000000000000001,244.16666666666666,760.9499999999999,15.316666666666668,24.333333333333332
2024-10-19 05:00:00,2.6833333333333336,237.0,761.0500000000001,16.533333333333335,22.0
2024-10-19 06:00:00,4.283333333333334,236.16666666666666,761.0,17.383333333333333,20.833333333333332
2024-10-19 07:00:00,5.066666666666666,247.83333333333334,760.8833333333333,18.133333333333333,20.833333333333332
2024-10-19 08:00:00,5.833333333333333,245.83333333333334,760.6166666666667,18.3,20.0
2024-10-19 09:00:00,5.766666666666667,247.0,760.2666666666668,18.45,19.5
2024-10-19 10:00:00,5.066666666666666,243.33333333333334,760.2333333333332,18.5,19.833333333333332
2024-10-19 11:00:00,4.933333333333334,240.33333333333334,760.2833333333333,18.083333333333332,17.333333333333332
2024-10-19 12:00:00,4.8999999999999995,242.0,760.1,17.333333333333332,18.666666666666668
2024-10-19 13:00:00,4.883333333333334,250.16666666666666,760.1166666666667,15.85,22.0
2024-10-19 14:00:00,4.416666666666667,252.33333333333334,760.3833333333333,14.283333333333333,26.833333333333332
2024-10-19 15:00:00,3.7833333333333337,251.16666666666666,760.8333333333334,13.116666666666667,31.666666666666668
2024-10-19 16:00:00,4.216666666666667,253.33333333333334,761.1,12.533333333333333,34.333333333333336
2024-10-19 17:00:00,2.8166666666666664,252.0,761.2000000000002,12.049999999999999,35.5
2024-10-19 18:00:00,3.516666666666667,252.5,761.0833333333334,11.65,34.666666666666664
2024-10-19 19:00:00,3.733333333333333,250.33333333333334,760.8333333333334,11.583333333333334,32.666666666666664
2024-10-19 20:00:00,4.466666666666667,255.16666666666666,760.6,11.616666666666667,32.166666666666664
2024-10-19 21:00:00,5.383333333333333,254.5,760.3833333333333,11.450000000000001,34.666666666666664
2024-10-19 22:00:00,6.55,256.1666666666667,760.1,11.416666666666666,37.5
2024-10-19 23:00:00,5.466666666666666,255.66666666666666,759.9833333333332,11.049999999999999,39.833333333333336
2024-10-20 00:00:00,3.483333333333333,253.66666666666666,760.0,10.083333333333334,42.5
2024-10-20 01:00:00,2.216666666666667,255.5,760.0,8.950000000000001,46.166666666666664
2024-10-20 02:00:00,2.6999999999999997,256.1666666666667,760.0,8.65,47.666666666666664
2024-10-20 03:00:00,5.016666666666667,257.1666666666667,759.9333333333334,9.75,41.5
2024-10-20 04:00:00,6.05,256.5,760.2333333333332,11.283333333333333,38.0
2024-10-20 05:00:00,7.8500000000000005,252.33333333333334,760.4,12.833333333333334,35.0
2024-10-20 06:00:00,9.383333333333333,252.66666666666666,760.3833333333333,13.616666666666667,34.666666666666664
2024-10-20 07:00:00,9.85,255.33333333333334,760.4666666666667,13.366666666666667,36.5
2024-10-20 08:00:00,9.066666666666668,248.0,760.15,14.15,35.333333333333336
2024-10-20 09:00:00,8.950000000000001,252.66666666666666,759.9,13.983333333333334,33.666666666666664
2024-10-20 10:00:00,8.933333333333334,251.5,759.7166666666667,14.883333333333333,30.5
2024-10-20 11:00:00,8.183333333333334,248.66666666666666,759.6,15.049999999999999,29.333333333333332
2024-10-20 12:00:00,7.05,247.66666666666666,759.5500000000001,14.433333333333332,29.333333333333332
2024-10-20 13:00:00,5.916666666666667,253.5,759.3666666666667,13.549999999999999,28.666666666666668
2024-10-20 14:00:00,4.983333333333333,257.3333333333333,759.4,12.166666666666666,26.833333333333332
2024-10-20 15:00:00,3.983333333333333,251.66666666666666,759.5333333333333,11.366666666666667,24.5
2024-10-20 16:00:00,4.166666666666667,251.33333333333334,759.6500000000001,11.316666666666668,20.666666666666668
2024-10-20 17:00:00,4.466666666666667,254.66666666666666,759.6,11.1,19.5
2024-10-20 18:00:00,5.016666666666667,250.5,759.5500000000001,10.933333333333332,19.0
2024-10-20 19:00:00,4.216666666666667,249.66666666666666,759.4499999999999,10.433333333333334,19.5
2024-10-20 20:00:00,3.6833333333333336,252.16666666666666,759.1166666666667,9.983333333333333,20.166666666666668
2024-10-20 21:00:00,3.483333333333333,252.16666666666666,758.8666666666667,9.6,20.666666666666668
2024-10-20 22:00:00,2.5500000000000003,255.0,758.8000000000001,8.566666666666666,22.666666666666668
2024-10-20 23:00:00,3.1,253.16666666666666,758.5500000000001,8.916666666666666,23.0
2024-10-21 00:00:00,1.9000000000000001,251.16666666666666,758.4,8.466666666666667,24.666666666666668
2024-10-21 01:00:00,0.05000000000000001,231.5,758.4333333333334,6.866666666666667,27.833333333333332
2024-10-21 02:00:00,0.06666666666666667,236.5,758.3000000000001,6.816666666666666,28.333333333333332
2024-10-21 03:00:00,0.11666666666666665,245.0,758.1333333333333,8.083333333333334,27.166666666666668
2024-10-21 04:00:00,0.9166666666666666,242.5,758.2666666666668,11.6,24.166666666666668
2024-10-21 05:00:00,2.9,239.5,758.3166666666666,12.483333333333334,24.0
2024-10-21 06:00:00,3.716666666666667,240.66666666666666,758.0666666666666,13.116666666666667,22.5
2024-10-21 07:00:00,4.966666666666667,250.0,757.5666666666666,13.549999999999999,22.333333333333332
2024-10-21 08:00:00,4.8500000000000005,245.16666666666666,757.0,12.4,22.5
2024-10-21 09:00:00,5.816666666666666,250.16666666666666,756.5833333333334,11.333333333333334,23.333333333333332
2024-10-21 10:00:00,7.233333333333333,252.66666666666666,756.4166666666666,10.083333333333334,27.333333333333332
2024-10-21 11:00:00,5.1499999999999995,254.5,756.15,10.133333333333333,27.166666666666668
2024-10-21 12:00:00,5.25,256.6666666666667,756.0166666666668,10.15,24.666666666666668
2024-10-21 13:00:00,4.733333333333333,253.83333333333334,755.7833333333333,9.783333333333333,24.166666666666668
2024-10-21 14:00:00,6.95,254.33333333333334,756.25,8.933333333333334,23.166666666666668
2024-10-21 15:00:00,6.683333333333334,251.16666666666666,757.1666666666666,8.116666666666667,30.333333333333332
2024-10-21 16:00:00,6.383333333333333,254.16666666666666,756.9166666666666,8.049999999999999,29.5
2024-10-21 17:00:00,4.083333333333333,252.66666666666666,756.65,7.383333333333333,24.333333333333332
2024-10-21 18:00:00,1.883333333333333,248.33333333333334,756.6,6.1499999999999995,22.5
2024-10-21 19:00:00,0.5,227.66666666666666,756.2666666666668,5.033333333333334,22.166666666666668
2024-10-21 20:00:00,1.1166666666666667,229.0,755.9833333333332,4.533333333333333,15.0
2024-10-21 21:00:00,1.7666666666666666,239.33333333333334,755.8499999999999,2.45,29.5
2024-10-21 22:00:00,2.033333333333333,244.33333333333334,755.7333333333332,2.0,48.666666666666664
2024-10-21 23:00:00,2.4166666666666665,247.5,755.6833333333334,1.6166666666666665,54.0
2024-10-22 00:00:00,1.5666666666666667,247.16666666666666,755.5166666666668,1.5666666666666667,48.166666666666664
2024-10-22 01:00:00,4.066666666666666,201.0,755.65,3.1833333333333336,33.166666666666664
2024-10-22 02:00:00,8.316666666666666,189.33333333333334,755.8666666666667,3.4333333333333336,39.166666666666664
2024-10-22 03:00:00,6.816666666666666,187.0,756.1999999999999,4.1000000000000005,33.333333333333336
2024-10-22 04:00:00,4.066666666666667,189.5,756.85,6.216666666666666,23.166666666666668
2024-10-22 05:00:00,4.45,211.16666666666666,757.3833333333333,7.016666666666667,28.333333333333332
2024-10-22 06:00:00,3.8333333333333335,228.33333333333334,757.6666666666666,7.933333333333333,28.666666666666668
2024-10-22 07:00:00,2.6833333333333336,232.0,757.8666666666667,9.299999999999999,23.666666666666668
2024-10-22 08:00:00,2.0833333333333335,231.16666666666666,757.6833333333334,10.183333333333332,20.0
2024-10-22 09:00:00,4.183333333333334,238.83333333333334,757.4,10.25,19.166666666666668
2024-10-22 10:00:00,3.4,237.33333333333334,757.3166666666666,9.950000000000001,16.833333333333332
2024-10-22 11:00:00,3.016666666666667,235.33333333333334,757.4499999999999,9.666666666666666,15.833333333333334
2024-10-22 12:00:00,2.75,240.16666666666666,757.6166666666667,9.266666666666667,16.833333333333332
2024-10-22 13:00:00,2.466666666666667,228.0,757.8166666666666,6.5,33.666666666666664
2024-10-22 14:00:00,3.1333333333333333,239.5,757.9333333333334,4.0,45.666666666666664
2024-10-22 15:00:00,3.1166666666666667,238.66666666666666,758.0833333333334,3.283333333333333,46.0
2024-10-22 16:00:00,3.5666666666666664,246.5,758.3666666666667,3.0833333333333335,46.166666666666664
2024-10-22 17:00:00,3.0833333333333335,249.33333333333334,758.5500000000001,2.1166666666666667,56.0
2024-10-22 18:00:00,2.9499999999999997,247.66666666666666,758.8499999999999,2.066666666666667,52.833333333333336
2024-10-22 19:00:00,2.6666666666666665,248.5,758.8833333333333,1.55,53.666666666666664
2024-10-22 20:00:00,2.8666666666666667,254.33333333333334,758.7333333333332,1.4166666666666667,57.833333333333336
2024-10-22 21:00:00,2.9,253.33333333333334,758.7166666666667,1.3333333333333333,60.5
2024-10-22 22:00:00,2.6999999999999997,254.5,758.6166666666667,0.8833333333333333,64.0
2024-10-22 23:00:00,2.5833333333333335,254.33333333333334,758.5500000000001,0.6833333333333332,65.16666666666667
2024-10-23 00:00:00,2.8333333333333335,252.16666666666666,758.3833333333333,0.5666666666666667,68.83333333333333
2024-10-23 01:00:00,3.3499999999999996,250.33333333333334,758.1333333333333,1.0833333333333333,69.83333333333333
2024-10-23 02:00:00,2.8833333333333333,250.33333333333334,758.2166666666667,1.8166666666666667,66.0
2024-10-23 03:00:00,1.8499999999999999,250.83333333333334,758.6166666666667,2.033333333333333,65.0
2024-10-23 04:00:00,2.216666666666667,252.66666666666666,759.1166666666667,3.1,61.166666666666664
2024-10-23 05:00:00,2.966666666666667,248.16666666666666,759.4833333333332,5.533333333333334,52.666666666666664
2024-10-23 06:00:00,3.4333333333333336,249.66666666666666,759.5,6.933333333333334,47.166666666666664
2024-10-23 07:00:00,2.8666666666666667,239.66666666666666,759.5500000000001,7.45,44.833333333333336
2024-10-23 08:00:00,1.9333333333333336,228.33333333333334,759.2833333333333,7.883333333333333,44.333333333333336
2024-10-23 09:00:00,2.766666666666667,236.83333333333334,758.8333333333334,9.816666666666666,36.5
2024-10-23 10:00:00,3.516666666666667,242.0,758.5333333333333,10.483333333333333,29.666666666666668
2024-10-23 11:00:00,2.433333333333333,226.66666666666666,758.5166666666668,7.916666666666667,41.666666666666664
2024-10-23 12:00:00,2.6333333333333333,225.16666666666666,758.7333333333332,6.583333333333333,50.333333333333336
2024-10-23 13:00:00,2.9166666666666665,223.83333333333334,758.9833333333332,5.6499999999999995,54.666666666666664
2024-10-23 14:00:00,3.033333333333333,234.83333333333334,759.3000000000001,4.3,60.666666666666664
2024-10-23 15:00:00,4.033333333333333,220.66666666666666,759.7333333333332,4.516666666666667,57.833333333333336
2024-10-23 16:00:00,4.1499999999999995,216.5,760.0,4.55,56.833333333333336
2024-10-23 17:00:00,4.2,242.16666666666666,759.9499999999999,3.8666666666666667,59.666666666666664
2024-10-23 18:00:00,3.4666666666666663,243.5,760.0666666666666,2.9499999999999997,64.83333333333333
2024-10-23 19:00:00,3.783333333333333,247.0,759.9833333333332,2.2666666666666666,69.66666666666667
2024-10-23 20:00:00,3.216666666666667,253.16666666666666,759.9166666666666,2.25,70.83333333333333
2024-10-23 21:00:00,3.1999999999999997,254.16666666666666,759.9166666666666,2.6333333333333333,70.66666666666667
2024-10-23 22:00:00,2.75,249.16666666666666,759.9666666666667,3.25,68.16666666666667
2024-10-23 23:00:00,2.85,253.16666666666666,759.75,2.6833333333333336,71.33333333333333
2024-10-24 00:00:00,2.85,253.0,759.6,2.783333333333333,71.5
2024-10-24 01:00:00,3.1,253.16666666666666,759.6666666666666,3.516666666666666,67.83333333333333
2024-10-24 02:00:00,3.1833333333333336,253.66666666666666,759.8666666666667,3.4333333333333336,71.16666666666667
2024-10-24 03:00:00,3.9666666666666663,253.83333333333334,760.15,4.3,70.66666666666667
2024-10-24 04:00:00,3.8666666666666667,251.33333333333334,760.5833333333334,5.916666666666667,64.33333333333333
2024-10-24 05:00:00,4.166666666666667,245.5,760.8666666666667,7.6000000000000005,56.666666666666664
2024-10-24 06:00:00,3.8000000000000003,242.33333333333334,760.9,8.933333333333334,51.333333333333336
2024-10-24 07:00:00,2.566666666666667,232.0,760.7666666666668,9.450000000000001,46.166666666666664
2024-10-24 08:00:00,3.1,231.0,760.25,9.666666666666666,44.833333333333336
2024-10-24 09:00:00,2.766666666666667,227.5,759.7666666666668,9.416666666666666,45.833333333333336
2024-10-24 10:00:00,2.6833333333333336,232.33333333333334,759.4833333333332,10.0,43.5
2024-10-24 11:00:00,1.9666666666666668,232.83333333333334,759.0166666666668,10.533333333333333,34.666666666666664
2024-10-24 12:00:00,2.733333333333333,239.66666666666666,758.5,10.049999999999999,29.833333333333332
2024-10-24 13:00:00,1.2833333333333334,234.16666666666666,758.1666666666666,8.549999999999999,29.333333333333332
2024-10-24 14:00:00,0.5333333333333333,227.5,758.1833333333334,7.3,32.666666666666664
2024-10-24 15:00:00,0.5666666666666668,228.0,758.1833333333334,7.3999999999999995,37.5
2024-10-24 16:00:00,1.9833333333333334,231.66666666666666,757.8166666666666,6.883333333333333,51.333333333333336
2024-10-24 17:00:00,4.7,249.66666666666666,757.4166666666666,6.066666666666666,78.33333333333333
2024-10-24 18:00:00,2.5833333333333335,237.16666666666666,757.5500000000001,5.416666666666667,87.66666666666667
2024-10-24 19:00:00,2.533333333333333,239.83333333333334,756.9166666666666,4.266666666666667,99.5
2024-10-24 20:00:00,2.966666666666667,245.16666666666666,756.15,4.816666666666666,77.33333333333333
2024-10-24 21:00:00,3.3666666666666667,247.33333333333334,755.7333333333332,4.233333333333333,89.66666666666667
2024-10-24 22:00:00,2.5833333333333335,251.5,755.5,2.6999999999999997,100.0
2024-10-24 23:00:00,2.533333333333333,249.33333333333334,755.4833333333332,2.6166666666666667,84.5
2024-10-25 00:00:00,3.6500000000000004,206.16666666666666,755.2166666666667,2.1333333333333333,65.16666666666667
2024-10-25 01:00:00,7.733333333333334,191.0,755.4,1.7666666666666666,59.833333333333336
2024-10-25 02:00:00,11.049999999999999,197.16666666666666,755.4333333333334,1.0166666666666666,62.333333333333336
2024-10-25 03:00:00,11.633333333333333,202.0,755.9166666666666,0.75,64.16666666666667
2024-10-25 04:00:00,11.433333333333332,207.33333333333334,756.6,1.4666666666666668,62.5
2024-10-25 05:00:00,6.616666666666667,226.33333333333334,757.7333333333332,2.9166666666666665,56.0
2024-10-25 06:00:00,4.25,228.16666666666666,758.1166666666667,4.133333333333334,51.666666666666664
2024-10-25 07:00:00,5.216666666666667,227.33333333333334,758.5666666666666,4.733333333333333,50.333333333333336
2024-10-25 08:00:00,8.85,204.33333333333334,758.5500000000001,5.733333333333333,47.166666666666664
2024-10-25 09:00:00,5.616666666666667,212.5,758.75,7.616666666666667,39.833333333333336
2024-10-25 10:00:00,3.8333333333333335,239.5,758.9499999999999,9.466666666666667,34.833333333333336
2024-10-25 11:00:00,4.416666666666667,237.33333333333334,759.7166666666667,8.833333333333334,39.166666666666664
2024-10-25 12:00:00,4.033333333333333,237.83333333333334,760.5333333333333,7.816666666666666,39.666666666666664
2024-10-25 13:00:00,3.283333333333333,243.5,761.15,6.0,42.5
2024-10-25 14:00:00,2.3333333333333335,244.66666666666666,761.4833333333332,4.116666666666666,48.333333333333336
2024-10-25 15:00:00,0.8666666666666667,230.0,761.9,3.1999999999999997,54.666666666666664
2024-10-25 16:00:00,1.0,222.83333333333334,762.2333333333332,2.5833333333333335,55.166666666666664
2024-10-25 17:00:00,0.9166666666666666,250.0,762.3000000000001,2.4,56.333333333333336
2024-10-25 18:00:00,0.8833333333333333,247.83333333333334,762.3499999999999,2.3833333333333333,56.333333333333336
2024-10-25 19:00:00,0.9666666666666667,237.83333333333334,762.3666666666667,1.9666666666666668,55.166666666666664
2024-10-25 20:00:00,0.5,227.5,762.3333333333334,1.3333333333333333,50.333333333333336
2024-10-25 21:00:00,0.5333333333333333,208.83333333333334,762.0500000000001,1.05,42.5
2024-10-25 22:00:00,0.8833333333333333,204.33333333333334,761.8666666666667,0.35000000000000003,43.166666666666664
2024-10-25 23:00:00,0.18333333333333335,218.66666666666666,761.4166666666666,0.7999999999999999,42.5
2024-10-26 00:00:00,0.6,221.33333333333334,761.1833333333334,0.7000000000000001,44.166666666666664
2024-10-26 01:00:00,0.43333333333333335,225.0,761.5500000000001,0.3333333333333333,46.666666666666664
2024-10-26 02:00:00,0.5499999999999999,212.33333333333334,761.4166666666666,-0.48333333333333334,52.833333333333336
2024-10-26 03:00:00,0.8833333333333333,236.66666666666666,761.7166666666667,0.65,50.5
2024-10-26 04:00:00,0.26666666666666666,242.83333333333334,762.1500000000001,3.6166666666666667,50.0
2024-10-26 05:00:00,1.45,217.66666666666666,762.2333333333332,5.383333333333333,41.5
2024-10-26 06:00:00,3.1166666666666667,221.33333333333334,762.3333333333334,5.883333333333333,43.5
2024-10-26 07:00:00,2.6999999999999997,220.0,761.9333333333334,6.8999999999999995,41.0
2024-10-26 08:00:00,3.5,235.33333333333334,761.6500000000001,7.483333333333333,35.0
2024-10-26 09:00:00,3.3000000000000003,227.83333333333334,761.3000000000001,6.966666666666666,38.5
2024-10-26 10:00:00,2.85,225.83333333333334,760.8333333333334,7.583333333333333,39.0
2024-10-26 11:00:00,3.0500000000000003,232.66666666666666,760.6333333333333,7.383333333333333,43.166666666666664
2024-10-26 12:00:00,2.716666666666667,227.5,760.6999999999999,6.933333333333334,46.833333333333336
2024-10-26 13:00:00,2.6166666666666667,243.16666666666666,760.6999999999999,5.783333333333334,48.5
2024-10-26 14:00:00,1.25,242.16666666666666,760.9833333333332,4.05,54.166666666666664
2024-10-26 15:00:00,0.3166666666666667,248.33333333333334,761.0833333333334,3.266666666666667,57.833333333333336
2024-10-26 16:00:00,0.016666666666666666,210.66666666666666,761.1166666666667,2.766666666666667,56.333333333333336
2024-10-26 17:00:00,0.15,240.66666666666666,761.0833333333334,3.5,43.833333333333336
2024-10-26 18:00:00,0.6,207.5,761.1166666666667,2.9,43.666666666666664
2024-10-26 19:00:00,0.5333333333333333,205.16666666666666,760.8666666666667,2.5500000000000003,43.833333333333336
2024-10-26 20:00:00,0.4166666666666667,234.0,760.8499999999999,2.2666666666666666,45.833333333333336
2024-10-26 21:00:00,0.5833333333333334,212.0,760.9,1.6166666666666665,46.166666666666664
2024-10-26 22:00:00,0.8166666666666668,204.5,760.8666666666667,2.1666666666666665,38.333333333333336
2024-10-26 23:00:00,0.0,223.33333333333334,760.6,2.6333333333333333,32.666666666666664
2024-10-27 00:00:00,1.2,207.83333333333334,760.4666666666667,1.55,35.0
2024-10-27 01:00:00,0.5333333333333333,217.0,760.75,1.0666666666666667,37.666666666666664
2024-10-27 02:00:00,0.6,227.5,761.1999999999999,1.5999999999999999,32.666666666666664
2024-10-27 03:00:00,0.7333333333333334,236.0,761.5333333333333,1.5666666666666664,37.833333333333336
2024-10-27 04:00:00,1.6666666666666667,250.0,762.1833333333334,3.5833333333333335,44.5
2024-10-27 05:00:00,0.9,241.0,762.5,6.716666666666666,35.333333333333336
2024-10-27 06:00:00,2.15,235.16666666666666,762.6333333333333,7.516666666666667,32.833333333333336
2024-10-27 07:00:00,2.6333333333333333,234.0,762.6833333333334,7.8999999999999995,41.0
2024-10-27 08:00:00,2.8833333333333333,227.33333333333334,762.4666666666667,8.733333333333334,39.0
2024-10-27 09:00:00,2.8000000000000003,232.33333333333334,762.1166666666667,9.483333333333333,36.166666666666664
2024-10-27 10:00:00,3.3833333333333333,229.16666666666666,761.9166666666666,9.483333333333333,35.833333333333336
2024-10-27 11:00:00,3.6333333333333333,227.83333333333334,762.1333333333333,8.950000000000001,36.166666666666664
2024-10-27 12:00:00,2.983333333333333,226.83333333333334,762.3833333333333,8.1,38.166666666666664
2024-10-27 13:00:00,2.4,231.0,762.6666666666666,6.416666666666667,43.0
2024-10-27 14:00:00,0.9833333333333333,244.33333333333334,763.0166666666668,4.0,55.333333333333336
2024-10-27 15:00:00,0.35000000000000003,240.0,763.3666666666667,2.35,66.83333333333333
2024-10-27 16:00:00,1.3,252.83333333333334,763.6666666666666,1.5999999999999999,78.0
2024-10-27 17:00:00,0.4166666666666667,248.0,763.7000000000002,1.1166666666666667,82.16666666666667
2024-10-27 18:00:00,0.48333333333333334,241.16666666666666,763.75,1.0833333333333333,85.83333333333333
2024-10-27 19:00:00,0.16666666666666666,246.5,763.5833333333334,1.4333333333333333,78.16666666666667
2024-10-27 20:00:00,0.43333333333333335,218.16666666666666,763.4499999999999,0.7333333333333334,81.16666666666667
2024-10-27 21:00:00,0.03333333333333333,253.33333333333334,763.3833333333333,1.3833333333333335,78.5
2024-10-27 22:00:00,0.43333333333333335,213.33333333333334,763.1333333333333,1.1500000000000001,77.66666666666667
2024-10-27 23:00:00,0.26666666666666666,223.5,762.7166666666667,0.8333333333333334,79.5
2024-10-28 00:00:00,0.05000000000000001,232.83333333333334,762.4666666666667,0.7166666666666667,82.5
2024-10-28 01:00:00,0.016666666666666666,229.16666666666666,762.3499999999999,0.15,88.0
2024-10-28 02:00:00,0.11666666666666665,222.0,762.2999999999998,-0.2833333333333333,95.33333333333333
2024-10-28 03:00:00,0.03333333333333333,230.0,762.3333333333334,0.35000000000000003,95.0
2024-10-28 04:00:00,0.4666666666666666,236.16666666666666,762.6166666666667,2.0833333333333335,82.66666666666667
2024-10-28 05:00:00,1.1333333333333333,218.16666666666666,762.8333333333334,3.9499999999999997,70.16666666666667
2024-10-28 06:00:00,1.9833333333333334,222.5,762.65,5.316666666666666,60.166666666666664
2024-10-28 07:00:00,2.716666666666667,223.83333333333334,762.2833333333333,6.116666666666667,56.666666666666664
2024-10-28 08:00:00,3.1666666666666665,220.83333333333334,761.7166666666667,6.733333333333333,53.333333333333336
2024-10-28 09:00:00,4.066666666666666,221.0,760.9666666666667,7.183333333333334,51.5
2024-10-28 10:00:00,3.783333333333333,225.16666666666666,760.5500000000001,7.3,51.833333333333336
2024-10-28 11:00:00,3.65,228.83333333333334,760.3499999999999,7.433333333333334,51.333333333333336
2024-10-28 12:00:00,3.4166666666666665,230.66666666666666,760.3499999999999,6.633333333333333,54.333333333333336
2024-10-28 13:00:00,2.5,235.66666666666666,760.3166666666666,5.133333333333334,60.333333333333336
2024-10-28 14:00:00,2.4166666666666665,241.5,760.5,3.3000000000000003,69.66666666666667
2024-10-28 15:00:00,1.9666666666666668,237.5,760.7166666666667,2.1666666666666665,77.33333333333333
2024-10-28 16:00:00,0.5666666666666667,236.83333333333334,760.8000000000001,1.4000000000000001,81.66666666666667
2024-10-28 17:00:00,0.16666666666666666,233.83333333333334,760.6,1.6833333333333333,74.0
2024-10-28 18:00:00,0.3,222.33333333333334,760.5500000000001,1.5666666666666667,64.5
2024-10-28 19:00:00,0.2333333333333333,236.0,760.4333333333334,1.5666666666666667,61.0
2024-10-28 20:00:00,0.11666666666666665,240.66666666666666,760.25,0.6166666666666667,69.83333333333333
2024-10-28 21:00:00,0.7166666666666667,223.83333333333334,760.2000000000002,0.6166666666666667,71.5
2024-10-28 22:00:00,0.3,241.16666666666666,760.0833333333334,0.3,81.33333333333333
2024-10-28 23:00:00,0.18333333333333335,222.16666666666666,759.8666666666667,-0.4000000000000001,81.5
2024-10-29 00:00:00,0.5333333333333333,215.83333333333334,759.7999999999998,0.06666666666666668,71.33333333333333
2024-10-29 01:00:00,0.21666666666666667,226.5,759.9333333333334,-0.04999999999999999,84.0
2024-10-29 02:00:00,0.21666666666666667,230.33333333333334,760.1833333333334,-0.31666666666666665,90.83333333333333
2024-10-29 03:00:00,0.9333333333333332,248.5,760.3666666666667,0.7999999999999999,77.5
2024-10-29 04:00:00,1.4166666666666667,245.66666666666666,760.8000000000001,2.966666666666667,64.66666666666667
2024-10-29 05:00:00,1.6666666666666667,238.83333333333334,761.1833333333334,5.033333333333334,56.0
2024-10-29 06:00:00,2.216666666666667,244.33333333333334,761.3666666666667,6.316666666666666,53.166666666666664
2024-10-29 07:00:00,2.3666666666666667,230.83333333333334,761.15,7.583333333333333,45.0
2024-10-29 08:00:00,2.6666666666666665,231.66666666666666,760.75,8.283333333333333,40.5
2024-10-29 09:00:00,3.35,232.5,760.25,8.75,40.0
2024-10-29 10:00:00,3.8333333333333335,234.5,759.8833333333333,8.799999999999999,40.5
2024-10-29 11:00:00,3.5833333333333335,235.83333333333334,759.8166666666666,8.566666666666666,43.0
2024-10-29 12:00:00,2.9,239.66666666666666,759.9333333333334,8.0,45.0
2024-10-29 13:00:00,2.8333333333333335,242.83333333333334,759.8499999999999,6.483333333333333,50.5
2024-10-29 14:00:00,1.3833333333333335,235.66666666666666,760.0833333333334,4.3500000000000005,58.333333333333336
2024-10-29 15:00:00,0.5333333333333333,232.66666666666666,760.3166666666666,3.0,63.0
2024-10-29 16:00:00,0.43333333333333335,243.83333333333334,760.4499999999999,2.85,62.333333333333336
2024-10-29 17:00:00,0.43333333333333335,235.5,760.5166666666668,2.733333333333333,55.833333333333336
2024-10-29 18:00:00,0.18333333333333335,231.5,760.5833333333334,2.15,49.833333333333336
2024-10-29 19:00:00,0.48333333333333334,240.33333333333334,760.5666666666666,1.4333333333333333,51.833333333333336
2024-10-29 20:00:00,1.2,204.83333333333334,760.5333333333333,1.5999999999999999,56.166666666666664
2024-10-29 21:00:00,1.0,200.5,760.4499999999999,1.1666666666666667,59.333333333333336
2024-10-29 22:00:00,1.8666666666666665,185.66666666666666,760.3333333333334,0.85,61.5
2024-10-29 23:00:00,0.7166666666666668,217.0,760.2333333333332,1.7833333333333332,54.166666666666664
2024-10-30 00:00:00,2.3000000000000003,193.5,760.0500000000001,1.8499999999999999,52.5
2024-10-30 01:00:00,2.0,196.0,760.1333333333333,2.0166666666666666,52.166666666666664
2024-10-30 02:00:00,2.5500000000000003,194.33333333333334,760.3166666666666,1.7666666666666666,48.166666666666664
2024-10-30 03:00:00,0.7833333333333333,233.0,760.7166666666667,2.2666666666666666,49.333333333333336
2024-10-30 04:00:00,0.25,248.16666666666666,761.2833333333333,4.933333333333334,46.0
2024-10-30 05:00:00,0.43333333333333335,242.0,761.6833333333334,6.55,40.666666666666664
2024-10-30 06:00:00,1.95,229.5,761.9166666666666,7.5,42.833333333333336
2024-10-30 07:00:00,1.9333333333333333,226.33333333333334,761.6166666666667,8.700000000000001,40.666666666666664
2024-10-30 08:00:00,2.6999999999999997,227.33333333333334,761.15,9.666666666666666,39.166666666666664
2024-10-30 09:00:00,3.1666666666666665,230.66666666666666,760.85,9.4,37.5
2024-10-30 10:00:00,3.4,232.66666666666666,760.6333333333333,9.950000000000001,36.5
2024-10-30 11:00:00,3.1333333333333333,226.5,760.7166666666667,9.6,38.0
2024-10-30 12:00:00,3.0833333333333335,236.0,760.8499999999999,9.299999999999999,38.666666666666664
2024-10-30 13:00:00,2.75,240.16666666666666,760.9333333333334,7.25,43.833333333333336
2024-10-30 14:00:00,1.3499999999999999,247.16666666666666,761.0500000000001,5.066666666666666,50.833333333333336
2024-10-30 15:00:00,0.5833333333333334,224.0,761.35,3.733333333333333,55.166666666666664
2024-10-30 16:00:00,0.21666666666666667,227.83333333333334,761.7333333333332,3.716666666666667,55.166666666666664
2024-10-30 17:00:00,0.8333333333333334,236.16666666666666,761.6833333333334,3.4,56.833333333333336
2024-10-30 18:00:00,0.6166666666666667,239.66666666666666,761.5666666666666,3.6333333333333333,54.666666666666664
2024-10-30 19:00:00,0.3,222.66666666666666,761.6,3.266666666666667,52.5
2024-10-30 20:00:00,0.23333333333333336,222.83333333333334,761.4166666666666,2.8333333333333335,52.666666666666664
2024-10-30 21:00:00,0.4166666666666667,229.0,761.4,3.1833333333333336,50.5
2024-10-30 22:00:00,0.8666666666666667,240.66666666666666,761.3000000000001,2.183333333333333,56.333333333333336
2024-10-30 23:00:00,1.2,234.16666666666666,760.8833333333333,2.433333333333333,55.5
2024-10-31 00:00:00,0.7166666666666667,231.5,760.8166666666666,2.5166666666666666,55.833333333333336
2024-10-31 01:00:00,0.7833333333333333,231.33333333333334,760.8833333333333,2.6999999999999997,56.333333333333336
2024-10-31 02:00:00,0.9166666666666666,243.0,761.2666666666668,2.5,57.0
2024-10-31 03:00:00,0.2333333333333333,224.83333333333334,761.5166666666668,2.1333333333333333,59.666666666666664
2024-10-31 04:00:00,0.6,234.5,762.0333333333333,4.683333333333334,54.666666666666664
2024-10-31 05:00:00,1.0166666666666666,242.66666666666666,762.3333333333334,7.416666666666667,45.333333333333336
2024-10-31 06:00:00,1.6833333333333333,234.66666666666666,762.5500000000001,7.1000000000000005,45.833333333333336
2024-10-31 07:00:00,0.7666666666666666,236.5,762.2666666666668,7.5,45.666666666666664
2024-10-31 08:00:00,2.15,236.5,761.8166666666666,8.866666666666667,41.833333333333336
2024-10-31 09:00:00,2.5833333333333335,228.83333333333334,761.2333333333332,8.833333333333334,41.333333333333336
2024-10-31 10:00:00,2.5,232.0,761.0833333333334,8.866666666666667,40.833333333333336
2024-10-31 11:00:00,2.6833333333333336,231.16666666666666,761.0,7.766666666666667,43.5
2024-10-31 12:00:00,1.0,237.0,761.1,7.0,45.0
2024-10-31 13:00:00,0.26666666666666666,245.5,761.0833333333334,6.25,47.333333333333336
2024-10-31 14:00:00,0.05000000000000001,232.16666666666666,761.2333333333332,5.166666666666667,50.166666666666664
2024-10-31 15:00:00,0.6,211.33333333333334,761.6333333333333,4.45,50.333333333333336
2024-10-31 16:00:00,0.6166666666666667,219.0,761.9166666666666,4.033333333333333,51.5
2024-10-31 17:00:00,0.5333333333333333,232.5,762.1833333333334,3.733333333333333,52.166666666666664
2024-10-31 18:00:00,0.23333333333333336,231.66666666666666,762.2333333333332,3.9166666666666665,50.666666666666664
2024-10-31 19:00:00,0.05000000000000001,233.16666666666666,762.1666666666666,4.45,48.666666666666664
2024-10-31 20:00:00,0.5,235.66666666666666,761.9333333333334,5.083333333333333,44.333333333333336
2024-10-31 21:00:00,0.5666666666666667,217.5,761.9,4.316666666666666,48.833333333333336
2024-10-31 22:00:00,0.2333333333333333,213.16666666666666,761.7666666666668,4.1000000000000005,52.833333333333336
2024-10-31 23:00:00,0.03333333333333333,225.0,761.6166666666667,4.8500000000000005,49.666666666666664
2024-11-01 00:00:00,0.16666666666666666,217.66666666666666,761.7833333333333,4.183333333333334,52.5
2024-11-01 01:00:00,0.3666666666666667,209.33333333333334,761.8833333333333,3.716666666666667,55.333333333333336
2024-11-01 02:00:00,0.35000000000000003,228.83333333333334,762.0,4.883333333333334,52.0
2024-11-01 03:00:00,0.6333333333333334,220.0,762.2166666666667,5.666666666666667,51.0
2024-11-01 04:00:00,0.15,244.0,762.8166666666666,9.266666666666667,40.833333333333336
2024-11-01 05:00:00,0.8333333333333334,239.0,763.4666666666667,10.5,37.5
2024-11-01 06:00:00,1.3,241.5,763.6333333333333,10.983333333333334,37.0
2024-11-01 07:00:00,2.5166666666666666,231.5,763.75,11.950000000000001,36.333333333333336
2024-11-01 08:00:00,3.0,234.5,763.6999999999999,12.383333333333333,37.0
2024-11-01 09:00:00,3.1166666666666667,231.0,763.25,12.733333333333334,36.5
2024-11-01 10:00:00,3.216666666666667,234.5,763.3333333333334,12.6,36.166666666666664
2024-11-01 11:00:00,2.966666666666667,233.66666666666666,763.4,11.566666666666668,38.666666666666664
2024-11-01 12:00:00,1.8499999999999999,220.83333333333334,763.5500000000001,10.783333333333333,40.5
2024-11-01 13:00:00,0.03333333333333333,221.83333333333334,763.4,9.799999999999999,42.666666666666664
2024-11-01 14:00:00,0.11666666666666668,236.66666666666666,763.7833333333333,8.083333333333334,47.5
2024-11-01 15:00:00,0.5666666666666667,228.5,764.6,6.8999999999999995,52.166666666666664
2024-11-01 16:00:00,0.3666666666666667,225.33333333333334,764.7666666666668,6.366666666666667,54.5
2024-11-01 17:00:00,0.5166666666666667,219.66666666666666,764.9166666666666,6.3500000000000005,54.833333333333336
2024-11-01 18:00:00,0.5666666666666668,223.33333333333334,765.0333333333333,6.433333333333334,54.666666666666664
2024-11-01 19:00:00,0.7999999999999999,195.5,764.9499999999999,5.8,57.0
2024-11-01 20:00:00,1.0166666666666666,212.16666666666666,764.8666666666667,5.666666666666667,56.833333333333336
2024-11-01 21:00:00,1.1833333333333333,196.5,764.7166666666667,5.333333333333333,57.833333333333336
2024-11-01 22:00:00,1.5166666666666666,195.66666666666666,764.5500000000001,5.583333333333333,57.0
2024-11-01 23:00:00,2.0166666666666666,197.0,764.3833333333333,5.516666666666667,59.333333333333336
2024-11-02 00:00:00,0.8166666666666668,213.5,764.2333333333332,5.733333333333333,61.166666666666664
2024-11-02 01:00:00,0.0,213.0,764.2333333333332,6.383333333333333,61.666666666666664
2024-11-02 02:00:00,0.31666666666666665,223.16666666666666,764.1500000000001,5.8500000000000005,63.333333333333336
2024-11-02 03:00:00,0.6166666666666667,222.83333333333334,764.2833333333333,5.966666666666668,63.166666666666664
2024-11-02 04:00:00,0.2833333333333333,233.5,764.5,9.450000000000001,52.0
2024-11-02 05:00:00,1.4833333333333334,239.83333333333334,764.9666666666667,9.6,50.333333333333336
2024-11-02 06:00:00,2.716666666666667,228.33333333333334,765.1333333333333,10.15,48.666666666666664
2024-11-02 07:00:00,2.266666666666667,224.83333333333334,764.8833333333333,11.200000000000001,45.166666666666664
2024-11-02 08:00:00,3.65,228.16666666666666,764.4,12.25,41.5
2024-11-02 09:00:00,3.466666666666667,235.16666666666666,763.9333333333334,12.6,40.0
2024-11-02 10:00:00,4.1000000000000005,237.0,763.6,12.950000000000001,38.166666666666664
2024-11-02 11:00:00,3.9666666666666663,236.33333333333334,763.3333333333334,12.75,39.5
2024-11-02 12:00:00,3.6999999999999997,237.5,763.5,11.766666666666666,43.166666666666664
2024-11-02 13:00:00,2.8000000000000003,239.5,763.4666666666667,10.133333333333333,48.833333333333336
2024-11-02 14:00:00,0.7833333333333333,231.33333333333334,763.5166666666668,8.516666666666667,52.833333333333336
2024-11-02 15:00:00,0.3833333333333333,213.5,763.5166666666668,6.8,59.0
2024-11-02 16:00:00,0.4166666666666667,223.66666666666666,763.4333333333334,6.6000000000000005,61.0
2024-11-02 17:00:00,0.75,205.0,763.5166666666668,6.083333333333333,62.833333333333336
2024-11-02 18:00:00,1.2666666666666666,200.0,763.5833333333334,6.116666666666667,65.0
2024-11-02 19:00:00,0.06666666666666667,220.33333333333334,763.4833333333332,6.333333333333333,65.0
2024-11-02 20:00:00,0.08333333333333333,231.83333333333334,763.1,5.966666666666666,67.0
2024-11-02 21:00:00,0.06666666666666667,226.33333333333334,762.6833333333334,5.766666666666667,69.83333333333333
2024-11-02 22:00:00,0.09999999999999999,223.66666666666666,762.4666666666667,6.05,69.5
2024-11-02 23:00:00,0.13333333333333333,229.33333333333334,762.3333333333334,6.333333333333333,72.16666666666667
2024-11-03 00:00:00,0.43333333333333335,232.33333333333334,762.0666666666666,6.833333333333333,72.66666666666667
2024-11-03 01:00:00,0.43333333333333335,235.66666666666666,761.9166666666666,6.583333333333333,74.0
2024-11-03 02:00:00,0.5,228.83333333333334,761.5500000000001,5.566666666666666,79.33333333333333
2024-11-03 03:00:00,0.15,227.5,761.3833333333333,5.7,87.16666666666667
2024-11-03 04:00:00,0.05000000000000001,234.83333333333334,761.4666666666667,8.549999999999999,70.33333333333333
2024-11-03 05:00:00,1.5166666666666666,239.33333333333334,761.75,10.433333333333334,61.166666666666664
2024-11-03 06:00:00,3.283333333333333,238.5,761.65,11.6,53.666666666666664
2024-11-03 07:00:00,4.2,246.33333333333334,761.5166666666668,10.516666666666667,58.5
2024-11-03 08:00:00,4.983333333333333,249.16666666666666,761.3000000000001,8.766666666666667,75.16666666666667
2024-11-03 09:00:00,5.1000000000000005,250.66666666666666,761.3166666666666,6.116666666666667,100.0
2024-11-03 10:00:00,6.25,253.16666666666666,761.6333333333333,5.1499999999999995,100.0
2024-11-03 11:00:00,2.8833333333333333,246.0,761.5,4.95,100.0
2024-11-03 12:00:00,1.1333333333333333,241.33333333333334,761.15,5.75,
2024-11-03 13:00:00,1.0333333333333334,249.5,760.7166666666667,5.45,
2024-11-03 14:00:00,0.75,233.5,760.75,5.216666666666667,100.0
2024-11-03 15:00:00,1.0166666666666666,209.0,761.15,5.533333333333334,100.0
2024-11-03 16:00:00,0.5666666666666668,237.33333333333334,761.0333333333333,6.1499999999999995,100.0
2024-11-03 17:00:00,0.11666666666666665,229.0,760.8666666666667,6.633333333333333,99.16666666666667
2024-11-03 18:00:00,0.9,236.5,760.6833333333334,7.7,89.66666666666667
2024-11-03 19:00:00,2.2666666666666666,254.66666666666666,760.7833333333333,8.166666666666666,85.33333333333333
2024-11-03 20:00:00,1.9666666666666668,254.16666666666666,760.5500000000001,7.8500000000000005,94.83333333333333
2024-11-03 21:00:00,0.4166666666666667,246.83333333333334,760.0833333333334,7.55,99.66666666666667
2024-11-03 22:00:00,1.2833333333333334,237.33333333333334,759.7833333333333,7.633333333333333,100.0
2024-11-03 23:00:00,1.1333333333333335,242.83333333333334,759.8000000000001,7.25,100.0
2024-11-04 00:00:00,1.3166666666666667,243.0,759.4333333333334,7.25,100.0
2024-11-04 01:00:00,0.5166666666666667,250.16666666666666,759.6333333333333,6.95,100.0
2024-11-04 02:00:00,0.75,236.0,759.6,6.916666666666667,100.0
2024-11-04 03:00:00,0.03333333333333333,221.16666666666666,759.6999999999999,6.083333333333333,100.0
2024-11-04 04:00:00,0.16666666666666666,217.0,759.9833333333332,6.8500000000000005,100.0
2024-11-04 05:00:00,1.7833333333333332,235.83333333333334,760.5166666666668,7.216666666666666,100.0
2024-11-04 06:00:00,2.316666666666667,237.0,760.6166666666667,8.233333333333334,100.0
2024-11-04 07:00:00,1.6666666666666667,241.5,760.5500000000001,8.200000000000001,100.0
2024-11-04 08:00:00,2.2333333333333334,251.33333333333334,760.1999999999999,8.166666666666666,100.0
2024-11-04 09:00:00,2.4166666666666665,245.0,759.65,8.0,100.0
2024-11-04 10:00:00,2.3833333333333333,248.66666666666666,759.1999999999999,8.733333333333334,99.66666666666667
2024-11-04 11:00:00,2.1833333333333336,246.66666666666666,758.9833333333332,9.816666666666666,89.16666666666667
2024-11-04 12:00:00,0.9666666666666668,234.16666666666666,759.0166666666668,8.683333333333334,98.66666666666667
2024-11-04 13:00:00,2.0166666666666666,238.66666666666666,759.0833333333334,8.366666666666667,100.0
2024-11-04 14:00:00,1.25,220.5,759.1833333333334,8.066666666666666,100.0
2024-11-04 15:00:00,2.8166666666666664,229.33333333333334,759.5666666666666,7.883333333333333,100.0
2024-11-04 16:00:00,2.5833333333333335,251.5,759.5333333333333,7.3999999999999995,100.0
2024-11-04 17:00:00,1.5999999999999999,252.5,759.4833333333332,7.2,100.0
2024-11-04 18:00:00,0.25,231.66666666666666,759.35,7.1499999999999995,100.0
2024-11-04 19:00:00,0.016666666666666666,231.5,759.1500000000001,6.95,100.0
2024-11-04 20:00:00,0.7166666666666667,242.5,758.8666666666667,7.016666666666667,100.0
2024-11-04 21:00:00,1.4000000000000001,245.16666666666666,758.5333333333333,7.133333333333333,100.0
2024-11-04 22:00:00,0.9,243.5,758.2666666666668,7.233333333333333,100.0
2024-11-04 23:00:00,1.25,249.16666666666666,758.0833333333334,7.05,100.0
2024-11-05 00:00:00,0.31666666666666665,237.33333333333334,757.8833333333333,6.733333333333333,100.0
2024-11-05 01:00:00,0.9500000000000001,249.16666666666666,757.7999999999998,6.716666666666666,97.5
2024-11-05 02:00:00,2.2666666666666666,249.16666666666666,757.7166666666667,6.816666666666666,94.66666666666667
2024-11-05 03:00:00,3.4166666666666665,251.83333333333334,758.0,6.75,95.83333333333333
2024-11-05 04:00:00,3.9333333333333336,253.16666666666666,758.4666666666667,7.05,84.5
2024-11-05 05:00:00,5.266666666666667,255.66666666666666,758.6,7.266666666666667,72.5
2024-11-05 06:00:00,6.25,256.1666666666667,758.6,7.466666666666666,63.666666666666664
2024-11-05 07:00:00,5.1000000000000005,248.5,758.7000000000002,8.283333333333333,63.166666666666664
2024-11-05 08:00:00,6.216666666666666,252.83333333333334,758.4499999999999,8.183333333333332,61.5
2024-11-05 09:00:00,5.783333333333334,250.5,758.2333333333332,8.366666666666667,58.666666666666664
2024-11-05 10:00:00,6.7,249.33333333333334,757.9,9.583333333333334,51.333333333333336
2024-11-05 11:00:00,6.716666666666666,250.0,757.8499999999999,10.700000000000001,43.666666666666664
2024-11-05 12:00:00,7.3,256.5,758.0666666666666,10.183333333333334,39.833333333333336
2024-11-05 13:00:00,7.316666666666666,256.3333333333333,758.2666666666668,9.083333333333334,38.666666666666664
2024-11-05 14:00:00,6.266666666666667,255.0,758.6333333333333,8.183333333333334,39.666666666666664
2024-11-05 15:00:00,7.316666666666666,252.66666666666666,758.9333333333334,8.366666666666667,39.166666666666664
2024-11-05 16:00:00,5.716666666666666,254.5,759.3166666666666,7.816666666666666,41.5
2024-11-05 17:00:00,4.166666666666667,252.0,759.7166666666667,7.1499999999999995,43.666666666666664
2024-11-05 18:00:00,5.166666666666667,255.5,760.1,7.083333333333333,44.833333333333336
2024-11-05 19:00:00,3.966666666666667,254.66666666666666,760.3333333333334,6.283333333333334,48.0
2024-11-05 20:00:00,3.783333333333333,256.5,760.3166666666666,5.933333333333334,48.0
2024-11-05 21:00:00,2.5166666666666666,252.16666666666666,760.4499999999999,5.45,47.5
2024-11-05 22:00:00,0.2833333333333333,226.83333333333334,760.4666666666667,3.8833333333333333,52.666666666666664
2024-11-05 23:00:00,0.85,229.5,760.5,3.533333333333333,48.5
2024-11-06 00:00:00,1.1500000000000001,250.33333333333334,760.65,4.033333333333333,39.666666666666664
2024-11-06 01:00:00,0.5499999999999999,223.83333333333334,760.9499999999999,2.5166666666666666,45.833333333333336
2024-11-06 02:00:00,0.8000000000000002,215.66666666666666,761.25,1.5,51.0
2024-11-06 03:00:00,1.1833333333333333,197.66666666666666,761.6833333333334,2.1,51.333333333333336
2024-11-06 04:00:00,0.016666666666666666,232.83333333333334,762.4833333333332,6.833333333333333,36.666666666666664
2024-11-06 05:00:00,0.35000000000000003,214.83333333333334,763.0833333333334,8.5,26.0
2024-11-06 06:00:00,1.2,230.33333333333334,763.4499999999999,8.9,29.333333333333332
2024-11-06 07:00:00,2.5500000000000003,226.66666666666666,763.5666666666666,9.416666666666666,24.5
2024-11-06 08:00:00,2.5833333333333335,222.16666666666666,763.4,9.783333333333333,19.666666666666668
2024-11-06 09:00:00,3.683333333333333,236.16666666666666,763.1999999999999,10.283333333333333,20.666666666666668
2024-11-06 10:00:00,3.75,239.83333333333334,763.0,10.416666666666666,19.666666666666668
2024-11-06 11:00:00,3.0666666666666664,236.0,763.1,10.5,19.0
2024-11-06 12:00:00,3.8333333333333335,238.5,763.2833333333333,9.833333333333334,19.666666666666668
2024-11-06 13:00:00,2.983333333333333,243.33333333333334,763.3499999999999,7.966666666666666,21.5
2024-11-06 14:00:00,0.11666666666666665,215.66666666666666,763.5666666666666,5.716666666666666,36.666666666666664
2024-11-06 15:00:00,0.35000000000000003,199.33333333333334,763.8833333333333,4.8500000000000005,37.0
2024-11-06 16:00:00,0.44999999999999996,236.66666666666666,763.8499999999999,5.383333333333333,29.666666666666668
2024-11-06 17:00:00,0.18333333333333335,234.16666666666666,764.0666666666666,5.366666666666667,28.5
2024-11-06 18:00:00,0.0,233.5,764.0666666666666,5.833333333333333,21.833333333333332
2024-11-06 19:00:00,0.016666666666666666,228.83333333333334,763.9833333333332,5.716666666666666,23.833333333333332
2024-11-06 20:00:00,0.15,223.16666666666666,763.6666666666666,5.083333333333333,26.5
2024-11-06 21:00:00,1.3499999999999999,196.33333333333334,763.5333333333333,3.4333333333333336,32.5
2024-11-06 22:00:00,0.8833333333333333,217.33333333333334,763.6,3.6999999999999997,31.166666666666668
2024-11-06 23:00:00,0.35000000000000003,206.16666666666666,763.5166666666668,3.3166666666666664,35.666666666666664
2024-11-07 00:00:00,0.0,227.33333333333334,763.3833333333333,3.8666666666666667,33.5
2024-11-07 01:00:00,0.05000000000000001,229.0,763.4,2.8833333333333333,40.666666666666664
2024-11-07 02:00:00,0.16666666666666666,224.16666666666666,763.6500000000001,2.733333333333333,43.5
2024-11-07 03:00:00,0.7833333333333333,202.0,763.9333333333334,2.8333333333333335,44.833333333333336
2024-11-07 04:00:00,0.08333333333333333,218.0,764.5333333333333,7.216666666666666,30.833333333333332
2024-11-07 05:00:00,0.7166666666666667,238.83333333333334,764.9833333333332,7.933333333333334,29.5
2024-11-07 06:00:00,2.4,232.33333333333334,765.0333333333333,8.299999999999999,34.833333333333336
2024-11-07 07:00:00,2.5500000000000003,221.83333333333334,765.1166666666667,8.35,41.666666666666664
2024-11-07 08:00:00,2.6833333333333336,216.33333333333334,764.8333333333334,8.883333333333333,40.5
2024-11-07 09:00:00,3.75,226.33333333333334,764.5,9.683333333333334,38.333333333333336
2024-11-07 10:00:00,3.5,226.83333333333334,764.3333333333334,8.866666666666667,38.5
2024-11-07 11:00:00,2.783333333333333,228.5,764.4666666666667,9.166666666666666,40.333333333333336
2024-11-07 12:00:00,2.6999999999999997,237.16666666666666,764.4833333333332,8.283333333333333,44.833333333333336
2024-11-07 13:00:00,2.0166666666666666,237.16666666666666,764.65,6.633333333333333,53.333333333333336
2024-11-07 14:00:00,0.5666666666666667,234.83333333333334,765.0166666666668,5.566666666666666,60.666666666666664
2024-11-07 15:00:00,1.2166666666666666,253.66666666666666,765.1666666666666,4.8500000000000005,65.16666666666667
2024-11-07 16:00:00,0.3,242.16666666666666,765.2833333333333,4.983333333333333,63.333333333333336
2024-11-07 17:00:00,0.3666666666666667,242.66666666666666,765.4666666666667,5.416666666666667,60.333333333333336
2024-11-07 18:00:00,0.5,235.16666666666666,765.4499999999999,5.166666666666667,65.16666666666667
2024-11-07 19:00:00,0.5499999999999999,228.16666666666666,765.3666666666667,4.416666666666667,73.0
2024-11-07 20:00:00,0.7166666666666667,223.0,765.3833333333333,4.25,74.0
2024-11-07 21:00:00,2.033333333333333,247.0,764.9166666666666,3.283333333333333,91.83333333333333
2024-11-07 22:00:00,0.6833333333333332,234.5,764.5333333333333,3.0500000000000003,96.16666666666667
2024-11-07 23:00:00,0.46666666666666673,230.33333333333334,764.25,3.983333333333333,79.66666666666667
2024-11-08 00:00:00,0.5,231.16666666666666,764.1333333333333,4.133333333333334,80.5
2024-11-08 01:00:00,0.46666666666666673,236.5,764.2166666666667,3.6666666666666665,87.33333333333333
2024-11-08 02:00:00,0.25,239.5,764.2666666666668,3.4333333333333336,94.16666666666667
2024-11-08 03:00:00,0.016666666666666666,238.33333333333334,764.4,3.5666666666666664,88.16666666666667
2024-11-08 04:00:00,0.31666666666666665,233.83333333333334,764.6833333333334,4.583333333333333,80.16666666666667
2024-11-08 05:00:00,0.5166666666666666,238.33333333333334,764.9166666666666,5.466666666666666,76.16666666666667
2024-11-08 06:00:00,1.866666666666667,241.5,764.9333333333334,5.416666666666667,83.33333333333333
2024-11-08 07:00:00,2.15,243.5,764.6999999999999,5.6000000000000005,79.33333333333333
2024-11-08 08:00:00,2.1,237.33333333333334,764.3166666666666,6.45,72.0
2024-11-08 09:00:00,2.0500000000000003,232.0,763.75,5.5,87.66666666666667
2024-11-08 10:00:00,0.6166666666666666,229.16666666666666,763.4,5.8500000000000005,90.66666666666667
2024-11-08 11:00:00,1.3166666666666667,234.66666666666666,763.2166666666667,7.1499999999999995,73.16666666666667
2024-11-08 12:00:00,2.0166666666666666,235.5,763.0166666666668,6.833333333333333,71.83333333333333
2024-11-08 13:00:00,1.5166666666666666,242.66666666666666,763.0,5.7,75.16666666666667
2024-11-08 14:00:00,0.9,241.5,763.1666666666666,4.5,82.83333333333333
2024-11-08 15:00:00,1.2,234.0,763.2666666666668,3.466666666666667,81.0
2024-11-08 16:00:00,0.48333333333333334,229.0,763.1333333333333,3.3833333333333333,89.5
2024-11-08 17:00:00,1.4000000000000001,247.16666666666666,763.3166666666666,3.5500000000000003,83.16666666666667
2024-11-08 18:00:00,1.0666666666666667,236.5,763.1999999999999,3.4499999999999997,78.5
2024-11-08 19:00:00,0.7166666666666667,230.16666666666666,763.3166666666666,2.9166666666666665,93.16666666666667
2024-11-08 20:00:00,0.8833333333333334,242.16666666666666,763.0,2.1999999999999997,94.30555555555556
2024-11-08 21:00:00,1.95,242.83333333333334,762.4499999999999,2.733333333333333,95.44444444444444
2024-11-08 22:00:00,0.6,231.66666666666666,762.4833333333332,3.0,
2024-11-08 23:00:00,0.35000000000000003,236.16666666666666,762.4666666666667,3.3000000000000003,
2024-11-09 00:00:00,0.08333333333333333,232.5,762.3166666666666,3.25,
2024-11-09 01:00:00,0.09999999999999999,243.5,762.4833333333332,3.3333333333333335,100.0
2024-11-09 02:00:00,1.0999999999999999,232.5,762.5333333333333,2.733333333333333,100.0
2024-11-09 03:00:00,0.5833333333333334,228.0,762.6666666666666,2.433333333333333,100.0
2024-11-09 04:00:00,0.08333333333333333,225.5,763.1999999999999,3.8499999999999996,100.0
2024-11-09 05:00:00,0.6,238.83333333333334,763.7666666666668,4.716666666666667,100.0
2024-11-09 06:00:00,0.7000000000000001,229.83333333333334,763.7999999999998,5.066666666666666,98.0
2024-11-09 07:00:00,1.1333333333333333,226.5,763.6166666666667,5.566666666666666,99.0
2024-11-09 08:00:00,1.5,230.83333333333334,763.4666666666667,5.416666666666667,100.0
2024-11-09 09:00:00,1.05,226.5,763.1833333333334,6.333333333333333,99.5
2024-11-09 10:00:00,1.2833333333333334,241.0,763.0833333333334,7.166666666666667,86.83333333333333
2024-11-09 11:00:00,1.6833333333333333,237.33333333333334,763.1166666666667,7.3500000000000005,69.83333333333333
2024-11-09 12:00:00,0.9833333333333334,233.5,763.1999999999999,6.666666666666667,73.33333333333333
2024-11-09 13:00:00,0.5499999999999999,232.83333333333334,763.2333333333332,6.05,76.33333333333333
2024-11-09 14:00:00,1.1166666666666667,234.33333333333334,763.5833333333334,4.483333333333333,88.83333333333333
2024-11-09 15:00:00,0.45,235.0,764.0166666666668,4.3999999999999995,92.83333333333333
2024-11-09 16:00:00,0.0,196.33333333333334,764.3000000000001,3.65,99.83333333333333
2024-11-09 17:00:00,0.13333333333333333,228.83333333333334,764.4499999999999,3.9499999999999997,99.16666666666667
2024-11-09 18:00:00,0.15,231.0,764.4499999999999,3.8166666666666664,100.0
2024-11-09 19:00:00,0.5666666666666667,229.83333333333334,764.3166666666666,4.033333333333333,99.83333333333333
2024-11-09 20:00:00,0.016666666666666666,224.83333333333334,764.1999999999999,3.6666666666666665,100.0
2024-11-09 21:00:00,0.0,243.16666666666666,764.1500000000001,3.4,100.0
2024-11-09 22:00:00,0.0,232.33333333333334,764.0500000000001,3.1833333333333336,100.0
2024-11-09 23:00:00,0.21666666666666667,201.33333333333334,763.8833333333333,2.766666666666667,99.66666666666667
2024-11-10 00:00:00,0.44999999999999996,234.33333333333334,763.6999999999999,2.9,98.0
2024-11-10 01:00:00,0.15,232.66666666666666,763.7666666666668,3.233333333333333,88.66666666666667
2024-11-10 02:00:00,0.16666666666666666,240.0,763.9833333333332,2.5833333333333335,93.16666666666667
2024-11-10 03:00:00,0.19999999999999998,214.0,764.3333333333334,2.1166666666666667,100.0
2024-11-10 04:00:00,0.4166666666666667,241.33333333333334,764.8166666666666,4.483333333333333,81.66666666666667
2024-11-10 05:00:00,0.8333333333333334,246.33333333333334,765.1333333333333,5.883333333333333,69.5
2024-11-10 06:00:00,2.3,220.25,765.1750000000001,6.925,61.75
2024-11-10 07:00:00,3.65,221.0,764.95,7.6,56.0
2024-11-10 08:00:00,3.6999999999999997,226.83333333333334,764.8000000000001,7.983333333333333,55.166666666666664
2024-11-10 09:00:00,3.75,240.0,764.3666666666667,8.65,52.333333333333336
2024-11-10 10:00:00,4.0,246.5,764.0666666666666,8.583333333333334,50.166666666666664
2024-11-10 11:00:00,4.066666666666666,241.66666666666666,764.0,8.45,48.5
2024-11-10 12:00:00,3.25,235.33333333333334,763.9666666666667,7.316666666666666,51.666666666666664
2024-11-10 13:00:00,2.6,242.0,764.2333333333332,5.833333333333333,57.833333333333336
2024-11-10 14:00:00,0.31666666666666665,229.66666666666666,764.3166666666666,4.433333333333333,66.0
2024-11-10 15:00:00,1.4000000000000001,253.33333333333334,764.6666666666666,4.016666666666667,69.33333333333333
2024-11-10 16:00:00,0.9500000000000001,237.5,764.8333333333334,4.083333333333333,68.5
2024-11-10 17:00:00,1.7166666666666668,251.16666666666666,764.8666666666667,4.6499999999999995,62.5
2024-11-10 18:00:00,0.8166666666666668,244.0,765.1999999999999,3.516666666666667,69.83333333333333
2024-11-10 19:00:00,0.6166666666666667,243.83333333333334,764.9333333333334,2.85,74.5
2024-11-10 20:00:00,0.16666666666666666,237.0,764.5666666666666,3.15,67.33333333333333
2024-11-10 21:00:00,0.3666666666666667,235.16666666666666,764.2833333333333,3.9166666666666665,58.333333333333336
2024-11-10 22:00:00,0.13333333333333333,228.16666666666666,764.0666666666666,3.4166666666666665,61.166666666666664
2024-11-10 23:00:00,1.0,242.66666666666666,763.9166666666666,4.383333333333334,58.166666666666664
2024-11-11 00:00:00,0.5499999999999999,238.16666666666666,763.9333333333334,3.4,63.5
2024-11-11 01:00:00,0.15,245.5,763.9,4.333333333333333,62.166666666666664
2024-11-11 02:00:00,0.55,227.16666666666666,764.1666666666666,3.6666666666666665,73.5
2024-11-11 03:00:00,0.75,223.0,764.4333333333334,3.6999999999999997,73.66666666666667
2024-11-11 04:00:00,0.11666666666666665,234.83333333333334,764.75,7.3,57.5
2024-11-11 05:00:00,2.283333333333333,249.83333333333334,765.1166666666667,8.866666666666667,61.166666666666664
2024-11-11 06:00:00,2.6999999999999997,243.0,765.0833333333334,9.799999999999999,57.166666666666664
2024-11-11 07:00:00,3.4499999999999997,233.5,764.8333333333334,9.766666666666667,55.166666666666664
2024-11-11 08:00:00,3.4333333333333336,230.83333333333334,764.35,9.966666666666667,52.833333333333336
2024-11-11 09:00:00,3.283333333333333,240.5,763.7833333333333,10.333333333333334,51.666666666666664
2024-11-11 10:00:00,2.75,231.66666666666666,763.3000000000001,11.066666666666668,49.666666666666664
2024-11-11 11:00:00,3.0500000000000003,230.16666666666666,763.0,10.833333333333334,49.833333333333336
2024-11-11 12:00:00,2.35,235.16666666666666,762.8833333333333,9.766666666666667,51.5
2024-11-11 13:00:00,1.1833333333333333,238.83333333333334,762.9,8.433333333333334,54.833333333333336
2024-11-11 14:00:00,1.0166666666666666,230.33333333333334,762.7833333333333,7.233333333333333,60.666666666666664
2024-11-11 15:00:00,0.9666666666666667,228.83333333333334,763.0333333333333,6.516666666666667,63.166666666666664
2024-11-11 16:00:00,0.65,230.5,762.5500000000001,7.1000000000000005,67.33333333333333
2024-11-11 17:00:00,3.483333333333333,250.66666666666666,763.6,5.383333333333333,76.0
2024-11-11 18:00:00,1.5333333333333332,234.33333333333334,763.8000000000001,3.9333333333333336,78.18181818181819
2024-11-11 19:00:00,2.0166666666666666,247.0,763.0666666666666,3.9333333333333336,80.36363636363636
2024-11-11 20:00:00,1.1666666666666667,235.0,762.5666666666666,4.533333333333333,
2024-11-11 21:00:00,0.9166666666666666,225.83333333333334,762.6166666666667,5.083333333333333,
2024-11-11 22:00:00,3.516666666666667,243.16666666666666,762.5833333333334,4.25,
2024-11-11 23:00:00,1.1333333333333333,231.5,762.1166666666667,3.966666666666667,
2024-11-12 00:00:00,0.8666666666666667,229.66666666666666,761.8833333333333,3.8499999999999996,
2024-11-12 01:00:00,0.3333333333333333,225.0,761.8333333333334,4.25,
2024-11-12 02:00:00,0.35000000000000003,217.66666666666666,761.5,4.1000000000000005,
2024-11-12 03:00:00,0.75,230.0,761.4499999999999,3.6166666666666667,
2024-11-12 04:00:00,0.48333333333333334,221.5,761.8833333333333,4.8500000000000005,100.0
2024-11-12 05:00:00,0.9400000000000001,223.4,762.0600000000001,6.459999999999999,100.0
2024-11-12 06:00:00,2.4,255.0,762.0,7.7,99.0
2024-11-12 07:00:00,2.1,252.0,761.6,8.7,92.0
2024-11-12 08:00:00,3.1166666666666667,242.5,761.3333333333334,8.016666666666667,99.33333333333333
2024-11-12 09:00:00,4.1499999999999995,241.33333333333334,760.7333333333332,8.016666666666667,100.0
2024-11-12 10:00:00,2.8833333333333333,238.83333333333334,760.4499999999999,7.433333333333334,100.0
2024-11-12 11:00:00,0.6666666666666666,239.33333333333334,760.1333333333333,7.6499999999999995,100.0
2024-11-12 12:00:00,1.4333333333333333,236.5,760.1999999999999,7.333333333333333,100.0
2024-11-12 13:00:00,0.13333333333333333,222.83333333333334,760.1666666666666,6.816666666666666,100.0
2024-11-12 14:00:00,0.7999999999999999,242.83333333333334,760.35,5.233333333333333,100.0
2024-11-12 15:00:00,1.4666666666666668,249.83333333333334,760.5333333333333,4.5,100.0
2024-11-12 16:00:00,1.6166666666666665,244.0,760.6999999999999,4.533333333333333,100.0
2024-11-12 17:00:00,2.3000000000000003,241.66666666666666,760.7666666666668,4.5,100.0
2024-11-12 18:00:00,1.7333333333333334,231.5,760.7333333333332,5.25,91.5
2024-11-12 19:00:00,0.75,242.66666666666666,760.6,5.066666666666666,91.16666666666667
2024-11-12 20:00:00,1.7,217.83333333333334,760.1333333333333,5.3500000000000005,73.83333333333333
2024-11-12 21:00:00,1.95,229.0,760.4666666666667,5.3,74.0
2024-11-12 22:00:00,1.9000000000000001,210.0,760.2166666666667,5.266666666666667,74.83333333333333
2024-11-12 23:00:00,1.3666666666666665,230.33333333333334,760.1999999999999,4.316666666666666,88.0
2024-11-13 00:00:00,1.9666666666666668,229.66666666666666,760.2833333333333,3.1999999999999997,100.0
2024-11-13 01:00:00,1.5666666666666667,234.33333333333334,760.2166666666667,3.25,100.0
2024-11-13 02:00:00,1.6500000000000001,221.16666666666666,760.2999999999998,3.4333333333333336,91.0
2024-11-13 03:00:00,2.8833333333333333,207.5,760.5666666666666,2.733333333333334,90.33333333333333
2024-11-13 04:00:00,4.366666666666667,200.0,761.0500000000001,2.8333333333333335,89.66666666666667
2024-11-13 05:00:00,3.6500000000000004,200.33333333333334,761.4,3.0,87.5
2024-11-13 06:00:00,4.3999999999999995,205.16666666666666,761.6166666666667,0.65,100.0
2024-11-13 07:00:00,4.45,218.66666666666666,761.4333333333334,2.1333333333333333,85.33333333333333
2024-11-13 08:00:00,2.216666666666667,235.33333333333334,761.6,0.5666666666666668,100.0
2024-11-13 09:00:00,1.45,233.66666666666666,760.9333333333334,2.283333333333333,93.2
2024-11-13 10:00:00,1.3666666666666665,242.33333333333334,760.8166666666666,2.733333333333333,100.0
2024-11-13 11:00:00,0.5833333333333334,228.83333333333334,760.8666666666667,2.0500000000000003,100.0
2024-11-13 12:00:00,1.05,240.5,760.9499999999999,1.9333333333333336,100.0
2024-11-13 13:00:00,0.7166666666666667,238.5,761.0333333333333,1.7,
2024-11-13 14:00:00,0.75,231.5,761.0833333333334,1.25,100.0
2024-11-13 15:00:00,0.4333333333333333,223.5,761.25,1.2,100.0
2024-11-13 16:00:00,0.7666666666666666,243.16666666666666,761.2666666666668,0.5333333333333333,100.0
2024-11-13 17:00:00,1.7333333333333334,235.83333333333334,761.1666666666666,0.35000000000000003,100.0
2024-11-13 18:00:00,0.4166666666666667,229.5,761.2166666666667,0.48333333333333334,100.0
2024-11-13 19:00:00,1.0,241.0,761.0333333333333,0.033333333333333326,100.0
2024-11-13 20:00:00,1.05,251.83333333333334,760.7833333333333,-0.6833333333333332,100.0
2024-11-13 21:00:00,0.0,247.66666666666666,760.4499999999999,-0.5833333333333334,
2024-11-13 22:00:00,0.0,252.16666666666666,760.2166666666667,-0.3666666666666667,
2024-11-13 23:00:00,0.0,247.16666666666666,760.0833333333334,-0.08333333333333333,
2024-11-14 00:00:00,0.0,237.0,759.9,0.03333333333333333,
2024-11-14 01:00:00,0.0,233.0,759.7666666666668,0.18333333333333335,
2024-11-14 02:00:00,0.0,234.33333333333334,759.9,0.3,
2024-11-14 03:00:00,0.0,244.33333333333334,760.0833333333334,-0.03333333333333333,
2024-11-14 04:00:00,0.0,249.83333333333334,760.2666666666668,0.5333333333333333,
2024-11-14 05:00:00,0.0,236.83333333333334,760.3666666666667,1.6500000000000001,100.0
2024-11-14 06:00:00,2.0,240.0,760.5,0.3,100.0
2024-11-14 07:00:00,2.3,231.0,760.4,0.4,100.0
2024-11-14 08:00:00,0.85,238.0,760.0833333333334,0.5833333333333334,
2024-11-14 09:00:00,1.3333333333333333,245.66666666666666,759.5833333333334,1.3833333333333335,
2024-11-14 10:00:00,2.783333333333333,243.16666666666666,759.15,1.9166666666666667,
2024-11-14 11:00:00,2.6833333333333336,243.83333333333334,759.1,1.6833333333333333,
2024-11-14 12:00:00,2.8666666666666667,241.33333333333334,759.3000000000001,1.3499999999999999,
2024-11-14 13:00:00,2.2333333333333334,243.5,759.4666666666667,1.0833333333333333,
2024-11-14 14:00:00,1.1500000000000001,236.83333333333334,759.6333333333333,1.0166666666666668,
2024-11-14 15:00:00,0.18333333333333335,238.16666666666666,759.7666666666668,0.39999999999999997,
2024-11-14 16:00:00,0.3666666666666667,236.66666666666666,759.8833333333333,0.25,
2024-11-14 17:00:00,0.0,230.66666666666666,759.9,-0.5666666666666667,
2024-11-14 18:00:00,0.15,250.83333333333334,759.9,-0.7166666666666667,
2024-11-14 19:00:00,0.39999999999999997,246.16666666666666,759.8499999999999,-1.1500000000000001,
2024-11-14 20:00:00,0.5499999999999999,246.16666666666666,759.6833333333334,-0.8666666666666667,
2024-11-14 21:00:00,0.75,232.66666666666666,759.5166666666668,-1.0833333333333333,
2024-11-14 22:00:00,0.39999999999999997,222.83333333333334,759.3833333333333,-1.6166666666666665,
2024-11-14 23:00:00,0.21666666666666667,219.83333333333334,759.2166666666667,-1.3333333333333333,
2024-11-15 00:00:00,0.7333333333333334,223.5,759.1166666666667,-0.8333333333333334,
2024-11-15 01:00:00,1.05,211.83333333333334,759.2333333333332,-0.9333333333333335,
2024-11-15 02:00:00,0.5499999999999999,209.5,759.4166666666666,-1.2333333333333334,
2024-11-15 03:00:00,0.19999999999999998,217.33333333333334,759.7666666666668,-1.2166666666666666,
2024-11-15 04:00:00,0.18333333333333335,234.66666666666666,759.8333333333334,1.25,100.0
2024-11-15 05:00:00,0.7333333333333334,229.0,759.9666666666667,3.5,74.16666666666667
2024-11-15 06:00:00,2.6999999999999997,224.16666666666666,760.0833333333334,3.466666666666667,71.83333333333333
2024-11-15 07:00:00,3.216666666666667,230.66666666666666,759.8833333333333,4.3999999999999995,82.0
2024-11-15 08:00:00,4.3,232.83333333333334,759.6500000000001,4.45,97.16666666666667
2024-11-15 09:00:00,3.85,236.66666666666666,759.2166666666667,3.6166666666666667,99.5
2024-11-15 10:00:00,3.283333333333333,234.83333333333334,758.6999999999999,3.4499999999999997,100.0
2024-11-15 11:00:00,2.9166666666666665,250.33333333333334,758.5166666666668,3.4,100.0
2024-11-15 12:00:00,3.283333333333333,242.0,758.6833333333334,3.0500000000000003,100.0
2024-11-15 13:00:00,3.0,239.0,759.0666666666666,2.4,100.0
2024-11-15 14:00:00,0.8166666666666668,228.33333333333334,758.9499999999999,1.9000000000000001,100.0
2024-11-15 15:00:00,0.06666666666666667,214.83333333333334,758.9833333333332,1.0,
2024-11-15 16:00:00,0.25,238.0,759.4,0.85,100.0
2024-11-15 17:00:00,0.016666666666666666,238.16666666666666,759.6833333333334,0.5833333333333334,100.0
2024-11-15 18:00:00,0.5333333333333333,229.0,759.3499999999999,0.049999999999999996,100.0
2024-11-15 19:00:00,0.16666666666666666,218.83333333333334,759.2666666666668,-0.21666666666666667,100.0
2024-11-15 20:00:00,0.4166666666666667,231.83333333333334,759.0333333333333,-0.03333333333333334,100.0
2024-11-15 21:00:00,1.4833333333333334,240.0,758.6666666666666,0.26666666666666666,79.5
2024-11-15 22:00:00,0.7833333333333333,199.0,758.5500000000001,0.049999999999999996,55.833333333333336
2024-11-15 23:00:00,1.05,213.33333333333334,758.4166666666666,0.01666666666666668,56.333333333333336
2024-11-16 00:00:00,0.85,228.5,758.0,0.6166666666666667,49.0
2024-11-16 01:00:00,0.9833333333333334,209.5,757.8166666666666,-0.15,51.5
2024-11-16 02:00:00,0.7000000000000001,191.16666666666666,757.9333333333334,-0.65,51.333333333333336
2024-11-16 03:00:00,0.4166666666666667,216.0,757.8833333333333,0.15,47.833333333333336
2024-11-16 04:00:00,0.11666666666666665,235.33333333333334,758.15,3.65,42.0
2024-11-16 05:00:00,0.9500000000000001,234.0,758.3833333333333,5.016666666666667,39.833333333333336
2024-11-16 06:00:00,1.1333333333333333,238.83333333333334,758.5833333333334,5.116666666666666,52.666666666666664
2024-11-16 07:00:00,1.8833333333333335,224.16666666666666,758.1666666666666,6.3,47.333333333333336
2024-11-16 08:00:00,3.0833333333333335,226.33333333333334,757.6166666666667,6.2,57.666666666666664
2024-11-16 09:00:00,3.5500000000000003,235.33333333333334,757.0500000000001,6.783333333333334,58.833333333333336
2024-11-16 10:00:00,3.5666666666666664,229.0,756.9,6.75,60.666666666666664
2024-11-16 11:00:00,3.3333333333333335,242.5,756.7166666666667,6.95,57.5
2024-11-16 12:00:00,2.5,228.5,756.6,5.8999999999999995,65.5
2024-11-16 13:00:00,2.5166666666666666,235.33333333333334,756.7833333333333,4.183333333333334,90.0
2024-11-16 14:00:00,0.6833333333333332,224.5,757.0,2.983333333333333,100.0
2024-11-16 15:00:00,0.08333333333333333,212.0,757.35,1.9666666666666668,94.41666666666666
2024-11-16 16:00:00,0.25,228.83333333333334,757.4333333333334,2.1,88.83333333333333
2024-11-16 17:00:00,0.25,228.83333333333334,757.3833333333333,1.8,82.33333333333333
2024-11-16 18:00:00,0.3,247.83333333333334,757.4,1.5999999999999999,73.16666666666667
2024-11-16 19:00:00,0.75,200.33333333333334,757.4,0.5,92.0
2024-11-16 20:00:00,0.5666666666666667,207.33333333333334,757.4,0.5499999999999999,86.66666666666667
2024-11-16 21:00:00,1.0666666666666667,201.5,757.2833333333333,0.2333333333333333,89.0
2024-11-16 22:00:00,1.6666666666666667,218.33333333333334,757.2166666666667,1.1166666666666667,70.0
2024-11-16 23:00:00,0.5333333333333333,215.0,757.2333333333332,0.3,64.0
2024-11-17 00:00:00,1.0833333333333333,201.33333333333334,757.0500000000001,-0.35000000000000003,69.33333333333333
2024-11-17 01:00:00,1.3,207.0,757.0833333333334,-0.3833333333333333,68.5
2024-11-17 02:00:00,1.3333333333333333,218.66666666666666,757.1833333333334,-0.4166666666666667,64.33333333333333
2024-11-17 03:00:00,0.6833333333333332,208.83333333333334,757.6333333333333,0.09999999999999999,56.0
2024-11-17 04:00:00,1.3,238.33333333333334,758.3166666666666,2.85,50.5
2024-11-17 05:00:00,2.0,247.5,758.5833333333334,5.0,46.333333333333336
2024-11-17 06:00:00,1.5,231.83333333333334,758.7666666666668,6.683333333333334,39.166666666666664
2024-11-17 07:00:00,2.8000000000000003,232.33333333333334,758.6333333333333,6.5,46.666666666666664
2024-11-17 08:00:00,2.8166666666666664,225.0,758.3166666666666,6.616666666666667,47.5
2024-11-17 09:00:00,3.5666666666666664,230.16666666666666,757.9,6.8500000000000005,45.666666666666664
2024-11-17 10:00:00,4.75,239.83333333333334,757.8000000000001,7.133333333333333,48.333333333333336
2024-11-17 11:00:00,4.6000000000000005,241.5,758.0166666666668,6.866666666666667,47.166666666666664
2024-11-17 12:00:00,4.3,244.33333333333334,758.3000000000001,6.033333333333334,47.0
2024-11-17 13:00:00,2.6166666666666667,247.33333333333334,758.4166666666666,4.683333333333334,51.333333333333336
2024-11-17 14:00:00,1.7,253.0,758.6500000000001,4.516666666666667,53.0
2024-11-17 15:00:00,2.1999999999999997,254.83333333333334,758.8499999999999,4.1499999999999995,55.0
2024-11-17 16:00:00,3.283333333333333,258.1666666666667,758.9666666666667,4.083333333333333,58.5
2024-11-17 17:00:00,4.533333333333333,253.16666666666666,758.8000000000001,5.066666666666666,55.166666666666664
2024-11-17 18:00:00,1.5,250.16666666666666,758.9,3.983333333333333,58.833333333333336
2024-11-17 19:00:00,0.6,249.33333333333334,758.9499999999999,3.3166666666666664,63.166666666666664
2024-11-17 20:00:00,0.3833333333333333,237.0,758.8666666666667,2.533333333333333,70.83333333333333
2024-11-17 21:00:00,0.11666666666666665,246.66666666666666,758.7666666666668,2.2666666666666666,73.66666666666667
2024-11-17 22:00:00,0.08333333333333333,223.83333333333334,758.7000000000002,1.6833333333333333,83.0
2024-11-17 23:00:00,0.0,220.16666666666666,758.6166666666667,1.6666666666666667,83.33333333333333
2024-11-18 00:00:00,0.4666666666666666,237.66666666666666,758.4833333333332,2.066666666666667,81.0
2024-11-18 01:00:00,0.03333333333333333,238.16666666666666,758.5,2.066666666666667,83.5
2024-11-18 02:00:00,0.2333333333333333,219.83333333333334,758.6500000000001,0.9666666666666667,92.66666666666667
2024-11-18 03:00:00,0.03333333333333333,233.83333333333334,758.8666666666667,1.6166666666666665,90.66666666666667
2024-11-18 04:00:00,0.3833333333333333,235.83333333333334,759.25,3.5333333333333337,77.0
2024-11-18 05:00:00,1.8499999999999999,250.66666666666666,759.5500000000001,5.7,63.0
2024-11-18 06:00:00,2.65,222.16666666666666,759.6333333333333,6.583333333333333,56.333333333333336
2024-11-18 07:00:00,3.5833333333333335,237.33333333333334,759.4833333333332,7.3500000000000005,53.0
2024-11-18 08:00:00,3.716666666666667,237.16666666666666,759.0833333333334,7.383333333333333,54.333333333333336
2024-11-18 09:00:00,3.9,234.0,758.5833333333334,8.049999999999999,52.666666666666664
2024-11-18 10:00:00,4.2,233.16666666666666,758.4333333333334,8.3,53.0
2024-11-18 11:00:00,3.466666666666667,242.5,758.5500000000001,7.583333333333333,56.0
2024-11-18 12:00:00,1.7333333333333334,238.0,758.6,6.8,58.833333333333336
2024-11-18 13:00:00,1.95,237.83333333333334,758.7666666666668,5.833333333333333,63.833333333333336
2024-11-18 14:00:00,1.9666666666666668,248.83333333333334,759.1,5.416666666666667,70.5
2024-11-18 15:00:00,3.983333333333333,247.83333333333334,759.5333333333333,4.933333333333334,80.33333333333333
2024-11-18 16:00:00,2.0833333333333335,245.66666666666666,759.7833333333333,3.533333333333333,100.0
2024-11-18 17:00:00,0.8666666666666667,234.0,759.75,2.033333333333333,100.0
2024-11-18 18:00:00,0.6833333333333332,241.16666666666666,759.4,2.2,100.0
2024-11-18 19:00:00,1.8499999999999999,239.33333333333334,759.2333333333332,3.3833333333333333,
2024-11-18 20:00:00,0.4833333333333334,225.66666666666666,759.0166666666668,3.1666666666666665,
2024-11-18 21:00:00,4.066666666666666,251.0,759.0166666666668,3.8166666666666664,
2024-11-18 22:00:00,0.9666666666666667,242.33333333333334,758.6,3.0666666666666664,
2024-11-18 23:00:00,0.7666666666666666,234.83333333333334,758.8666666666667,3.033333333333333,
2024-11-19 00:00:00,1.45,234.0,758.5500000000001,2.9333333333333336,
2024-11-19 01:00:00,0.7666666666666667,233.0,758.3666666666667,2.6833333333333336,
2024-11-19 02:00:00,2.066666666666667,244.83333333333334,758.5500000000001,2.0166666666666666,
2024-11-19 03:00:00,1.8333333333333333,240.16666666666666,758.7333333333332,2.3000000000000003,
2024-11-19 04:00:00,0.6333333333333333,244.66666666666666,759.3166666666666,2.75,
2024-11-19 05:00:00,1.9000000000000001,240.66666666666666,759.5833333333334,4.016666666666667,100.0
2024-11-19 06:00:00,,236.83333333333331,759.4666666666667,4.508333333333333,100.0
2024-11-19 07:00:00,3.5,233.0,759.3499999999999,5.0,100.0
2024-11-19 08:00:00,3.216666666666667,244.0,759.1666666666666,5.5,100.0
2024-11-19 09:00:00,3.533333333333333,247.66666666666666,758.8333333333334,6.966666666666666,98.5
2024-11-19 10:00:00,4.883333333333333,242.5,758.6833333333334,8.15,84.5
2024-11-19 11:00:00,5.116666666666666,241.0,758.6833333333334,8.083333333333334,78.33333333333333
2024-11-19 12:00:00,4.283333333333333,245.0,758.6333333333333,7.483333333333333,75.0
2024-11-19 13:00:00,2.5,243.83333333333334,758.6666666666666,6.05,81.33333333333333
2024-11-19 14:00:00,0.2833333333333333,231.83333333333334,758.9333333333334,4.75,88.5
2024-11-19 15:00:00,0.6333333333333333,234.5,759.2833333333333,4.816666666666666,83.0
2024-11-19 16:00:00,0.45,231.33333333333334,759.5333333333333,5.133333333333333,95.66666666666667
2024-11-19 17:00:00,0.8666666666666667,238.33333333333334,759.4,5.116666666666666,99.5
2024-11-19 18:00:00,1.8333333333333333,238.66666666666666,759.4166666666666,4.916666666666667,98.75
2024-11-19 19:00:00,1.0,223.83333333333334,759.35,4.366666666666666,99.375
2024-11-19 20:00:00,5.3999999999999995,245.16666666666666,759.6999999999999,2.0,100.0
2024-11-19 21:00:00,1.6333333333333335,243.33333333333334,759.7166666666667,1.8499999999999999,100.0
2024-11-19 22:00:00,0.9333333333333332,229.0,759.3499999999999,3.016666666666667,100.0
2024-11-19 23:00:00,0.3833333333333333,234.83333333333334,759.4499999999999,2.4,100.0
2024-11-20 00:00:00,0.25,225.33333333333334,759.3333333333334,2.8000000000000003,100.0
2024-11-20 01:00:00,0.48333333333333334,219.16666666666666,759.5166666666668,2.8000000000000003,100.0
2024-11-20 02:00:00,0.4000000000000001,229.83333333333334,759.6500000000001,2.8666666666666667,100.0
2024-11-20 03:00:00,1.5666666666666667,236.5,760.15,2.533333333333333,100.0
2024-11-20 04:00:00,0.3,233.83333333333334,760.4,3.0500000000000003,100.0
2024-11-20 05:00:00,0.5333333333333333,234.83333333333334,760.6666666666666,5.116666666666666,96.0
2024-11-20 06:00:00,0.7999999999999999,215.33333333333334,760.8499999999999,6.3,74.5
2024-11-20 07:00:00,1.95,223.0,760.7333333333332,7.1000000000000005,63.5
2024-11-20 08:00:00,4.3500000000000005,243.33333333333334,760.3166666666666,7.483333333333333,61.833333333333336
2024-11-20 09:00:00,4.883333333333334,240.16666666666666,759.8666666666667,7.6000000000000005,58.833333333333336
2024-11-20 10:00:00,4.783333333333333,245.66666666666666,759.6166666666667,7.066666666666666,61.166666666666664
2024-11-20 11:00:00,4.383333333333334,246.66666666666666,759.5,7.633333333333333,54.833333333333336
2024-11-20 12:00:00,3.6833333333333336,240.5,759.7333333333332,6.8999999999999995,60.333333333333336
2024-11-20 13:00:00,1.5833333333333333,240.83333333333334,759.9833333333332,5.016666666666667,79.16666666666667
2024-11-20 14:00:00,0.016666666666666666,223.83333333333334,760.0833333333334,3.7833333333333337,99.0
2024-11-20 15:00:00,0.15,239.0,760.2666666666668,4.25,97.33333333333333
2024-11-20 16:00:00,2.8333333333333335,240.16666666666666,760.2666666666668,4.683333333333334,71.33333333333333
2024-11-20 17:00:00,2.6666666666666665,250.66666666666666,760.4166666666666,4.2,74.83333333333333
2024-11-20 18:00:00,1.3166666666666667,239.5,760.4166666666666,4.233333333333333,77.66666666666667
2024-11-20 19:00:00,1.3333333333333333,239.5,760.4499999999999,3.8666666666666667,80.5
2024-11-20 20:00:00,0.5,229.5,760.1166666666667,3.35,95.33333333333333
2024-11-20 21:00:00,2.6,246.66666666666666,759.9499999999999,3.1833333333333336,99.16666666666667
2024-11-20 22:00:00,1.1333333333333333,232.66666666666666,759.8833333333333,2.466666666666667,99.33333333333333
2024-11-20 23:00:00,1.3333333333333333,230.5,759.7333333333332,2.65,98.33333333333333
2024-11-21 00:00:00,0.5666666666666667,212.83333333333334,759.6166666666667,2.733333333333333,98.0
2024-11-21 01:00:00,0.3666666666666667,224.83333333333334,759.6166666666667,3.1999999999999997,87.66666666666667
2024-11-21 02:00:00,0.7333333333333334,223.66666666666666,759.9166666666666,3.5500000000000003,80.5
2024-11-21 03:00:00,2.25,220.16666666666666,760.3333333333334,2.6833333333333336,96.83333333333333
2024-11-21 04:00:00,2.216666666666667,238.33333333333334,760.8333333333334,2.1,100.0
2024-11-21 05:00:00,2.183333333333333,233.83333333333334,761.1,2.2333333333333334,100.0
2024-11-21 06:00:00,1.8800000000000001,244.6,761.0600000000001,3.1399999999999997,99.66666666666667
2024-11-21 07:00:00,3.1,255.25,760.925,3.525,100.0
2024-11-21 08:00:00,2.8833333333333333,248.83333333333334,760.4833333333332,4.3999999999999995,99.0
2024-11-21 09:00:00,3.716666666666667,246.16666666666666,759.9666666666667,4.75,95.33333333333333
2024-11-21 10:00:00,3.65,244.83333333333334,759.7833333333333,5.333333333333333,84.66666666666667
2024-11-21 11:00:00,3.6333333333333333,246.0,759.6333333333333,5.166666666666667,83.66666666666667
2024-11-21 12:00:00,3.0833333333333335,238.33333333333334,759.6500000000001,5.383333333333333,72.33333333333333
2024-11-21 13:00:00,2.466666666666667,242.33333333333334,759.75,3.8666666666666667,85.5
2024-11-21 14:00:00,0.7166666666666667,244.16666666666666,759.9666666666667,3.016666666666667,100.0
2024-11-21 15:00:00,0.016666666666666666,243.16666666666666,760.1500000000001,2.1666666666666665,100.0
2024-11-21 16:00:00,0.39999999999999997,215.5,760.2666666666668,1.3166666666666667,100.0
2024-11-21 17:00:00,0.26666666666666666,226.33333333333334,760.2999999999998,0.9666666666666668,100.0
2024-11-21 18:00:00,0.3833333333333333,229.66666666666666,760.3499999999999,1.3333333333333333,100.0
2024-11-21 19:00:00,0.9500000000000001,201.33333333333334,760.4,0.5499999999999999,99.33333333333333
2024-11-21 20:00:00,0.5,199.5,760.1833333333334,0.5499999999999999,100.0
2024-11-21 21:00:00,0.016666666666666666,211.5,759.9499999999999,0.5666666666666668,88.5
2024-11-21 22:00:00,0.0,224.5,759.8333333333334,0.7166666666666667,83.5
2024-11-21 23:00:00,0.0,224.66666666666666,759.5500000000001,0.5166666666666667,74.16666666666667
2024-11-22 00:00:00,0.7000000000000001,246.0,759.3166666666666,1.3833333333333335,57.666666666666664
2024-11-22 01:00:00,0.5166666666666666,225.83333333333334,759.3499999999999,0.5166666666666667,60.666666666666664
2024-11-22 02:00:00,0.19999999999999998,228.83333333333334,759.5666666666666,0.18333333333333335,59.0
2024-11-22 03:00:00,0.6,222.66666666666666,759.85,-0.06666666666666667,59.0
2024-11-22 04:00:00,0.3666666666666667,230.0,760.2333333333332,2.6666666666666665,49.666666666666664
2024-11-22 05:00:00,0.38333333333333336,219.0,760.5500000000001,3.8833333333333333,50.833333333333336
2024-11-22 06:00:00,0.8666666666666667,224.33333333333334,760.8166666666666,5.2,46.833333333333336
2024-11-22 07:00:00,2.2666666666666666,227.0,760.8833333333333,5.566666666666666,51.333333333333336
2024-11-22 08:00:00,2.4,226.5,760.6833333333334,6.1000000000000005,51.166666666666664
2024-11-22 09:00:00,2.216666666666667,235.83333333333334,760.4,7.016666666666667,49.166666666666664
2024-11-22 10:00:00,3.0500000000000003,225.5,760.3666666666667,7.166666666666667,50.666666666666664
2024-11-22 11:00:00,2.6166666666666667,231.0,760.6333333333333,7.016666666666667,52.833333333333336
2024-11-22 12:00:00,1.0999999999999999,240.66666666666666,760.9666666666667,6.6499999999999995,55.0
2024-11-22 13:00:00,0.5833333333333334,226.66666666666666,761.3666666666667,4.483333333333333,65.0
2024-11-22 14:00:00,1.6166666666666665,239.83333333333334,761.9,3.483333333333333,56.0
2024-11-22 15:00:00,2.183333333333333,240.83333333333334,762.3666666666667,3.5666666666666664,44.0
2024-11-22 16:00:00,2.15,249.83333333333334,762.7166666666667,2.4166666666666665,52.833333333333336
2024-11-22 17:00:00,1.3499999999999999,244.83333333333334,762.9499999999999,1.9666666666666668,57.833333333333336
2024-11-22 18:00:00,2.3333333333333335,240.33333333333334,763.0333333333333,2.3666666666666667,57.666666666666664
2024-11-22 19:00:00,1.9666666666666668,243.66666666666666,762.9666666666667,2.3000000000000003,56.833333333333336
2024-11-22 20:00:00,2.3000000000000003,214.66666666666666,762.8833333333333,2.35,56.333333333333336
2024-11-22 21:00:00,1.8333333333333333,229.0,762.7999999999998,1.95,57.166666666666664
2024-11-22 22:00:00,2.1166666666666667,238.5,762.6833333333334,1.4833333333333334,58.166666666666664
2024-11-22 23:00:00,1.6666666666666667,246.33333333333334,762.6,1.2833333333333334,63.166666666666664
2024-11-23 00:00:00,1.4166666666666667,236.83333333333334,762.5500000000001,0.9,66.83333333333333
2024-11-23 01:00:00,1.3833333333333335,220.0,762.4666666666667,0.9333333333333335,68.0
2024-11-23 02:00:00,0.9333333333333332,246.0,762.6166666666667,0.5833333333333334,65.5
2024-11-23 03:00:00,1.4333333333333333,221.5,763.1,0.7666666666666666,69.33333333333333
2024-11-23 04:00:00,0.9166666666666666,249.66666666666666,763.4833333333332,3.466666666666667,58.666666666666664
2024-11-23 05:00:00,1.55,243.16666666666666,763.6333333333333,5.683333333333334,46.833333333333336
2024-11-23 06:00:00,0.6333333333333333,222.66666666666666,763.5833333333334,6.283333333333334,42.833333333333336
2024-11-23 07:00:00,1.1833333333333333,222.83333333333334,763.3333333333334,6.433333333333334,43.833333333333336
2024-11-23 08:00:00,1.2,218.5,762.6999999999999,7.133333333333333,43.166666666666664
2024-11-23 09:00:00,1.7,225.5,762.0833333333334,7.8,42.166666666666664
2024-11-23 10:00:00,2.9333333333333336,227.5,761.7166666666667,7.816666666666666,43.833333333333336
2024-11-23 11:00:00,3.1333333333333333,228.33333333333334,761.4333333333334,6.983333333333333,47.666666666666664
2024-11-23 12:00:00,2.9333333333333336,231.83333333333334,761.2666666666668,5.7,54.166666666666664
2024-11-23 13:00:00,2.6166666666666667,235.66666666666666,761.0833333333334,3.466666666666667,78.33333333333333
2024-11-23 14:00:00,0.7000000000000001,236.16666666666666,761.0166666666668,1.9000000000000001,99.5
2024-11-23 15:00:00,0.7000000000000001,257.5,761.0166666666668,1.6333333333333335,100.0
2024-11-23 16:00:00,0.26666666666666666,223.83333333333334,760.9666666666667,0.7000000000000001,100.0
2024-11-23 17:00:00,0.15,233.16666666666666,760.6666666666666,0.85,94.83333333333333
2024-11-23 18:00:00,0.25,233.33333333333334,760.3833333333333,0.8166666666666668,85.33333333333333
2024-11-23 19:00:00,0.3666666666666667,250.16666666666666,759.9499999999999,1.3333333333333333,73.0
2024-11-23 20:00:00,0.13333333333333333,247.66666666666666,759.5166666666668,0.5499999999999999,73.16666666666667
2024-11-23 21:00:00,0.3166666666666667,240.5,758.9666666666667,0.6333333333333333,59.5
2024-11-23 22:00:00,0.08333333333333333,220.83333333333334,758.6500000000001,-0.39999999999999997,63.5
2024-11-23 23:00:00,0.06666666666666667,222.0,758.3666666666667,-0.9666666666666667,67.33333333333333
2024-11-24 00:00:00,0.016666666666666666,221.66666666666666,757.9499999999999,-0.3333333333333333,61.833333333333336
2024-11-24 01:00:00,0.15,219.0,757.7166666666667,-0.3833333333333333,66.83333333333333
2024-11-24 02:00:00,0.3833333333333333,226.66666666666666,757.6500000000001,-0.6,63.166666666666664
2024-11-24 03:00:00,0.7999999999999999,235.33333333333334,757.6166666666667,0.45,50.166666666666664
2024-11-24 04:00:00,0.7333333333333334,243.5,757.6999999999999,2.75,44.166666666666664
2024-11-24 05:00:00,2.6333333333333333,251.33333333333334,757.7666666666668,4.433333333333334,44.0
2024-11-24 06:00:00,3.54,248.4,757.76,5.36,41.0
2024-11-24 07:00:00,,239.03333333333333,757.3133333333333,5.68,44.0
2024-11-24 08:00:00,3.3333333333333335,229.66666666666666,756.8666666666667,6.0,47.0
2024-11-24 09:00:00,3.0500000000000003,225.33333333333334,756.3333333333334,6.5,44.666666666666664
2024-11-24 10:00:00,3.1,227.66666666666666,756.0500000000001,6.966666666666666,45.333333333333336
2024-11-24 11:00:00,3.65,226.83333333333334,755.9666666666667,6.516666666666667,47.166666666666664
2024-11-24 12:00:00,2.716666666666667,237.0,756.1333333333333,5.6000000000000005,54.166666666666664
2024-11-24 13:00:00,1.5,234.83333333333334,756.3000000000001,3.5833333333333335,67.16666666666667
2024-11-24 14:00:00,0.016666666666666666,223.16666666666666,756.4333333333334,2.1166666666666667,81.83333333333333
2024-11-24 15:00:00,0.2833333333333333,216.16666666666666,756.6666666666666,1.4000000000000001,90.33333333333333
2024-11-24 16:00:00,0.3,221.83333333333334,756.8666666666667,1.5,74.0
2024-11-24 17:00:00,0.45,223.5,757.0333333333333,1.55,64.83333333333333
2024-11-24 18:00:00,0.2333333333333333,238.16666666666666,756.9666666666667,1.8500000000000003,54.166666666666664
2024-11-24 19:00:00,1.0,206.16666666666666,757.0166666666668,0.9333333333333332,53.833333333333336
2024-11-24 20:00:00,0.6166666666666667,211.5,756.8666666666667,1.5999999999999999,46.333333333333336
2024-11-24 21:00:00,0.8833333333333333,201.83333333333334,756.8333333333334,0.6333333333333333,51.5
2024-11-24 22:00:00,0.7000000000000001,236.16666666666666,756.9333333333334,1.4333333333333333,46.0
2024-11-24 23:00:00,1.0,197.0,757.0833333333334,0.5166666666666667,50.166666666666664
2024-11-25 00:00:00,0.8166666666666668,199.0,757.2666666666668,0.8666666666666667,49.0
2024-11-25 01:00:00,0.65,232.0,757.4,1.75,47.833333333333336
2024-11-25 02:00:00,1.5333333333333332,204.16666666666666,757.7166666666667,1.6833333333333333,49.666666666666664
2024-11-25 03:00:00,0.3,230.33333333333334,758.4,2.3833333333333333,49.833333333333336
2024-11-25 04:00:00,0.09999999999999999,236.83333333333334,758.9166666666666,5.383333333333333,41.333333333333336
2024-11-25 05:00:00,0.35000000000000003,223.0,759.3166666666666,7.833333333333333,35.5
2024-11-25 06:00:00,1.3666666666666665,218.5,759.5833333333334,7.833333333333333,35.833333333333336
2024-11-25 07:00:00,0.45,225.0,759.6500000000001,7.866666666666667,37.166666666666664
2024-11-25 08:00:00,1.3666666666666665,239.66666666666666,759.3166666666666,9.266666666666667,38.333333333333336
2024-11-25 09:00:00,2.316666666666667,230.83333333333334,758.8166666666666,9.733333333333333,41.333333333333336
2024-11-25 10:00:00,2.6,226.16666666666666,758.6666666666666,9.299999999999999,42.5
2024-11-25 11:00:00,2.3666666666666667,235.0,758.8666666666667,8.166666666666666,45.666666666666664
2024-11-25 12:00:00,0.6,223.83333333333334,759.0666666666666,7.633333333333333,46.666666666666664
2024-11-25 13:00:00,0.3333333333333333,222.16666666666666,759.2166666666667,7.166666666666667,51.0
2024-11-25 14:00:00,0.9166666666666666,242.16666666666666,759.4,6.566666666666666,57.5
2024-11-25 15:00:00,0.6,241.83333333333334,759.5333333333333,6.25,59.333333333333336
2024-11-25 16:00:00,0.31666666666666665,216.0,759.5666666666666,6.366666666666667,70.66666666666667
2024-11-25 17:00:00,0.8833333333333333,222.66666666666666,759.7000000000002,5.366666666666667,93.5
2024-11-25 18:00:00,0.5499999999999999,209.16666666666666,759.7000000000002,4.766666666666667,95.33333333333333
2024-11-25 19:00:00,1.3,238.16666666666666,759.7166666666667,4.983333333333333,92.5
2024-11-25 20:00:00,0.5166666666666667,230.16666666666666,759.8166666666666,5.333333333333333,85.83333333333333
2024-11-25 21:00:00,0.9666666666666667,232.66666666666666,759.6666666666666,6.283333333333334,68.66666666666667
2024-11-25 22:00:00,0.7666666666666666,236.83333333333334,759.8333333333334,6.1000000000000005,67.33333333333333
2024-11-25 23:00:00,0.5166666666666666,229.83333333333334,759.8166666666666,5.883333333333333,66.33333333333333
2024-11-26 00:00:00,0.7833333333333333,232.33333333333334,759.7166666666667,5.633333333333333,68.16666666666667
2024-11-26 01:00:00,1.6666666666666667,244.5,759.6666666666666,5.083333333333333,80.66666666666667
2024-11-26 02:00:00,0.8833333333333333,242.66666666666666,759.6833333333334,4.666666666666667,84.5
2024-11-26 03:00:00,0.26666666666666666,231.16666666666666,760.0500000000001,4.95,82.66666666666667
2024-11-26 04:00:00,0.16666666666666666,249.66666666666666,760.5833333333334,5.733333333333333,76.5
2024-11-26 05:00:00,0.5,216.5,761.1166666666667,6.433333333333334,66.0
2024-11-26 06:00:00,1.2833333333333332,238.5,761.2833333333333,6.833333333333333,55.5
2024-11-26 07:00:00,2.783333333333333,246.83333333333334,761.0166666666668,6.8500000000000005,50.0
2024-11-26 08:00:00,1.3,237.0,760.3166666666666,8.716666666666667,48.5
2024-11-26 09:00:00,1.6166666666666665,239.33333333333334,759.8333333333334,9.549999999999999,51.666666666666664
2024-11-26 10:00:00,1.8166666666666667,239.5,759.5333333333333,9.683333333333334,52.833333333333336
2024-11-26 11:00:00,2.283333333333333,226.83333333333334,759.4499999999999,10.200000000000001,49.833333333333336
2024-11-26 12:00:00,1.8666666666666665,242.83333333333334,759.6333333333333,9.4,51.666666666666664
2024-11-26 13:00:00,1.05,240.5,759.5833333333334,7.55,58.166666666666664
2024-11-26 14:00:00,0.08333333333333333,229.16666666666666,759.6166666666667,6.583333333333333,65.66666666666667
2024-11-26 15:00:00,0.7666666666666666,230.83333333333334,759.6833333333334,5.3999999999999995,71.16666666666667
2024-11-26 16:00:00,1.1833333333333333,238.0,759.6,5.3500000000000005,69.66666666666667
2024-11-26 17:00:00,0.7333333333333334,236.0,759.5166666666668,5.983333333333333,64.83333333333333
2024-11-26 18:00:00,1.8833333333333335,231.66666666666666,758.9333333333334,7.016666666666667,58.833333333333336
2024-11-26 19:00:00,1.1833333333333333,243.5,758.7166666666667,7.083333333333333,59.0
2024-11-26 20:00:00,1.7666666666666666,236.16666666666666,758.2666666666668,7.366666666666667,59.833333333333336
2024-11-26 21:00:00,2.283333333333333,234.16666666666666,758.2666666666668,6.383333333333333,78.83333333333333
2024-11-26 22:00:00,2.3000000000000003,243.83333333333334,758.1166666666667,5.25,98.66666666666667
2024-11-26 23:00:00,2.9,232.83333333333334,757.8833333333333,5.083333333333333,100.0
2024-11-27 00:00:00,1.7333333333333334,230.5,757.5166666666668,4.95,100.0
2024-11-27 01:00:00,1.9000000000000001,221.33333333333334,757.1833333333334,4.416666666666667,100.0
2024-11-27 02:00:00,0.9500000000000001,233.66666666666666,757.1833333333334,4.583333333333333,100.0
2024-11-27 03:00:00,1.0666666666666667,223.0,757.5500000000001,4.95,100.0
2024-11-27 04:00:00,0.5166666666666667,228.0,757.8000000000001,4.8,100.0
2024-11-27 05:00:00,1.2,209.66666666666666,758.1166666666667,4.95,100.0
2024-11-27 06:00:00,0.6,225.16666666666666,758.15,5.95,93.16666666666667
2024-11-27 07:00:00,1.1833333333333333,236.16666666666666,757.5166666666668,7.8500000000000005,70.16666666666667
2024-11-27 08:00:00,3.1,242.66666666666666,756.7833333333333,8.633333333333333,62.833333333333336
2024-11-27 09:00:00,3.65,249.0,756.1333333333333,8.016666666666667,59.666666666666664
2024-11-27 10:00:00,2.9166666666666665,244.0,755.8666666666667,8.166666666666666,59.0
2024-11-27 11:00:00,3.3000000000000003,245.33333333333334,755.8000000000001,6.883333333333333,61.833333333333336
2024-11-27 12:00:00,2.25,235.16666666666666,755.8000000000001,6.533333333333334,52.666666666666664
2024-11-27 13:00:00,1.1666666666666667,210.83333333333334,755.5,6.416666666666667,52.5
2024-11-27 14:00:00,0.6833333333333332,217.83333333333334,755.5833333333334,6.0,54.166666666666664
2024-11-27 15:00:00,3.65,230.83333333333334,755.6500000000001,6.3999999999999995,48.833333333333336
2024-11-27 16:00:00,5.533333333333334,215.5,755.4,6.416666666666667,48.5
2024-11-27 17:00:00,4.416666666666667,227.5,755.2833333333333,6.033333333333334,52.833333333333336
2024-11-27 18:00:00,3.8000000000000003,250.5,755.1,5.1499999999999995,60.0
2024-11-27 19:00:00,2.566666666666667,252.16666666666666,754.9833333333332,4.233333333333333,66.16666666666667
2024-11-27 20:00:00,1.9000000000000001,250.5,754.65,3.6666666666666665,66.33333333333333
2024-11-27 21:00:00,0.9500000000000001,240.83333333333334,754.1666666666666,3.266666666666667,64.66666666666667
2024-11-27 22:00:00,0.6166666666666667,217.66666666666666,754.0,2.2666666666666666,65.83333333333333
2024-11-27 23:00:00,1.7666666666666668,253.5,754.0166666666668,1.8,63.5
2024-11-28 00:00:00,3.0500000000000003,254.33333333333334,753.7833333333333,1.8166666666666667,63.833333333333336
2024-11-28 01:00:00,3.1666666666666665,247.0,753.4833333333332,1.3166666666666667,65.83333333333333
2024-11-28 02:00:00,4.516666666666667,249.16666666666666,753.4333333333334,1.05,62.5
2024-11-28 03:00:00,4.0,248.83333333333334,753.6999999999999,0.18333333333333335,62.0
2024-11-28 04:00:00,3.8666666666666667,251.66666666666666,754.3000000000001,0.19999999999999998,60.333333333333336
2024-11-28 05:00:00,5.733333333333333,252.16666666666666,754.5333333333333,1.0,45.0
2024-11-28 06:00:00,2.9166666666666665,234.33333333333334,754.5,2.066666666666667,29.166666666666668
2024-11-28 07:00:00,3.1833333333333336,228.16666666666666,754.2833333333333,2.3666666666666667,28.166666666666668
2024-11-28 08:00:00,3.233333333333333,231.66666666666666,753.8333333333334,2.533333333333333,28.0
2024-11-28 09:00:00,3.0833333333333335,226.33333333333334,753.4333333333334,2.6,30.0
2024-11-28 10:00:00,3.6166666666666667,228.83333333333334,753.0833333333334,2.4,30.833333333333332
2024-11-28 11:00:00,4.2,233.83333333333334,753.1833333333334,2.15,32.166666666666664
2024-11-28 12:00:00,3.283333333333333,235.83333333333334,753.6,1.3166666666666667,37.0
2024-11-28 13:00:00,2.6999999999999997,241.66666666666666,753.9166666666666,-0.35000000000000003,41.333333333333336
2024-11-28 14:00:00,1.1333333333333333,249.5,754.1,-1.5666666666666667,46.666666666666664
2024-11-28 15:00:00,1.0833333333333333,236.16666666666666,754.2999999999998,-2.0500000000000003,49.0
2024-11-28 16:00:00,0.35000000000000003,244.16666666666666,754.4166666666666,-2.4499999999999997,50.0
2024-11-28 17:00:00,0.08333333333333333,225.0,754.6500000000001,-3.0500000000000003,56.333333333333336
2024-11-28 18:00:00,0.18333333333333335,225.66666666666666,754.6166666666667,-3.033333333333333,54.333333333333336
2024-11-28 19:00:00,0.3666666666666667,235.5,754.5166666666668,-3.5,54.5
2024-11-28 20:00:00,1.3833333333333335,238.0,754.0833333333334,-3.4333333333333336,52.333333333333336
2024-11-28 21:00:00,0.6333333333333333,214.0,754.1500000000001,-3.3166666666666664,45.5
2024-11-28 22:00:00,1.45,215.16666666666666,754.4833333333332,-3.733333333333333,47.0
2024-11-28 23:00:00,1.0333333333333334,235.83333333333334,754.5166666666668,-3.9499999999999997,47.0
2024-11-29 00:00:00,0.5166666666666667,213.0,754.3833333333333,-4.116666666666666,45.166666666666664
2024-11-29 01:00:00,1.1666666666666667,241.5,754.4166666666666,-4.3999999999999995,48.0
2024-11-29 02:00:00,0.5333333333333333,242.33333333333334,754.7333333333332,-4.683333333333334,54.5
2024-11-29 03:00:00,1.2166666666666666,243.5,755.2666666666668,-5.133333333333334,57.666666666666664
2024-11-29 04:00:00,5.95,202.0,755.6,-2.4166666666666665,48.0
2024-11-29 05:00:00,4.0,210.66666666666666,756.15,-0.6999999999999998,42.833333333333336
2024-11-29 06:00:00,7.75,206.66666666666666,756.6333333333333,-0.8833333333333333,48.333333333333336
2024-11-29 07:00:00,5.066666666666666,212.5,756.7166666666667,0.6,43.833333333333336
2024-11-29 08:00:00,3.0666666666666664,233.33333333333334,756.3000000000001,2.1999999999999997,37.666666666666664
2024-11-29 09:00:00,3.533333333333333,233.83333333333334,756.25,2.716666666666667,38.166666666666664
2024-11-29 10:00:00,3.016666666666667,227.66666666666666,756.3833333333333,2.4499999999999997,39.333333333333336
2024-11-29 11:00:00,1.9000000000000001,226.0,756.6,2.5833333333333335,38.5
2024-11-29 12:00:00,3.533333333333333,235.66666666666666,757.15,1.0666666666666667,42.166666666666664
2024-11-29 13:00:00,2.066666666666667,245.0,757.6666666666666,-0.85,48.0
2024-11-29 14:00:00,0.48333333333333334,224.16666666666666,757.9333333333334,-2.1333333333333333,54.5
2024-11-29 15:00:00,0.5166666666666667,250.0,758.3166666666666,-2.966666666666667,63.5
2024-11-29 16:00:00,1.4833333333333334,246.5,758.4833333333332,-3.3166666666666664,71.66666666666667
2024-11-29 17:00:00,1.0333333333333334,241.33333333333334,758.6166666666667,-3.766666666666667,77.33333333333333
2024-11-29 18:00:00,1.05,211.66666666666666,758.7166666666667,-3.216666666666667,66.66666666666667
2024-11-29 19:00:00,1.1833333333333333,221.5,758.7333333333332,-3.1,61.666666666666664
2024-11-29 20:00:00,0.45,231.83333333333334,758.6666666666666,-3.6833333333333336,65.5
2024-11-29 21:00:00,0.6833333333333332,237.83333333333334,758.5,-4.433333333333334,71.5
2024-11-29 22:00:00,0.6833333333333332,247.0,758.4666666666667,-5.1499999999999995,81.66666666666667
2024-11-29 23:00:00,0.6,251.16666666666666,758.5,-5.133333333333334,80.0
2024-11-30 00:00:00,0.7000000000000001,244.0,758.5333333333333,-5.383333333333333,81.16666666666667
2024-11-30 01:00:00,1.1833333333333333,231.16666666666666,758.6333333333333,-5.1499999999999995,74.0
2024-11-30 02:00:00,0.85,243.5,758.8166666666666,-5.166666666666667,71.33333333333333
2024-11-30 03:00:00,0.25,245.16666666666666,759.1666666666666,-5.116666666666666,68.83333333333333
2024-11-30 04:00:00,0.19999999999999998,237.83333333333334,759.6,-2.5166666666666666,59.666666666666664
2024-11-30 05:00:00,0.9500000000000001,227.83333333333334,760.0333333333333,-1.05,51.5
2024-11-30 06:00:00,1.7833333333333332,240.5,760.4333333333334,-0.3666666666666667,51.166666666666664
2024-11-30 07:00:00,2.2666666666666666,224.5,760.3000000000001,0.016666666666666663,50.666666666666664
2024-11-30 08:00:00,2.15,220.66666666666666,759.8833333333333,0.8333333333333334,49.333333333333336
2024-11-30 09:00:00,1.9000000000000001,227.83333333333334,759.5333333333333,1.0166666666666666,49.166666666666664
2024-11-30 10:00:00,3.283333333333333,232.16666666666666,759.2999999999998,1.2833333333333334,49.5
2024-11-30 11:00:00,2.6833333333333336,222.5,759.4499999999999,0.5166666666666667,51.666666666666664
2024-11-30 12:00:00,6.033333333333334,202.16666666666666,759.6500000000001,-0.6666666666666666,53.0
2024-11-30 13:00:00,6.533333333333334,202.33333333333334,759.8833333333333,-1.95,58.833333333333336
2024-11-30 14:00:00,5.133333333333334,198.16666666666666,760.15,-2.3000000000000003,60.5
2024-11-30 15:00:00,6.1000000000000005,197.66666666666666,760.4499999999999,-2.4166666666666665,59.5
2024-11-30 16:00:00,5.966666666666666,198.66666666666666,760.5333333333333,-2.6999999999999997,61.833333333333336
2024-11-30 17:00:00,3.6999999999999997,200.33333333333334,760.6166666666667,-2.733333333333333,64.5
2024-11-30 18:00:00,0.13333333333333333,228.83333333333334,760.7000000000002,-3.4499999999999997,68.83333333333333
2024-11-30 19:00:00,0.5166666666666667,228.33333333333334,760.7000000000002,-4.3500000000000005,77.66666666666667
2024-11-30 20:00:00,0.5,208.83333333333334,760.5666666666666,-5.133333333333334,85.5
2024-11-30 21:00:00,0.19999999999999998,231.66666666666666,760.3333333333334,-5.133333333333334,84.33333333333333
2024-11-30 22:00:00,0.3666666666666667,248.83333333333334,760.3833333333333,-5.25,84.0
2024-11-30 23:00:00,1.0166666666666668,241.66666666666666,760.25,-5.633333333333333,85.83333333333333
2024-12-01 00:00:00,0.39999999999999997,221.16666666666666,759.9,-6.216666666666666,87.83333333333333
2024-12-01 01:00:00,0.26666666666666666,236.0,759.7999999999998,-6.1000000000000005,80.83333333333333
2024-12-01 02:00:00,0.7000000000000001,225.16666666666666,759.9,-6.383333333333333,80.33333333333333
2024-12-01 03:00:00,0.6,233.33333333333334,760.1166666666667,-6.916666666666667,82.33333333333333
2024-12-01 04:00:00,0.2333333333333333,220.83333333333334,760.25,-4.0,68.83333333333333
2024-12-01 05:00:00,1.2333333333333334,223.83333333333334,760.3166666666666,-2.766666666666667,64.16666666666667
2024-12-01 06:00:00,1.8499999999999999,220.0,760.5833333333334,-1.8833333333333335,60.333333333333336
2024-12-01 07:00:00,1.6333333333333335,223.5,760.3166666666666,-0.7833333333333333,57.166666666666664
2024-12-01 08:00:00,2.6999999999999997,227.16666666666666,759.7333333333332,-0.16666666666666666,56.5
2024-12-01 09:00:00,2.716666666666667,233.16666666666666,759.1999999999999,0.09999999999999999,57.333333333333336
2024-12-01 10:00:00,3.266666666666667,229.5,758.75,0.4666666666666666,57.833333333333336
2024-12-01 11:00:00,3.1666666666666665,225.16666666666666,758.6500000000001,-0.15,60.666666666666664
2024-12-01 12:00:00,2.533333333333333,228.5,758.6,-0.8333333333333334,64.16666666666667
2024-12-01 13:00:00,2.1333333333333333,237.5,758.6,-2.9333333333333336,77.0
2024-12-01 14:00:00,0.7000000000000001,247.66666666666666,758.6999999999999,-4.216666666666667,90.83333333333333
2024-12-01 15:00:00,0.09999999999999999,255.5,758.7999999999998,-4.616666666666666,98.16666666666667
2024-12-01 16:00:00,0.03333333333333333,242.66666666666666,758.8333333333334,-5.133333333333334,98.5
2024-12-01 17:00:00,0.4166666666666667,250.33333333333334,758.9,-4.95,89.0
2024-12-01 18:00:00,0.26666666666666666,218.16666666666666,758.7999999999998,-4.866666666666666,75.5
2024-12-01 19:00:00,0.7666666666666666,207.66666666666666,758.7999999999998,-5.05,67.83333333333333
2024-12-01 20:00:00,0.5333333333333333,207.33333333333334,758.6666666666666,-5.166666666666667,68.66666666666667
2024-12-01 21:00:00,0.5333333333333333,208.5,758.4,-5.716666666666666,70.16666666666667
2024-12-01 22:00:00,0.11666666666666668,228.16666666666666,758.25,-6.116666666666666,75.33333333333333
2024-12-01 23:00:00,0.10000000000000002,225.33333333333334,757.9666666666667,-6.416666666666667,78.0
2024-12-02 00:00:00,0.09999999999999999,230.33333333333334,757.6833333333334,-6.166666666666667,68.5
2024-12-02 01:00:00,0.0,246.83333333333334,757.6,-6.433333333333334,75.66666666666667
2024-12-02 02:00:00,0.23333333333333336,233.66666666666666,757.5833333333334,-6.6499999999999995,78.16666666666667
2024-12-02 03:00:00,0.06666666666666667,200.33333333333334,757.9166666666666,-7.166666666666667,72.16666666666667
2024-12-02 04:00:00,0.48333333333333334,244.83333333333334,758.1666666666666,-4.266666666666667,63.166666666666664
2024-12-02 05:00:00,1.3499999999999999,249.16666666666666,758.6166666666667,-2.75,70.5
2024-12-02 06:00:00,1.9666666666666668,244.66666666666666,758.7833333333333,-2.1999999999999997,73.16666666666667
2024-12-02 07:00:00,1.9333333333333333,241.83333333333334,758.6666666666666,-1.1833333333333333,69.33333333333333
2024-12-02 08:00:00,2.5833333333333335,238.16666666666666,758.4333333333334,-0.39999999999999997,64.5
2024-12-02 09:00:00,2.6666666666666665,240.0,758.1166666666667,-0.03333333333333333,63.666666666666664
2024-12-02 10:00:00,3.0,228.33333333333334,757.6833333333334,-0.03333333333333333,63.333333333333336
2024-12-02 11:00:00,2.783333333333333,228.33333333333334,757.6500000000001,-0.43333333333333335,65.16666666666667
2024-12-02 12:00:00,3.0666666666666664,235.5,757.8166666666666,-1.55,69.16666666666667
2024-12-02 13:00:00,1.95,238.16666666666666,757.9,-3.533333333333333,79.5
2024-12-02 14:00:00,0.15,247.0,758.0,-4.566666666666666,90.83333333333333
2024-12-02 15:00:00,0.06666666666666667,248.33333333333334,758.2333333333332,-4.733333333333333,93.66666666666667
2024-12-02 16:00:00,1.25,247.66666666666666,758.2999999999998,-4.8,94.83333333333333
2024-12-02 17:00:00,0.31666666666666665,251.83333333333334,758.4333333333334,-4.55,89.83333333333333
2024-12-02 18:00:00,0.26666666666666666,221.5,758.4,-5.083333333333333,84.66666666666667
2024-12-02 19:00:00,0.6833333333333332,235.66666666666666,758.2666666666668,-5.266666666666667,86.0
2024-12-02 20:00:00,0.2833333333333334,227.33333333333334,758.2666666666668,-5.716666666666666,89.5
2024-12-02 21:00:00,0.21666666666666667,220.16666666666666,757.9333333333334,-5.2,78.5
2024-12-02 22:00:00,0.15,252.16666666666666,757.9,-5.183333333333334,76.5
2024-12-02 23:00:00,0.16666666666666666,238.5,757.7833333333333,-5.6000000000000005,76.5
2024-12-03 00:00:00,0.46666666666666673,243.33333333333334,757.6833333333334,-5.3999999999999995,70.16666666666667
2024-12-03 01:00:00,1.2,257.6666666666667,757.6666666666666,-5.333333333333333,67.83333333333333
2024-12-03 02:00:00,0.016666666666666666,229.33333333333334,757.7999999999998,-6.383333333333333,75.33333333333333
2024-12-03 03:00:00,0.6333333333333333,251.66666666666666,758.0166666666668,-5.8999999999999995,71.0
2024-12-03 04:00:00,0.7999999999999999,253.5,758.4333333333334,-4.333333333333333,71.0
2024-12-03 05:00:00,0.3,241.66666666666666,758.6833333333334,-1.5833333333333333,53.0
2024-12-03 06:00:00,1.25,254.83333333333334,758.8499999999999,-0.5666666666666667,49.833333333333336
2024-12-03 07:00:00,2.25,245.16666666666666,758.9,0.18333333333333335,52.333333333333336
2024-12-03 08:00:00,3.0500000000000003,232.16666666666666,758.65,-0.06666666666666667,52.833333333333336
2024-12-03 09:00:00,3.15,231.33333333333334,758.3333333333334,-0.05000000000000001,54.166666666666664
2024-12-03 10:00:00,2.85,232.66666666666666,758.2000000000002,0.25,53.5
2024-12-03 11:00:00,2.4,237.5,758.2666666666668,0.3,53.5
2024-12-03 12:00:00,0.8833333333333334,247.0,758.2999999999998,0.08333333333333333,53.333333333333336
2024-12-03 13:00:00,0.3333333333333333,247.5,758.2999999999998,-2.0166666666666666,61.5
2024-12-03 14:00:00,0.2333333333333333,254.16666666666666,758.5166666666668,-3.3000000000000003,68.33333333333333
2024-12-03 15:00:00,0.05000000000000001,222.16666666666666,758.8000000000001,-3.783333333333333,68.0
2024-12-03 16:00:00,0.3666666666666667,223.83333333333334,759.0,-3.983333333333333,68.33333333333333
2024-12-03 17:00:00,0.15,236.66666666666666,759.1,-3.8166666666666664,64.5
2024-12-03 18:00:00,0.18333333333333335,249.5,759.0666666666666,-3.65,62.666666666666664
2024-12-03 19:00:00,0.25,230.0,758.8666666666667,-4.683333333333334,69.66666666666667
2024-12-03 20:00:00,0.3,245.83333333333334,758.7000000000002,-4.416666666666667,63.0
2024-12-03 21:00:00,0.10000000000000002,252.83333333333334,758.5,-4.416666666666667,65.5
2024-12-03 22:00:00,0.4166666666666667,254.33333333333334,758.5166666666668,-4.3,61.333333333333336
2024-12-03 23:00:00,0.05000000000000001,237.83333333333334,758.5,-4.516666666666667,59.5
2024-12-04 00:00:00,0.03333333333333333,236.33333333333334,758.3833333333333,-4.1499999999999995,48.333333333333336
2024-12-04 01:00:00,0.3333333333333333,197.66666666666666,758.2000000000002,-4.566666666666666,48.333333333333336
2024-12-04 02:00:00,0.6666666666666666,219.16666666666666,758.3833333333333,-4.25,46.5
2024-12-04 03:00:00,1.0,204.33333333333334,758.6833333333334,-3.983333333333333,46.5
2024-12-04 04:00:00,0.016666666666666666,235.16666666666666,759.0,-1.6500000000000001,42.333333333333336
2024-12-04 05:00:00,1.4166666666666667,245.0,759.1833333333334,0.5,37.666666666666664
2024-12-04 06:00:00,1.5833333333333333,219.33333333333334,759.4666666666667,1.1833333333333333,35.0
2024-12-04 07:00:00,1.9166666666666667,226.0,759.3833333333333,1.75,37.666666666666664
2024-12-04 08:00:00,2.433333333333333,226.16666666666666,759.0666666666666,1.95,39.166666666666664
2024-12-04 09:00:00,2.5500000000000003,233.66666666666666,758.8833333333333,2.466666666666667,39.166666666666664
2024-12-04 10:00:00,2.75,232.0,758.7000000000002,2.3333333333333335,42.666666666666664
2024-12-04 11:00:00,2.6666666666666665,227.33333333333334,758.7000000000002,1.9333333333333333,46.0
2024-12-04 12:00:00,1.8166666666666667,238.83333333333334,758.8333333333334,1.0999999999999999,47.833333333333336
2024-12-04 13:00:00,0.25,249.83333333333334,758.9,-0.6833333333333332,53.5
2024-12-04 14:00:00,0.13333333333333333,235.5,759.1833333333334,-2.3000000000000003,59.833333333333336
2024-12-04 15:00:00,1.0166666666666666,227.16666666666666,759.3499999999999,-2.3833333333333333,60.666666666666664
2024-12-04 16:00:00,0.7333333333333334,204.66666666666666,759.4833333333332,-2.966666666666667,59.166666666666664
2024-12-04 17:00:00,0.26666666666666666,220.16666666666666,759.7333333333332,-2.733333333333333,54.166666666666664
2024-12-04 18:00:00,0.19999999999999998,228.83333333333334,759.7000000000002,-2.4,47.166666666666664
2024-12-04 19:00:00,0.5333333333333333,228.5,759.6333333333333,-2.6,43.666666666666664
2024-12-04 20:00:00,0.48333333333333334,214.66666666666666,759.5,-3.0666666666666664,40.333333333333336
2024-12-04 21:00:00,0.8666666666666667,205.33333333333334,759.4,-2.966666666666667,33.5
2024-12-04 22:00:00,0.5333333333333333,221.33333333333334,759.4,-2.9,30.666666666666668
2024-12-04 23:00:00,0.21666666666666667,207.0,759.25,-3.3833333333333333,31.5
2024-12-05 00:00:00,0.16666666666666666,234.5,759.1666666666666,-2.25,26.5
2024-12-05 01:00:00,0.85,221.66666666666666,759.15,-3.0833333333333335,28.833333333333332
2024-12-05 02:00:00,0.43333333333333335,212.0,759.5333333333333,-3.983333333333333,32.5
2024-12-05 03:00:00,0.5333333333333333,223.16666666666666,759.9166666666666,-3.266666666666667,29.5
2024-12-05 04:00:00,0.21666666666666667,220.83333333333334,760.2333333333332,-0.5333333333333333,26.666666666666668
2024-12-05 05:00:00,0.16666666666666666,235.83333333333334,760.5666666666666,2.5166666666666666,19.666666666666668
2024-12-05 06:00:00,1.0333333333333334,242.16666666666666,760.8833333333333,2.75,24.0
2024-12-05 07:00:00,1.3499999999999999,237.83333333333334,760.8833333333333,3.516666666666667,27.333333333333332
2024-12-05 08:00:00,2.0,226.33333333333334,760.4499999999999,4.666666666666667,25.333333333333332
2024-12-05 09:00:00,2.733333333333333,234.0,760.3333333333334,4.133333333333334,27.5
2024-12-05 10:00:00,2.35,235.33333333333334,760.1166666666667,4.45,28.666666666666668
2024-12-05 11:00:00,2.25,234.16666666666666,760.2333333333332,4.6000000000000005,28.0
2024-12-05 12:00:00,1.9000000000000001,230.5,760.6999999999999,3.3000000000000003,31.666666666666668
2024-12-05 13:00:00,0.5,248.0,760.7000000000002,0.5499999999999999,38.5
2024-12-05 14:00:00,0.75,238.0,760.8833333333333,-0.35000000000000003,38.666666666666664
2024-12-05 15:00:00,0.2833333333333334,241.83333333333334,761.0500000000001,-0.13333333333333333,33.666666666666664
2024-12-05 16:00:00,0.6,226.66666666666666,761.4166666666666,-0.6666666666666666,33.5
2024-12-05 17:00:00,0.35000000000000003,217.16666666666666,761.5333333333333,-1.1500000000000001,35.333333333333336
2024-12-05 18:00:00,0.9,204.66666666666666,761.7833333333333,-1.3333333333333333,35.5
2024-12-05 19:00:00,0.8333333333333334,214.16666666666666,761.6666666666666,-2.1333333333333333,36.333333333333336
2024-12-05 20:00:00,1.3666666666666665,192.0,761.5500000000001,-2.3833333333333333,34.833333333333336
2024-12-05 21:00:00,1.3333333333333333,197.66666666666666,761.4499999999999,-2.183333333333333,34.666666666666664
2024-12-05 22:00:00,0.3333333333333333,204.83333333333334,761.3166666666666,-2.75,37.0
2024-12-05 23:00:00,0.7166666666666667,192.83333333333334,761.3666666666667,-3.0,36.333333333333336
2024-12-06 00:00:00,0.3333333333333333,210.66666666666666,761.2833333333333,-1.9333333333333333,32.833333333333336
2024-12-06 01:00:00,0.5499999999999999,209.33333333333334,761.2333333333332,-2.783333333333333,36.0
2024-12-06 02:00:00,0.11666666666666665,207.66666666666666,761.4333333333334,-2.8666666666666667,35.833333333333336
2024-12-06 03:00:00,0.4166666666666667,220.83333333333334,761.7666666666668,-2.783333333333333,35.333333333333336
2024-12-06 04:00:00,0.03333333333333333,223.83333333333334,761.9666666666667,0.7833333333333332,27.666666666666668
2024-12-06 05:00:00,1.5166666666666666,221.83333333333334,762.3000000000001,2.5,24.666666666666668
2024-12-06 06:00:00,1.95,232.5,762.6,2.8333333333333335,24.666666666666668
2024-12-06 07:00:00,2.25,227.66666666666666,762.5,3.5833333333333335,26.166666666666668
2024-12-06 08:00:00,2.8000000000000003,223.83333333333334,762.0333333333333,3.8666666666666667,27.5
2024-12-06 09:00:00,3.0833333333333335,225.66666666666666,761.6,3.983333333333333,27.833333333333332
2024-12-06 10:00:00,3.6,230.33333333333334,761.4166666666666,3.6333333333333333,32.666666666666664
2024-12-06 11:00:00,3.0,229.5,761.3166666666666,2.9499999999999997,37.5
2024-12-06 12:00:00,2.0833333333333335,240.0,761.0166666666668,2.4166666666666665,40.0
2024-12-06 13:00:00,1.4166666666666667,247.16666666666666,761.0500000000001,0.16666666666666666,48.666666666666664
2024-12-06 14:00:00,0.03333333333333333,229.0,761.4666666666667,-1.4833333333333334,53.833333333333336
2024-12-06 15:00:00,0.03333333333333333,219.0,761.9666666666667,-2.066666666666667,53.5
2024-12-06 16:00:00,0.0,240.5,762.3833333333333,-1.7666666666666666,49.166666666666664
2024-12-06 17:00:00,0.0,225.5,762.5,-2.6166666666666667,52.333333333333336
2024-12-06 18:00:00,0.09999999999999999,232.33333333333334,762.4333333333334,-2.25,49.166666666666664
2024-12-06 19:00:00,0.3833333333333333,241.33333333333334,762.4166666666666,-2.3000000000000003,50.333333333333336
2024-12-06 20:00:00,0.7833333333333333,205.33333333333334,762.4166666666666,-2.783333333333333,50.666666666666664
2024-12-06 21:00:00,0.3,247.33333333333334,762.2833333333333,-2.4499999999999997,48.833333333333336
2024-12-06 22:00:00,0.48333333333333334,249.66666666666666,762.4,-2.6833333333333336,48.833333333333336
2024-12-06 23:00:00,0.46666666666666673,214.16666666666666,762.5,-2.783333333333333,45.5
2024-12-07 00:00:00,2.3333333333333335,229.16666666666666,762.25,-1.7,40.0
2024-12-07 01:00:00,8.783333333333333,193.66666666666666,762.0,-0.3666666666666667,34.833333333333336
2024-12-07 02:00:00,6.383333333333333,192.83333333333334,762.25,-0.21666666666666667,32.666666666666664
2024-12-07 03:00:00,2.6333333333333333,212.66666666666666,762.7166666666667,-0.8000000000000002,33.666666666666664
2024-12-07 04:00:00,4.816666666666666,201.33333333333334,763.0500000000001,0.43333333333333335,33.0
2024-12-07 05:00:00,0.2833333333333333,237.66666666666666,763.75,1.4333333333333336,33.0
2024-12-07 06:00:00,1.4500000000000002,213.66666666666666,763.9833333333332,2.5333333333333337,32.0
2024-12-07 07:00:00,1.9666666666666668,223.83333333333334,763.85,3.216666666666667,33.0
2024-12-07 08:00:00,2.316666666666667,233.83333333333334,763.3000000000001,3.5500000000000003,33.0
2024-12-07 09:00:00,2.3666666666666667,224.0,762.8166666666666,3.5666666666666664,35.666666666666664
2024-12-07 10:00:00,3.516666666666667,233.16666666666666,762.8166666666666,3.25,38.666666666666664
2024-12-07 11:00:00,3.4166666666666665,230.66666666666666,763.0500000000001,2.3833333333333333,42.5
2024-12-07 12:00:00,3.15,234.16666666666666,763.4666666666667,1.05,47.666666666666664
2024-12-07 13:00:00,0.9333333333333332,239.0,763.65,-0.9,55.666666666666664
2024-12-07 14:00:00,1.7,237.16666666666666,764.0333333333333,-1.55,64.5
2024-12-07 15:00:00,1.8666666666666665,249.33333333333334,764.4,-2.25,72.16666666666667
2024-12-07 16:00:00,1.1333333333333333,239.66666666666666,764.7666666666668,-2.6666666666666665,75.5
2024-12-07 17:00:00,1.0666666666666667,246.0,764.8333333333334,-3.1666666666666665,75.83333333333333
2024-12-07 18:00:00,0.3166666666666667,221.0,764.8499999999999,-2.65,59.666666666666664
2024-12-07 19:00:00,1.2833333333333334,250.33333333333334,764.9499999999999,-2.766666666666667,64.16666666666667
2024-12-07 20:00:00,1.3833333333333335,247.33333333333334,764.9166666666666,-3.516666666666667,71.33333333333333
2024-12-07 21:00:00,0.5,212.16666666666666,764.5833333333334,-4.416666666666667,72.33333333333333
2024-12-07 22:00:00,0.3166666666666667,241.66666666666666,764.4,-3.7999999999999994,72.16666666666667
2024-12-07 23:00:00,0.5333333333333333,246.66666666666666,764.3833333333333,-3.8666666666666667,72.83333333333333
2024-12-08 00:00:00,0.6833333333333332,249.83333333333334,764.1666666666666,-3.6666666666666665,69.83333333333333
2024-12-08 01:00:00,0.7666666666666666,251.0,764.0166666666668,-4.1000000000000005,71.16666666666667
2024-12-08 02:00:00,1.5666666666666667,249.5,763.8833333333333,-4.3500000000000005,72.83333333333333
2024-12-08 03:00:00,0.75,243.5,764.2166666666667,-4.3999999999999995,72.83333333333333
2024-12-08 04:00:00,1.4166666666666667,241.5,764.4833333333332,-3.5666666666666664,67.83333333333333
2024-12-08 05:00:00,0.7999999999999999,241.33333333333334,764.9833333333332,-1.6666666666666667,63.0
2024-12-08 06:00:00,0.6,238.66666666666666,765.0833333333334,-0.23333333333333336,52.333333333333336
2024-12-08 07:00:00,0.9333333333333332,241.16666666666666,764.6666666666666,1.7166666666666668,46.833333333333336
2024-12-08 08:00:00,2.316666666666667,236.83333333333334,764.25,2.0,46.666666666666664
2024-12-08 09:00:00,1.9666666666666668,241.0,763.8666666666667,2.0833333333333335,47.166666666666664
2024-12-08 10:00:00,1.4833333333333334,223.33333333333334,763.2333333333332,2.533333333333333,45.166666666666664
2024-12-08 11:00:00,1.0833333333333333,250.0,762.8666666666667,1.7833333333333332,51.0
2024-12-08 12:00:00,0.35000000000000003,243.83333333333334,762.8333333333334,1.4333333333333333,51.833333333333336
2024-12-08 13:00:00,0.09999999999999999,244.16666666666666,762.75,-0.3833333333333333,58.333333333333336
2024-12-08 14:00:00,0.03333333333333333,221.33333333333334,762.6999999999999,-1.1500000000000001,61.0
2024-12-08 15:00:00,0.5333333333333333,247.5,762.8666666666667,-0.9166666666666666,58.333333333333336
2024-12-08 16:00:00,0.03333333333333333,230.66666666666666,762.7166666666667,-1.3333333333333333,56.833333333333336
2024-12-08 17:00:00,0.43333333333333335,229.83333333333334,762.2833333333333,-0.7666666666666666,45.833333333333336
2024-12-08 18:00:00,0.5833333333333334,223.33333333333334,761.9499999999999,-0.6666666666666666,39.333333333333336
2024-12-08 19:00:00,0.3333333333333333,230.5,761.7333333333332,-0.5333333333333333,36.166666666666664
2024-12-08 20:00:00,0.26666666666666666,231.33333333333334,761.1999999999999,-0.5833333333333334,35.166666666666664
2024-12-08 21:00:00,1.7666666666666666,248.66666666666666,760.4499999999999,-0.08333333333333333,31.833333333333332
2024-12-08 22:00:00,2.2166666666666663,241.16666666666666,760.8833333333333,-0.4166666666666667,41.666666666666664
2024-12-08 23:00:00,1.8166666666666667,246.5,760.2333333333332,0.15,41.666666666666664
2024-12-09 00:00:00,1.7666666666666666,234.0,759.9,1.7666666666666666,34.5
2024-12-09 01:00:00,0.8666666666666667,238.16666666666666,759.6666666666666,1.4000000000000001,42.833333333333336
2024-12-09 02:00:00,1.7999999999999998,234.66666666666666,760.1166666666667,-1.2,64.16666666666667
2024-12-09 03:00:00,0.7333333333333334,241.16666666666666,760.2166666666667,-1.7166666666666668,83.83333333333333
2024-12-09 04:00:00,0.7666666666666666,234.0,760.2333333333332,-0.26666666666666666,98.66666666666667
2024-12-09 05:00:00,1.1500000000000001,248.33333333333334,760.0,-0.016666666666666663,98.14814814814815
2024-12-09 06:00:00,1.5999999999999999,244.5,760.2833333333333,-0.6,97.62962962962963
2024-12-09 07:00:00,0.3,234.83333333333334,760.15,-0.7999999999999999,
2024-12-09 08:00:00,1.3333333333333333,237.83333333333334,759.2666666666668,0.3833333333333333,
2024-12-09 09:00:00,1.3833333333333335,254.83333333333334,759.0166666666668,-0.75,
2024-12-09 10:00:00,1.9166666666666667,251.33333333333334,758.25,0.38333333333333336,
2024-12-09 11:00:00,1.3,235.66666666666666,758.1333333333333,-0.3833333333333333,
2024-12-09 12:00:00,0.9666666666666667,236.16666666666666,758.4166666666666,-0.3,
2024-12-09 13:00:00,5.733333333333333,198.83333333333334,758.6166666666667,0.9,94.0
2024-12-09 14:00:00,9.633333333333335,195.5,758.75,1.1166666666666667,88.83333333333333
2024-12-09 15:00:00,9.35,194.83333333333334,759.1166666666667,0.9166666666666666,84.33333333333333
2024-12-09 16:00:00,8.450000000000001,193.0,759.5333333333333,0.75,75.66666666666667
2024-12-09 17:00:00,6.45,196.5,759.9166666666666,0.3,79.0
2024-12-09 18:00:00,7.016666666666667,200.5,759.9333333333334,0.13333333333333333,77.83333333333333
2024-12-09 19:00:00,8.15,198.83333333333334,760.0333333333333,-0.15,84.83333333333333
2024-12-09 20:00:00,6.916666666666667,194.5,759.9499999999999,0.0,78.66666666666667
2024-12-09 21:00:00,6.033333333333334,197.66666666666666,759.8333333333334,-0.03333333333333333,74.66666666666667
2024-12-09 22:00:00,4.583333333333333,202.0,760.1333333333333,0.06666666666666667,72.83333333333333
2024-12-09 23:00:00,1.8833333333333335,230.0,760.3833333333333,-0.4166666666666667,78.16666666666667
2024-12-10 00:00:00,6.916666666666667,199.16666666666666,760.3166666666666,-0.8333333333333334,76.83333333333333
2024-12-10 01:00:00,8.183333333333334,194.5,760.3333333333334,-1.1833333333333333,76.0
2024-12-10 02:00:00,5.3500000000000005,199.5,760.75,-1.2166666666666668,69.0
2024-12-10 03:00:00,1.8,217.33333333333334,761.2833333333333,-1.2833333333333334,65.33333333333333
2024-12-10 04:00:00,4.8999999999999995,201.16666666666666,761.75,-0.9,65.33333333333333
2024-12-10 05:00:00,2.983333333333333,221.0,762.0333333333333,0.13333333333333333,65.16666666666667
2024-12-10 06:00:00,1.3666666666666665,232.5,762.4333333333334,0.85,66.33333333333333
2024-12-10 07:00:00,2.35,229.83333333333334,762.3333333333334,1.6166666666666665,62.833333333333336
2024-12-10 08:00:00,3.033333333333333,224.5,762.0500000000001,1.7833333333333332,72.16666666666667
2024-12-10 09:00:00,3.216666666666667,230.33333333333334,761.8333333333334,0.43333333333333335,96.66666666666667
2024-12-10 10:00:00,3.8000000000000003,231.0,761.5833333333334,0.9,94.33333333333333
2024-12-10 11:00:00,3.966666666666667,235.5,761.5833333333334,0.9833333333333334,95.66666666666667
2024-12-10 12:00:00,3.6999999999999997,232.66666666666666,761.8833333333333,0.049999999999999996,100.0
2024-12-10 13:00:00,3.3666666666666667,231.33333333333334,762.2666666666668,-0.7333333333333334,100.0
2024-12-10 14:00:00,1.5833333333333333,229.83333333333334,762.6166666666667,-1.4333333333333333,100.0
2024-12-10 15:00:00,0.26666666666666666,220.83333333333334,763.0500000000001,-1.7833333333333332,100.0
2024-12-10 16:00:00,0.31666666666666665,229.33333333333334,763.35,-2.1666666666666665,100.0
2024-12-10 17:00:00,0.016666666666666666,235.16666666666666,763.4333333333334,-2.6166666666666667,100.0
2024-12-10 18:00:00,0.3166666666666667,229.33333333333334,763.4166666666666,-3.483333333333334,97.16666666666667
2024-12-10 19:00:00,1.0,225.0,763.35,-4.016666666666667,95.16666666666667
2024-12-10 20:00:00,0.43333333333333335,226.5,763.1500000000001,-4.0,81.83333333333333
2024-12-10 21:00:00,0.26666666666666666,235.0,762.9166666666666,-3.716666666666667,63.5
2024-12-10 22:00:00,0.21666666666666667,228.33333333333334,762.9,-5.0,66.5
2024-12-10 23:00:00,0.8333333333333334,219.33333333333334,762.8333333333334,-5.45,60.833333333333336
2024-12-11 00:00:00,0.6166666666666667,233.5,762.5500000000001,-4.483333333333333,43.5
2024-12-11 01:00:00,0.5333333333333333,204.33333333333334,762.6333333333333,-4.7,36.166666666666664
2024-12-11 02:00:00,1.05,200.0,762.8499999999999,-5.233333333333333,37.0
2024-12-11 03:00:00,0.7166666666666667,233.0,763.0500000000001,-5.1000000000000005,38.333333333333336
2024-12-11 04:00:00,0.10000000000000002,227.5,763.4333333333334,-3.3000000000000003,41.0
2024-12-11 05:00:00,0.9499999999999998,234.66666666666666,763.6833333333334,0.2333333333333333,30.0
2024-12-11 06:00:00,2.283333333333333,225.66666666666666,763.9,0.3333333333333333,34.833333333333336
2024-12-11 07:00:00,2.033333333333333,232.83333333333334,763.8166666666666,1.0166666666666666,40.5
2024-12-11 08:00:00,2.0833333333333335,234.5,763.4333333333334,1.2166666666666666,53.166666666666664
2024-12-11 09:00:00,1.8333333333333333,248.5,762.9,1.8333333333333333,56.5
2024-12-11 10:00:00,2.283333333333333,232.0,762.4833333333332,2.0500000000000003,64.0
2024-12-11 11:00:00,1.0333333333333334,247.83333333333334,762.1166666666667,2.4166666666666665,63.833333333333336
2024-12-11 12:00:00,1.6166666666666665,253.5,761.9333333333334,1.25,76.16666666666667
2024-12-11 13:00:00,0.3,239.83333333333334,761.7166666666667,-0.8666666666666667,96.66666666666667
2024-12-11 14:00:00,0.6166666666666667,245.66666666666666,761.4833333333332,-2.3666666666666667,95.16666666666667
2024-12-11 15:00:00,0.6833333333333332,251.83333333333334,761.4833333333332,-2.3333333333333335,72.83333333333333
2024-12-11 16:00:00,1.5666666666666667,255.83333333333334,761.3000000000001,-2.1166666666666667,56.833333333333336
2024-12-11 17:00:00,1.2,254.16666666666666,761.1833333333334,-3.033333333333333,59.0
2024-12-11 18:00:00,1.2333333333333332,252.16666666666666,760.8333333333334,-3.033333333333333,50.666666666666664
2024-12-11 19:00:00,1.6166666666666665,234.0,760.4333333333334,-1.9000000000000001,22.5
2024-12-11 20:00:00,1.0666666666666667,254.83333333333334,759.9666666666667,-1.9166666666666667,20.333333333333332
2024-12-11 21:00:00,1.4000000000000001,253.16666666666666,759.3166666666666,-2.0833333333333335,20.333333333333332
2024-12-11 22:00:00,1.3166666666666667,253.83333333333334,758.9166666666666,-2.4499999999999997,22.5
2024-12-11 23:00:00,0.8833333333333333,246.0,758.6999999999999,-3.216666666666667,29.0
2024-12-12 00:00:00,0.3,235.83333333333334,758.1333333333333,-3.0500000000000003,30.666666666666668
2024-12-12 01:00:00,1.2666666666666666,251.0,757.8666666666667,-2.6666666666666665,36.5
2024-12-12 02:00:00,0.3833333333333333,226.83333333333334,757.5166666666668,-2.8666666666666667,37.5
2024-12-12 03:00:00,0.6333333333333333,240.5,757.3833333333333,-1.4000000000000001,25.0
2024-12-12 04:00:00,1.5,238.0,757.6833333333334,0.10000000000000002,26.333333333333332
2024-12-12 05:00:00,1.2666666666666666,218.33333333333334,758.0333333333333,1.6166666666666665,29.166666666666668
2024-12-12 06:00:00,1.0333333333333334,230.0,758.1999999999999,3.9,26.5
2024-12-12 07:00:00,0.7666666666666667,224.16666666666666,758.0,5.183333333333334,27.0
2024-12-12 08:00:00,1.9249999999999998,238.0,757.35,5.775,32.25
2024-12-12 09:00:00,2.783333333333333,241.33333333333334,756.9499999999999,4.6,40.166666666666664
2024-12-12 10:00:00,0.76,227.2,756.6,4.88,38.8
2024-12-12 11:00:00,0.3,217.0,756.2,4.1,40.0
2024-12-12 12:00:00,1.5166666666666666,247.0,756.2000000000002,4.133333333333334,38.333333333333336
2024-12-12 13:00:00,0.9166666666666666,244.16666666666666,756.1833333333334,3.016666666666667,39.833333333333336
2024-12-12 14:00:00,0.5,243.0,756.0833333333334,1.8499999999999999,41.5
2024-12-12 15:00:00,0.26666666666666666,252.33333333333334,756.1666666666666,1.4833333333333334,39.166666666666664
2024-12-12 16:00:00,0.3,249.8,756.3199999999999,1.6800000000000002,39.0
2024-12-12 17:00:00,1.6,249.0,756.2,2.1,37.25
2024-12-12 18:00:00,2.0,250.0,756.2000000000002,2.25,37.666666666666664
2024-12-12 19:00:00,4.1000000000000005,254.0,755.7666666666668,3.1333333333333333,37.166666666666664
2024-12-12 20:00:00,1.3166666666666667,252.16666666666666,755.6,2.1666666666666665,40.833333333333336
2024-12-12 21:00:00,2.5,253.5,755.5166666666668,2.3333333333333335,39.5
2024-12-12 22:00:00,3.1999999999999997,250.83333333333334,755.3166666666666,1.9333333333333333,40.833333333333336
2024-12-12 23:00:00,3.1833333333333336,254.66666666666666,755.4833333333332,0.8166666666666668,47.333333333333336
2024-12-13 00:00:00,2.6999999999999997,252.83333333333334,755.1999999999999,0.25,55.833333333333336
2024-12-13 01:00:00,3.75,256.6666666666667,754.6833333333334,-0.049999999999999996,67.0
2024-12-13 02:00:00,0.9833333333333333,234.16666666666666,754.5333333333333,-0.9333333333333332,88.0
2024-12-13 03:00:00,2.0500000000000003,236.5,754.5,0.20000000000000004,68.0
2024-12-13 04:00:00,5.8,255.33333333333334,754.8166666666666,1.4166666666666667,54.333333333333336
2024-12-13 05:00:00,5.733333333333333,252.33333333333334,754.6333333333333,1.8666666666666665,51.5
2024-12-13 06:00:00,4.233333333333333,253.66666666666666,754.6666666666666,2.85,46.0
2024-12-13 07:00:00,2.783333333333333,250.33333333333334,754.4,2.6333333333333333,46.833333333333336
2024-12-13 08:00:00,2.65,245.0,753.6833333333334,2.9,47.833333333333336
2024-12-13 09:00:00,2.783333333333333,242.5,752.9166666666666,2.783333333333333,47.666666666666664
2024-12-13 10:00:00,3.1999999999999997,239.83333333333334,752.3333333333334,2.566666666666667,47.166666666666664
2024-12-13 11:00:00,4.3,250.83333333333334,751.9499999999999,2.0833333333333335,50.666666666666664
2024-12-13 12:00:00,3.6833333333333336,241.0,751.9166666666666,0.9833333333333334,64.0
2024-12-13 13:00:00,1.4500000000000002,225.0,752.0,-0.25,83.5
2024-12-13 14:00:00,1.3166666666666667,231.33333333333334,751.8166666666666,0.0,74.5
2024-12-13 15:00:00,2.466666666666667,244.16666666666666,752.2333333333332,-0.5333333333333333,90.0
2024-12-13 16:00:00,1.4000000000000001,235.33333333333334,752.25,-1.5333333333333332,100.0
2024-12-13 17:00:00,0.7833333333333333,232.16666666666666,752.0,-1.5833333333333333,100.0
2024-12-13 18:00:00,1.1666666666666667,235.66666666666666,751.6166666666667,-1.5,100.0
2024-12-13 19:00:00,1.5499999999999998,240.0,751.4,-1.2666666666666666,100.0
2024-12-13 20:00:00,1.45,249.5,751.1166666666667,-1.4666666666666668,100.0
2024-12-13 21:00:00,4.166666666666667,256.8333333333333,750.7333333333332,-1.9333333333333333,100.0
2024-12-13 22:00:00,5.616666666666667,257.8333333333333,750.4833333333332,-2.0,100.0
2024-12-13 23:00:00,5.233333333333333,257.5,750.35,-2.1,
2024-12-14 00:00:00,6.366666666666667,255.16666666666666,749.9833333333332,-1.7666666666666666,100.0
2024-12-14 01:00:00,4.466666666666667,249.0,749.9,-1.6833333333333333,100.0
2024-12-14 02:00:00,4.316666666666667,251.83333333333334,750.0333333333333,-1.9833333333333334,100.0
2024-12-14 03:00:00,5.516666666666667,250.66666666666666,750.1999999999999,-2.733333333333333,100.0
2024-12-14 04:00:00,5.133333333333334,251.5,750.5,-3.266666666666667,100.0
2024-12-14 05:00:00,2.733333333333333,237.33333333333334,750.6833333333334,-3.233333333333333,100.0
2024-12-14 06:00:00,1.1,231.0,750.8,-3.1,
2024-12-14 07:00:00,1.4666666666666668,234.0,750.4666666666667,-2.733333333333333,
2024-12-14 08:00:00,1.1333333333333333,229.0,750.2333333333332,-2.6999999999999997,
2024-12-14 09:00:00,9.6,213.33333333333334,749.6999999999999,-4.45,
2024-12-14 10:00:00,14.266666666666666,200.33333333333334,749.6999999999999,-6.1499999999999995,100.0
2024-12-14 11:00:00,14.966666666666667,201.66666666666666,750.1166666666667,-7.083333333333333,97.5
2024-12-14 12:00:00,15.316666666666668,202.16666666666666,750.4666666666667,-8.05,92.83333333333333
2024-12-14 13:00:00,15.266666666666666,204.66666666666666,751.1,-8.833333333333334,90.33333333333333
2024-12-14 14:00:00,15.816666666666668,203.16666666666666,751.65,-9.200000000000001,87.16666666666667
2024-12-14 15:00:00,16.066666666666666,203.5,752.2333333333332,-9.75,88.0
2024-12-14 16:00:00,15.549999999999999,205.16666666666666,752.6833333333334,-10.083333333333334,89.33333333333333
2024-12-14 17:00:00,14.166666666666666,208.0,753.4499999999999,-10.333333333333334,83.83333333333333
2024-12-14 18:00:00,14.866666666666667,205.33333333333334,753.6333333333333,-10.766666666666666,90.83333333333333
2024-12-14 19:00:00,16.933333333333334,199.83333333333334,753.85,-10.766666666666666,81.33333333333333
2024-12-14 20:00:00,16.233333333333334,197.0,753.9833333333332,-10.883333333333333,75.83333333333333
2024-12-14 21:00:00,15.299999999999999,193.33333333333334,754.4,-11.0,67.0
2024-12-14 22:00:00,13.316666666666668,194.0,755.35,-11.216666666666667,61.0
2024-12-14 23:00:00,11.216666666666667,190.5,756.1166666666667,-11.216666666666667,59.833333333333336
2024-12-15 00:00:00,4.133333333333334,204.5,756.7166666666667,-10.516666666666667,52.333333333333336
2024-12-15 01:00:00,2.6,202.83333333333334,757.25,-10.733333333333334,50.666666666666664
2024-12-15 02:00:00,1.75,231.66666666666666,758.25,-11.483333333333334,53.166666666666664
2024-12-15 03:00:00,1.8,248.0,759.1833333333334,-12.299999999999999,58.5
2024-12-15 04:00:00,1.8833333333333335,249.66666666666666,760.2333333333332,-11.233333333333334,59.0
2024-12-15 05:00:00,1.0333333333333334,245.83333333333334,761.2166666666667,-8.483333333333333,50.0
2024-12-15 06:00:00,0.9500000000000001,233.33333333333334,762.25,-7.033333333333334,47.666666666666664
2024-12-15 07:00:00,1.32,219.4,762.74,-6.840000000000001,47.6
2024-12-15 08:00:00,1.9666666666666668,225.33333333333334,762.6999999999999,-6.666666666666667,54.666666666666664
2024-12-15 09:00:00,2.733333333333333,229.83333333333334,762.4333333333334,-6.333333333333333,56.0
2024-12-15 10:00:00,3.1999999999999997,236.16666666666666,762.25,-5.916666666666667,59.166666666666664
2024-12-15 11:00:00,3.5,228.33333333333334,762.1166666666667,-6.366666666666667,72.83333333333333
2024-12-15 12:00:00,2.6999999999999997,232.66666666666666,762.2666666666668,-7.566666666666666,90.33333333333333
2024-12-15 13:00:00,0.9333333333333332,220.0,762.1666666666666,-8.6,100.0
2024-12-15 14:00:00,1.1833333333333333,245.16666666666666,762.7666666666668,-8.766666666666667,100.0
2024-12-15 15:00:00,0.9166666666666666,229.16666666666666,763.2166666666667,-8.65,100.0
2024-12-15 16:00:00,1.3333333333333333,240.5,763.2666666666668,-9.133333333333333,100.0
2024-12-15 17:00:00,0.16666666666666666,230.33333333333334,763.0333333333333,-9.816666666666666,98.5
2024-12-15 18:00:00,1.5833333333333333,246.66666666666666,763.0833333333334,-10.316666666666666,95.33333333333333
2024-12-15 19:00:00,1.0333333333333334,250.66666666666666,762.9833333333332,-9.716666666666667,82.66666666666667
2024-12-15 20:00:00,0.5833333333333334,241.66666666666666,762.6833333333334,-8.4,47.833333333333336
2024-12-15 21:00:00,0.4166666666666667,243.5,762.3666666666667,-8.049999999999999,37.166666666666664
2024-12-15 22:00:00,0.3333333333333333,219.66666666666666,762.4,-8.1,35.166666666666664
2024-12-15 23:00:00,1.25,230.83333333333334,762.3166666666666,-6.783333333333334,26.833333333333332
2024-12-16 00:00:00,1.1833333333333333,210.33333333333334,762.0833333333334,-7.283333333333334,29.333333333333332
2024-12-16 01:00:00,1.1333333333333333,204.5,761.7166666666667,-7.366666666666667,30.333333333333332
2024-12-16 02:00:00,0.5,230.33333333333334,761.75,-6.683333333333334,25.5
2024-12-16 03:00:00,0.4666666666666666,238.83333333333334,762.0500000000001,-7.483333333333333,27.166666666666668
2024-12-16 04:00:00,0.3833333333333333,237.0,762.2833333333333,-5.95,26.666666666666668
2024-12-16 05:00:00,0.6333333333333334,248.5,762.5500000000001,-2.4166666666666665,19.666666666666668
2024-12-16 06:00:00,0.5333333333333333,249.16666666666666,762.6500000000001,-1.7,22.666666666666668
2024-12-16 07:00:00,0.9800000000000001,258.8,762.52,-2.18,32.4
2024-12-16 08:00:00,1.7333333333333334,248.33333333333334,761.4333333333334,-0.9333333333333335,41.666666666666664
2024-12-16 09:00:00,0.9833333333333333,244.83333333333334,761.1,-0.9166666666666666,44.166666666666664
2024-12-16 10:00:00,0.5833333333333334,236.0,760.3166666666666,-0.050000000000000024,47.333333333333336
2024-12-16 11:00:00,0.7166666666666668,232.5,760.0666666666666,-0.3333333333333333,45.833333333333336
2024-12-16 12:00:00,0.03333333333333333,233.66666666666666,759.9166666666666,-0.6333333333333333,45.333333333333336
2024-12-16 13:00:00,0.0,236.66666666666666,759.6999999999999,-2.533333333333333,45.0
2024-12-16 14:00:00,0.016666666666666666,220.5,759.6166666666667,-3.3333333333333335,43.5
2024-12-16 15:00:00,0.25,228.0,759.7333333333332,-3.216666666666667,42.666666666666664
2024-12-16 16:00:00,0.08333333333333333,215.0,759.8666666666667,-2.766666666666667,38.0
2024-12-16 17:00:00,0.43333333333333335,237.16666666666666,759.4333333333334,-2.1666666666666665,31.0
2024-12-16 18:00:00,0.0,238.0,759.5,-1.9,28.0
2024-12-16 19:00:00,0.13333333333333333,220.33333333333334,759.0500000000001,-2.75,30.666666666666668
2024-12-16 20:00:00,0.19999999999999998,224.66666666666666,758.75,-3.1666666666666665,29.0
2024-12-16 21:00:00,0.09999999999999999,209.33333333333334,758.1833333333334,-3.716666666666667,30.5
2024-12-16 22:00:00,0.48333333333333334,213.83333333333334,758.1166666666667,-3.65,30.833333333333332
2024-12-16 23:00:00,0.8166666666666668,227.0,757.5833333333334,-2.983333333333333,26.166666666666668
2024-12-17 00:00:00,0.3666666666666667,232.33333333333334,757.1666666666666,-3.6666666666666665,26.5
2024-12-17 01:00:00,1.4000000000000001,233.0,756.6999999999999,-4.483333333333333,29.833333333333332
2024-12-17 02:00:00,1.1500000000000001,238.33333333333334,756.5333333333333,-3.983333333333333,27.5
2024-12-17 03:00:00,0.9166666666666666,229.33333333333334,756.4833333333332,-3.8666666666666667,29.0
2024-12-17 04:00:00,0.9333333333333332,210.5,756.7833333333333,-3.1,30.0
2024-12-17 05:00:00,0.78,237.5,756.9166666666666,-1.6833333333333333,25.666666666666668
2024-12-17 06:00:00,0.8666666666666667,222.83333333333334,757.0333333333333,0.16666666666666666,19.833333333333332
2024-12-17 07:00:00,2.1999999999999997,228.33333333333334,756.8666666666667,0.03333333333333333,23.0
2024-12-17 08:00:00,3.3666666666666667,236.66666666666666,756.1999999999999,0.3333333333333333,26.0
2024-12-17 09:00:00,2.15,242.16666666666666,755.8000000000001,-0.11666666666666668,31.0
2024-12-17 10:00:00,3.966666666666667,239.5,755.5500000000001,0.2833333333333333,38.333333333333336
2024-12-17 11:00:00,3.983333333333333,243.0,755.4,-0.5166666666666667,42.333333333333336
2024-12-17 12:00:00,3.283333333333333,250.0,755.6166666666667,-1.7,49.0
2024-12-17 13:00:00,2.5333333333333337,245.33333333333334,755.7166666666667,-2.4499999999999997,47.0
2024-12-17 14:00:00,1.05,235.16666666666666,756.0666666666666,-3.866666666666667,51.666666666666664
2024-12-17 15:00:00,0.13333333333333333,240.5,756.4666666666667,-3.766666666666667,47.833333333333336
2024-12-17 16:00:00,1.3,233.83333333333334,756.9333333333334,-2.9,43.666666666666664
2024-12-17 17:00:00,1.55,236.83333333333334,757.0666666666666,-2.9166666666666665,43.166666666666664
2024-12-17 18:00:00,0.9666666666666667,228.16666666666666,757.0833333333334,-3.65,45.166666666666664
2024-12-17 19:00:00,0.35000000000000003,219.5,756.9833333333332,-4.783333333333334,49.5
2024-12-17 20:00:00,1.25,215.0,757.1,-4.8999999999999995,50.166666666666664
2024-12-17 21:00:00,1.2833333333333334,236.5,757.1500000000001,-5.466666666666666,52.666666666666664
2024-12-17 22:00:00,0.8833333333333333,209.0,757.25,-5.583333333333333,51.333333333333336
2024-12-17 23:00:00,0.9666666666666667,214.0,757.2666666666668,-5.483333333333333,50.166666666666664
2024-12-18 00:00:00,0.6,223.0,756.9833333333332,-5.883333333333333,52.333333333333336
2024-12-18 01:00:00,1.0,205.33333333333334,756.7833333333333,-5.916666666666667,53.5
2024-12-18 02:00:00,0.5499999999999999,215.5,756.6666666666666,-5.483333333333333,49.666666666666664
2024-12-18 03:00:00,0.4166666666666667,219.66666666666666,756.65,-5.8500000000000005,49.666666666666664
2024-12-18 04:00:00,0.43333333333333335,241.83333333333334,756.9499999999999,-3.5,43.0
2024-12-18 05:00:00,0.95,230.0,757.1,-1.15,36.5
2024-12-18 06:00:00,,230.18055555555554,757.1189814814815,-1.1949074074074073,37.120370370370374
2024-12-18 07:00:00,,230.36111111111111,757.137962962963,-1.2398148148148147,37.74074074074074
2024-12-18 08:00:00,,,,,
2024-12-18 09:00:00,,,,,
2024-12-18 10:00:00,,,,,
2024-12-18 11:00:00,,,,,
2024-12-18 12:00:00,,,,,
2024-12-18 13:00:00,,,,,
2024-12-18 14:00:00,,,,,
2024-12-18 15:00:00,,,,,
2024-12-18 16:00:00,,,,,
2024-12-18 17:00:00,,,,,
2024-12-18 18:00:00,,,,,
2024-12-18 19:00:00,,,,,
2024-12-18 20:00:00,,,,,
2024-12-18 21:00:00,,,,,
2024-12-18 22:00:00,,,,,
2024-12-18 23:00:00,,,,,
2024-12-19 00:00:00,,,,,
2024-12-19 01:00:00,,,,,
2024-12-19 02:00:00,,,,,
2024-12-19 03:00:00,,,,,
2024-12-19 04:00:00,,,,,
2024-12-19 05:00:00,,,,,
2024-12-19 06:00:00,,,,,
2024-12-19 07:00:00,,,,,
2024-12-19 08:00:00,,,,,
2024-12-19 09:00:00,,,,,
2024-12-19 10:00:00,,,,,
2024-12-19 11:00:00,,,,,
2024-12-19 12:00:00,,,,,
2024-12-19 13:00:00,,,,,
2024-12-19 14:00:00,,,,,
2024-12-19 15:00:00,,,,,
2024-12-19 16:00:00,,,,,
2024-12-19 17:00:00,0.9666666666666667,236.5,757.7833333333333,-2.766666666666667,58.833333333333336
2024-12-19 18:00:00,0.3,217.5,758.0,-3.9,63.0
2024-12-19 19:00:00,0.4166666666666667,230.83333333333334,757.9,-3.4,58.666666666666664
2024-12-19 20:00:00,0.11666666666666665,235.33333333333334,757.9,-3.1666666666666665,55.666666666666664
2024-12-19 21:00:00,0.10000000000000002,238.66666666666666,758.0166666666668,-3.3333333333333335,54.666666666666664
2024-12-19 22:00:00,0.7166666666666667,249.66666666666666,758.1500000000001,-3.766666666666666,59.666666666666664
2024-12-19 23:00:00,0.3666666666666667,237.5,758.2833333333333,-3.983333333333333,55.666666666666664
2024-12-20 00:00:00,0.8333333333333334,240.16666666666666,758.1999999999999,-4.216666666666666,56.5
2024-12-20 01:00:00,0.3666666666666667,236.66666666666666,758.4166666666666,-3.85,56.5
2024-12-20 02:00:00,0.6166666666666667,247.16666666666666,758.4833333333332,-3.0833333333333335,46.0
2024-12-20 03:00:00,0.35000000000000003,229.33333333333334,758.6166666666667,-3.8166666666666664,48.666666666666664
2024-12-20 04:00:00,0.0,224.83333333333334,758.85,-1.2833333333333334,43.833333333333336
2024-12-20 05:00:00,0.3833333333333333,215.33333333333334,759.1666666666666,1.2,36.333333333333336
2024-12-20 06:00:00,1.6499999999999997,252.5,759.2333333333332,1.9000000000000001,35.5
2024-12-20 07:00:00,2.3333333333333335,222.16666666666666,758.9666666666667,1.95,36.5
2024-12-20 08:00:00,2.283333333333333,223.0,758.25,2.35,37.5
2024-12-20 09:00:00,2.233333333333333,236.33333333333334,757.6166666666667,2.216666666666667,42.166666666666664
2024-12-20 10:00:00,2.15,235.66666666666666,757.3166666666666,2.3833333333333333,44.333333333333336
2024-12-20 11:00:00,0.6833333333333332,245.16666666666666,756.8833333333333,2.45,44.0
2024-12-20 12:00:00,0.9,252.5,756.8833333333333,1.55,50.333333333333336
2024-12-20 13:00:00,0.06666666666666667,245.33333333333334,756.8333333333334,-0.6333333333333333,54.833333333333336
2024-12-20 14:00:00,0.48333333333333334,224.33333333333334,756.7166666666667,-2.2,58.833333333333336
2024-12-20 15:00:00,0.21666666666666667,220.5,756.7333333333332,-2.6333333333333333,52.666666666666664
2024-12-20 16:00:00,0.21666666666666667,219.16666666666666,756.7166666666667,-3.25,50.666666666666664
2024-12-20 17:00:00,0.3166666666666667,235.5,756.6,-2.8666666666666667,53.666666666666664
2024-12-20 18:00:00,0.7333333333333334,215.66666666666666,756.3000000000001,-3.6,56.666666666666664
2024-12-20 19:00:00,0.6333333333333333,235.0,755.9499999999999,-2.6666666666666665,55.833333333333336
2024-12-20 20:00:00,1.3333333333333333,209.66666666666666,755.5333333333333,-2.4499999999999997,48.666666666666664
2024-12-20 21:00:00,0.9666666666666667,236.0,755.0,-1.9166666666666667,42.666666666666664
2024-12-20 22:00:00,0.3833333333333333,222.83333333333334,754.9166666666666,-2.3333333333333335,38.0
2024-12-20 23:00:00,1.45,228.66666666666666,754.7333333333332,-2.5833333333333335,40.833333333333336
2024-12-21 00:00:00,1.6166666666666665,239.33333333333334,753.9833333333332,-1.1333333333333333,34.833333333333336
2024-12-21 01:00:00,2.3666666666666667,248.0,753.9666666666667,-2.5500000000000003,44.0
2024-12-21 02:00:00,2.6999999999999997,236.0,753.9,-2.4833333333333334,43.833333333333336
2024-12-21 03:00:00,2.25,217.5,754.25,-2.4166666666666665,44.5
2024-12-21 04:00:00,1.4666666666666668,218.83333333333334,754.8333333333334,-3.3166666666666664,54.0
2024-12-21 05:00:00,0.6,231.0,755.2166666666667,-2.1333333333333333,46.5
2024-12-21 06:00:00,1.6333333333333335,246.16666666666666,755.3333333333334,-0.7166666666666667,41.833333333333336
2024-12-21 07:00:00,0.85,239.83333333333334,755.1666666666666,0.7999999999999999,37.333333333333336
2024-12-21 08:00:00,1.1333333333333333,250.33333333333334,754.6666666666666,0.65,42.5
2024-12-21 09:00:00,2.8000000000000003,244.83333333333334,754.3666666666667,-0.049999999999999996,49.5
2024-12-21 10:00:00,1.7999999999999998,236.33333333333334,754.4166666666666,-0.5833333333333334,61.0
2024-12-21 11:00:00,1.3499999999999999,247.16666666666666,754.5500000000001,-0.19999999999999998,64.83333333333333
2024-12-21 12:00:00,2.0166666666666666,242.5,754.7833333333333,-0.85,66.5
2024-12-21 13:00:00,3.5666666666666664,217.0,754.9333333333334,-0.8333333333333334,49.166666666666664
2024-12-21 14:00:00,6.116666666666667,214.0,755.25,-0.39999999999999997,40.5
2024-12-21 15:00:00,4.1000000000000005,221.16666666666666,755.65,-0.6,38.666666666666664
2024-12-21 16:00:00,0.9833333333333334,243.16666666666666,756.1,-2.533333333333333,59.833333333333336
2024-12-21 17:00:00,0.13333333333333333,237.0,756.3000000000001,-3.85,70.0
2024-12-21 18:00:00,0.26666666666666666,216.66666666666666,756.4166666666666,-4.383333333333334,63.166666666666664
2024-12-21 19:00:00,1.1500000000000001,220.83333333333334,756.4499999999999,-4.466666666666666,56.666666666666664
2024-12-21 20:00:00,1.55,225.83333333333334,756.3333333333334,-4.216666666666667,53.166666666666664
2024-12-21 21:00:00,0.5166666666666667,230.16666666666666,756.1333333333333,-4.1000000000000005,51.0
2024-12-21 22:00:00,0.39999999999999997,212.0,756.0833333333334,-4.766666666666667,53.666666666666664
2024-12-21 23:00:00,0.31666666666666665,211.16666666666666,756.1666666666666,-4.966666666666667,54.166666666666664
2024-12-22 00:00:00,0.7833333333333333,206.66666666666666,755.9166666666666,-5.05,54.5
2024-12-22 01:00:00,0.26666666666666666,223.66666666666666,755.6666666666666,-4.516666666666667,53.166666666666664
2024-12-22 02:00:00,0.5666666666666667,224.66666666666666,755.85,-4.183333333333334,57.166666666666664
2024-12-22 03:00:00,0.25,229.66666666666666,756.1333333333333,-4.133333333333333,55.833333333333336
2024-12-22 04:00:00,0.09999999999999999,232.16666666666666,756.4333333333334,-2.1166666666666667,51.333333333333336
2024-12-22 05:00:00,0.6333333333333333,233.0,756.6666666666666,0.9166666666666666,47.166666666666664
2024-12-22 06:00:00,2.0500000000000003,238.5,757.0,1.5,46.333333333333336
2024-12-22 07:00:00,2.2333333333333334,232.83333333333334,756.7833333333333,1.95,46.166666666666664
2024-12-22 08:00:00,2.5333333333333337,223.5,756.2333333333332,2.25,46.666666666666664
2024-12-22 09:00:00,3.3833333333333333,228.5,755.75,2.2,51.5
2024-12-22 10:00:00,3.8333333333333335,228.33333333333334,755.3666666666667,2.3000000000000003,52.333333333333336
2024-12-22 11:00:00,3.6166666666666667,235.66666666666666,755.2999999999998,2.2333333333333334,53.0
2024-12-22 12:00:00,3.266666666666667,239.0,755.3666666666667,1.25,59.166666666666664
2024-12-22 13:00:00,2.9499999999999997,236.5,755.5333333333333,-1.0,76.66666666666667
2024-12-22 14:00:00,1.5333333333333332,245.66666666666666,755.75,-2.9,98.16666666666667
2024-12-22 15:00:00,0.6166666666666667,226.33333333333334,755.8499999999999,-3.516666666666667,100.0
2024-12-22 16:00:00,0.18333333333333335,235.83333333333334,755.9,-3.0666666666666664,87.83333333333333
2024-12-22 17:00:00,0.23333333333333336,253.33333333333334,755.8499999999999,-3.016666666666667,83.5
2024-12-22 18:00:00,0.7666666666666667,257.3333333333333,755.8666666666667,-3.4333333333333336,88.5
2024-12-22 19:00:00,1.0833333333333333,252.5,755.6500000000001,-3.8000000000000003,93.0
2024-12-22 20:00:00,1.6666666666666667,257.6666666666667,755.35,-3.8000000000000003,83.66666666666667
2024-12-22 21:00:00,1.3166666666666667,256.3333333333333,755.1666666666666,-3.9333333333333336,85.66666666666667
2024-12-22 22:00:00,0.21666666666666667,240.66666666666666,755.4666666666667,-4.3999999999999995,90.16666666666667
2024-12-22 23:00:00,0.4000000000000001,241.5,755.6,-4.75,89.83333333333333
2024-12-23 00:00:00,0.4666666666666666,240.33333333333334,755.3833333333333,-4.333333333333333,74.5
2024-12-23 01:00:00,0.44999999999999996,231.33333333333334,755.4499999999999,-4.55,73.83333333333333
2024-12-23 02:00:00,1.2166666666666666,234.33333333333334,755.7166666666667,-3.9,61.333333333333336
2024-12-23 03:00:00,0.9833333333333334,235.66666666666666,756.2333333333332,-3.466666666666667,60.833333333333336
2024-12-23 04:00:00,0.39999999999999997,235.5,756.7333333333332,-2.2333333333333334,55.666666666666664
2024-12-23 05:00:00,1.3833333333333335,244.0,757.2666666666668,0.19999999999999998,50.333333333333336
2024-12-23 06:00:00,1.3499999999999999,237.16666666666666,757.6999999999999,2.2666666666666666,45.5
2024-12-23 07:00:00,1.6666666666666667,244.66666666666666,757.8833333333333,3.466666666666667,42.833333333333336
2024-12-23 08:00:00,1.0333333333333334,228.0,757.6333333333333,4.533333333333333,39.166666666666664
2024-12-23 09:00:00,1.25,239.5,757.3166666666666,5.516666666666667,37.5
2024-12-23 10:00:00,1.2166666666666666,221.0,757.0666666666666,6.233333333333333,34.833333333333336
2024-12-23 11:00:00,2.433333333333333,232.33333333333334,757.2333333333332,4.8,45.666666666666664
2024-12-23 12:00:00,1.1,238.83333333333334,757.6166666666667,2.6833333333333336,55.333333333333336
2024-12-23 13:00:00,1.1666666666666667,250.16666666666666,757.7666666666668,1.4000000000000001,55.833333333333336
2024-12-23 14:00:00,0.5,229.33333333333334,758.0,-0.016666666666666666,57.5
2024-12-23 15:00:00,0.3833333333333333,225.66666666666666,758.35,-0.04999999999999999,50.5
2024-12-23 16:00:00,1.2166666666666668,249.83333333333334,758.5333333333333,-0.04999999999999999,52.0
2024-12-23 17:00:00,1.0666666666666667,235.5,758.5500000000001,-0.3833333333333333,50.166666666666664
2024-12-23 18:00:00,0.39999999999999997,230.33333333333334,758.7333333333332,-0.36666666666666664,40.5
2024-12-23 19:00:00,0.2833333333333333,245.33333333333334,758.9166666666666,-0.6,42.333333333333336
2024-12-23 20:00:00,0.9333333333333332,245.0,758.6333333333333,-1.0333333333333334,45.0
2024-12-23 21:00:00,0.8166666666666665,231.5,758.3499999999999,0.04999999999999998,36.833333333333336
2024-12-23 22:00:00,0.9333333333333335,246.66666666666666,758.4166666666666,-0.10000000000000002,39.833333333333336
2024-12-23 23:00:00,0.8666666666666667,251.16666666666666,758.2166666666667,-1.3333333333333333,46.166666666666664
2024-12-24 00:00:00,0.3833333333333333,245.16666666666666,757.8333333333334,-1.95,48.833333333333336
2024-12-24 01:00:00,0.26666666666666666,237.0,757.7833333333333,-1.2833333333333332,43.666666666666664
2024-12-24 02:00:00,0.6166666666666667,224.83333333333334,757.9499999999999,-1.2,43.166666666666664
2024-12-24 03:00:00,0.9,250.33333333333334,758.2333333333332,-0.7333333333333334,47.0
2024-12-24 04:00:00,0.05000000000000001,237.66666666666666,758.5666666666666,-1.0333333333333334,48.5
2024-12-24 05:00:00,0.0,243.0,758.8666666666667,1.0999999999999999,42.166666666666664
2024-12-24 06:00:00,0.65,235.83333333333334,758.9833333333332,4.066666666666666,36.166666666666664
2024-12-24 07:00:00,1.0666666666666667,237.5,758.75,4.083333333333333,39.666666666666664
2024-12-24 08:00:00,2.3666666666666667,247.83333333333334,758.2666666666668,3.983333333333333,46.333333333333336
2024-12-24 09:00:00,2.733333333333333,229.83333333333334,757.9499999999999,3.8666666666666667,42.5
2024-12-24 10:00:00,2.3833333333333333,235.83333333333334,757.6833333333334,3.9166666666666665,48.333333333333336
2024-12-24 11:00:00,2.35,233.5,757.5666666666666,4.083333333333333,46.666666666666664
2024-12-24 12:00:00,2.4499999999999997,233.16666666666666,757.8666666666667,2.3666666666666667,58.833333333333336
2024-12-24 13:00:00,0.7000000000000001,239.0,758.0333333333333,0.01666666666666668,72.83333333333333
2024-12-24 14:00:00,0.3,245.66666666666666,758.3166666666666,-1.2333333333333334,74.5
2024-12-24 15:00:00,0.18333333333333335,221.0,758.4333333333334,-1.9833333333333334,70.16666666666667
2024-12-24 16:00:00,0.5833333333333334,249.66666666666666,758.6,-1.2333333333333334,66.83333333333333
2024-12-24 17:00:00,0.6666666666666666,240.0,758.6333333333333,-1.7166666666666668,70.16666666666667
2024-12-24 18:00:00,0.16666666666666666,234.66666666666666,758.7833333333333,-2.25,73.5
2024-12-24 19:00:00,0.26666666666666666,199.5,758.6666666666666,-2.8666666666666667,70.83333333333333
2024-12-24 20:00:00,0.39999999999999997,221.83333333333334,758.4333333333334,-2.183333333333333,66.0
2024-12-24 21:00:00,0.06666666666666667,220.66666666666666,758.3333333333334,-2.5500000000000003,65.83333333333333
2024-12-24 22:00:00,0.38333333333333336,220.0,758.5166666666668,-2.9166666666666665,67.0
2024-12-24 23:00:00,0.9500000000000001,224.0,758.4333333333334,-2.8166666666666664,64.33333333333333
2024-12-25 00:00:00,8.133333333333333,198.66666666666666,758.0333333333333,0.13333333333333333,38.5
2024-12-25 01:00:00,9.0,199.33333333333334,757.9833333333332,0.31666666666666665,36.333333333333336
2024-12-25 02:00:00,7.6499999999999995,202.5,758.1999999999999,0.09999999999999999,34.333333333333336
2024-12-25 03:00:00,7.283333333333334,201.0,758.6833333333334,0.10000000000000002,33.5
2024-12-25 04:00:00,7.266666666666667,202.66666666666666,759.0500000000001,0.7166666666666667,33.0
2024-12-25 05:00:00,3.8666666666666667,217.66666666666666,759.5,2.8166666666666664,27.0
2024-12-25 06:00:00,2.566666666666667,228.16666666666666,760.1166666666667,3.6666666666666665,26.833333333333332
2024-12-25 07:00:00,1.4833333333333334,223.0,760.3166666666666,4.083333333333333,31.5
2024-12-25 08:00:00,2.4,226.83333333333334,759.9499999999999,3.9333333333333336,39.333333333333336
2024-12-25 09:00:00,2.783333333333333,234.0,759.5666666666666,4.3,37.833333333333336
2024-12-25 10:00:00,2.533333333333333,236.5,759.4,4.45,37.5
2024-12-25 11:00:00,2.6333333333333333,228.16666666666666,759.6333333333333,4.1000000000000005,39.666666666666664
2024-12-25 12:00:00,2.2333333333333334,226.83333333333334,760.0,3.233333333333333,41.833333333333336
2024-12-25 13:00:00,1.6333333333333335,236.83333333333334,760.4166666666666,1.2166666666666668,51.166666666666664
2024-12-25 14:00:00,0.0,248.0,760.9666666666667,-0.11666666666666665,55.666666666666664
2024-12-25 15:00:00,0.6166666666666666,229.66666666666666,761.5833333333334,-1.3333333333333333,57.666666666666664
2024-12-25 16:00:00,0.7666666666666667,243.66666666666666,761.8666666666667,-1.4666666666666668,57.5
2024-12-25 17:00:00,0.65,209.83333333333334,762.1333333333333,-1.8333333333333333,59.166666666666664
2024-12-25 18:00:00,1.5999999999999999,191.66666666666666,762.3666666666667,-2.316666666666667,64.0
2024-12-25 19:00:00,2.2333333333333334,193.83333333333334,762.4,-2.216666666666667,63.5
2024-12-25 20:00:00,1.6666666666666667,204.66666666666666,762.3000000000001,-2.3666666666666667,60.333333333333336
2024-12-25 21:00:00,1.0,211.83333333333334,762.2333333333332,-2.5166666666666666,57.666666666666664
2024-12-25 22:00:00,1.8666666666666665,194.0,762.3499999999999,-3.033333333333333,55.0
2024-12-25 23:00:00,1.6333333333333335,188.16666666666666,762.3166666666666,-3.3333333333333335,54.0
2024-12-26 00:00:00,2.066666666666667,186.5,762.2999999999998,-3.35,53.5
2024-12-26 01:00:00,2.1333333333333333,193.0,762.1833333333334,-3.1999999999999997,52.666666666666664
2024-12-26 02:00:00,2.216666666666667,191.83333333333334,762.6166666666667,-3.283333333333333,54.0
2024-12-26 03:00:00,1.75,193.0,762.85,-3.6333333333333333,55.5
2024-12-26 04:00:00,0.35000000000000003,211.66666666666666,763.1833333333334,-1.3166666666666667,48.5
2024-12-26 05:00:00,0.016666666666666666,225.0,763.8166666666666,3.1,34.666666666666664
2024-12-26 06:00:00,0.4166666666666667,231.0,764.35,2.8333333333333335,34.833333333333336
2024-12-26 07:00:00,0.8333333333333334,224.83333333333334,764.2666666666668,3.4333333333333336,34.666666666666664
2024-12-26 08:00:00,1.3499999999999999,220.5,763.6833333333334,4.1000000000000005,32.5
2024-12-26 09:00:00,2.283333333333333,223.0,763.1666666666666,4.466666666666667,32.666666666666664
2024-12-26 10:00:00,2.8166666666666664,229.33333333333334,762.8166666666666,4.183333333333334,35.166666666666664
2024-12-26 11:00:00,2.58,231.6,762.58,3.9799999999999995,37.6
2024-12-26 12:00:00,2.6999999999999997,235.33333333333334,762.4833333333332,2.8000000000000003,41.833333333333336
2024-12-26 13:00:00,2.02,240.6,762.4399999999999,0.0,52.0
2024-12-26 14:00:00,0.45,252.0,762.8666666666667,-1.1333333333333333,56.833333333333336
2024-12-26 15:00:00,0.0,220.83333333333334,763.25,-2.65,60.5
2024-12-26 16:00:00,0.9166666666666666,247.83333333333334,763.1166666666667,-2.3333333333333335,59.0
2024-12-26 17:00:00,0.7166666666666667,231.66666666666666,762.8166666666666,-1.7,45.666666666666664
2024-12-26 18:00:00,0.4666666666666666,234.5,762.9499999999999,-1.4333333333333333,39.833333333333336
2024-12-26 19:00:00,0.3,236.5,762.6333333333333,-1.9166666666666667,43.333333333333336
2024-12-26 20:00:00,0.3333333333333333,236.16666666666666,762.15,-1.9833333333333334,34.166666666666664
2024-12-26 21:00:00,1.1333333333333335,253.16666666666666,762.3666666666667,-1.5999999999999999,36.333333333333336
2024-12-26 22:00:00,1.3166666666666667,254.33333333333334,762.7666666666665,-2.5166666666666666,46.666666666666664
2024-12-26 23:00:00,0.9,238.33333333333334,762.4166666666666,-3.6,45.333333333333336
2024-12-27 00:00:00,0.19999999999999998,213.33333333333334,762.2333333333332,-2.4666666666666663,27.666666666666668
2024-12-27 01:00:00,0.9166666666666666,231.16666666666666,762.2333333333332,-1.5833333333333333,24.333333333333332
2024-12-27 02:00:00,0.8833333333333333,245.66666666666666,762.35,-1.883333333333333,27.333333333333332
2024-12-27 03:00:00,0.06666666666666667,232.5,762.7666666666668,-2.5,33.666666666666664
2024-12-27 04:00:00,0.13333333333333333,240.16666666666666,763.1166666666667,-1.25,36.666666666666664
2024-12-27 05:00:00,1.4000000000000001,250.0,763.5,1.3666666666666665,32.5
2024-12-27 06:00:00,2.35,244.5,763.6,3.516666666666667,30.5
2024-12-27 07:00:00,2.0500000000000003,238.5,763.5,2.533333333333333,34.333333333333336
2024-12-27 08:00:00,2.5,237.4,762.9,3.6,33.0
2024-12-27 09:00:00,2.1666666666666665,226.16666666666666,762.2666666666668,4.216666666666667,31.5
2024-12-27 10:00:00,2.8333333333333335,241.0,761.4333333333334,4.383333333333333,33.166666666666664
2024-12-27 11:00:00,2.8333333333333335,233.66666666666666,761.1833333333334,3.266666666666667,36.833333333333336
2024-12-27 12:00:00,2.5166666666666666,244.0,761.2333333333332,2.3833333333333333,39.833333333333336
2024-12-27 13:00:00,0.7333333333333333,224.16666666666666,761.25,0.6833333333333332,44.666666666666664
2024-12-27 14:00:00,0.4000000000000001,219.83333333333334,761.4333333333334,0.01666666666666668,47.0
2024-12-27 15:00:00,0.8166666666666668,223.83333333333334,761.7166666666667,0.7999999999999999,44.166666666666664
2024-12-27 16:00:00,0.2333333333333333,234.66666666666666,761.8666666666667,0.4666666666666666,44.666666666666664
2024-12-27 17:00:00,1.5333333333333332,240.5,761.5833333333334,0.9166666666666666,44.166666666666664
2024-12-27 18:00:00,1.1666666666666667,204.5,761.6166666666667,-0.19999999999999998,48.833333333333336
2024-12-27 19:00:00,1.0,210.5,761.5,-0.016666666666666663,51.666666666666664
2024-12-27 20:00:00,0.9666666666666667,212.33333333333334,760.9833333333332,0.13333333333333336,51.5
2024-12-27 21:00:00,0.45,242.0,760.8333333333334,1.2833333333333334,50.333333333333336
2024-12-27 22:00:00,2.6166666666666667,224.0,760.6666666666666,1.5499999999999998,61.666666666666664
2024-12-27 23:00:00,2.35,251.83333333333334,760.0333333333333,1.3166666666666667,65.66666666666667
2024-12-28 00:00:00,0.44999999999999996,245.16666666666666,759.4,2.1,61.0
2024-12-28 01:00:00,1.0333333333333334,242.66666666666666,758.7333333333332,2.3000000000000003,67.33333333333333
2024-12-28 02:00:00,2.4499999999999997,235.0,758.4166666666666,2.783333333333333,52.333333333333336
2024-12-28 03:00:00,0.9833333333333334,241.0,758.4333333333334,2.4166666666666665,52.166666666666664
2024-12-28 04:00:00,3.4499999999999997,233.5,758.1500000000001,2.2333333333333334,51.666666666666664
2024-12-28 05:00:00,4.8,231.66666666666666,758.5333333333333,-0.06666666666666665,83.83333333333333
2024-12-28 06:00:00,3.6666666666666665,244.83333333333334,758.6999999999999,-0.13333333333333333,97.83333333333333
2024-12-28 07:00:00,4.516666666666667,235.0,758.0166666666668,-0.7333333333333334,97.21666666666667
2024-12-28 08:00:00,3.033333333333333,225.5,757.0166666666668,1.3499999999999999,96.6
2024-12-28 09:00:00,3.766666666666667,215.0,755.9166666666666,1.7833333333333332,73.66666666666667
2024-12-28 10:00:00,2.5666666666666664,223.83333333333334,755.4499999999999,1.4833333333333334,76.66666666666667
2024-12-28 11:00:00,1.6833333333333333,222.66666666666666,754.8000000000001,1.5999999999999999,73.5
2024-12-28 12:00:00,4.066666666666666,246.66666666666666,755.4,-0.39999999999999997,97.0
2024-12-28 13:00:00,0.7833333333333333,231.16666666666666,755.3333333333334,-1.45,97.25
2024-12-28 14:00:00,0.7833333333333333,237.33333333333334,755.1666666666666,-1.6166666666666665,97.5
2024-12-28 15:00:00,1.05,238.83333333333334,755.4333333333334,-1.5833333333333333,
2024-12-28 16:00:00,0.6833333333333335,237.83333333333334,755.6999999999999,-1.8666666666666665,
2024-12-28 17:00:00,2.1833333333333336,239.5,755.6333333333333,-1.9666666666666666,
2024-12-28 18:00:00,2.35,241.0,755.8000000000001,-1.7833333333333332,
2024-12-28 19:00:00,0.6833333333333335,236.16666666666666,756.0333333333333,-1.9166666666666667,
2024-12-28 20:00:00,0.6333333333333333,235.0,756.1166666666667,-2.1,
2024-12-28 21:00:00,0.06666666666666667,229.33333333333334,755.7666666666668,-2.3333333333333335,
2024-12-28 22:00:00,1.866666666666667,245.0,755.8333333333334,-3.1333333333333333,
2024-12-28 23:00:00,2.15,253.16666666666666,756.0666666666666,-4.216666666666667,
2024-12-29 00:00:00,0.9499999999999998,224.33333333333334,756.1666666666666,-5.1000000000000005,100.0
2024-12-29 01:00:00,0.7000000000000001,218.83333333333334,756.1833333333334,-6.583333333333333,94.0
2024-12-29 02:00:00,0.65,217.33333333333334,756.4833333333332,-6.566666666666666,79.5
2024-12-29 03:00:00,1.0666666666666667,245.33333333333334,756.9166666666666,-5.2,71.5
2024-12-29 04:00:00,0.26666666666666666,239.33333333333334,757.2166666666667,-4.216666666666667,59.5
2024-12-29 05:00:00,0.16666666666666666,235.16666666666666,757.7333333333332,-3.1333333333333333,55.666666666666664
2024-12-29 06:00:00,0.6,229.33333333333334,758.0,-0.65,52.5
2024-12-29 07:00:00,1.0999999999999999,237.33333333333334,757.9166666666666,0.3333333333333333,54.166666666666664
2024-12-29 08:00:00,2.1666666666666665,245.5,757.5166666666668,0.48333333333333334,57.333333333333336
2024-12-29 09:00:00,4.2,256.0,757.0166666666668,-0.9666666666666667,62.666666666666664
2024-12-29 10:00:00,4.416666666666667,257.1666666666667,756.7166666666667,-0.11666666666666668,59.666666666666664
2024-12-29 11:00:00,4.083333333333333,256.8333333333333,756.7000000000002,0.21666666666666667,58.166666666666664
2024-12-29 12:00:00,5.2,249.5,756.8499999999999,-0.0666666666666667,57.666666666666664
2024-12-29 13:00:00,3.9166666666666665,251.83333333333334,757.0166666666668,-2.033333333333333,62.666666666666664
2024-12-29 14:00:00,0.39999999999999997,234.33333333333334,757.4166666666666,-3.8666666666666667,74.0
2024-12-29 15:00:00,0.6,222.0,757.7166666666667,-4.8999999999999995,74.33333333333333
2024-12-29 16:00:00,0.9833333333333334,240.16666666666666,757.7000000000002,-5.566666666666666,72.16666666666667
2024-12-29 17:00:00,0.7999999999999999,211.0,757.85,-5.7,58.333333333333336
2024-12-29 18:00:00,0.46666666666666673,236.83333333333334,758.0,-4.616666666666666,53.5
2024-12-29 19:00:00,0.08333333333333333,230.5,757.9,-4.516666666666667,52.833333333333336
2024-12-29 20:00:00,0.06666666666666667,223.83333333333334,757.6666666666666,-4.616666666666667,51.166666666666664
2024-12-29 21:00:00,0.38333333333333336,229.83333333333334,757.6,-4.7,53.166666666666664
2024-12-29 22:00:00,0.6833333333333332,241.33333333333334,757.4833333333332,-5.516666666666667,56.166666666666664
2024-12-29 23:00:00,1.3833333333333335,199.66666666666666,757.8000000000001,-5.833333333333333,57.833333333333336
2024-12-30 00:00:00,0.5833333333333334,238.33333333333334,757.6333333333333,-4.916666666666667,58.166666666666664
2024-12-30 01:00:00,0.48333333333333334,230.66666666666666,757.4333333333334,-5.283333333333333,59.666666666666664
2024-12-30 02:00:00,0.9,217.33333333333334,757.6333333333333,-6.0,61.666666666666664
2024-12-30 03:00:00,0.5666666666666667,236.83333333333334,757.8166666666666,-5.55,59.166666666666664
2024-12-30 04:00:00,0.11666666666666665,246.5,757.9166666666666,-4.433333333333334,55.5
2024-12-30 05:00:00,0.08333333333333333,228.33333333333334,758.3000000000001,-1.0166666666666666,46.166666666666664
2024-12-30 06:00:00,0.8166666666666668,242.33333333333334,758.6833333333334,0.13333333333333333,44.333333333333336
2024-12-30 07:00:00,1.95,226.16666666666666,758.6166666666667,0.21666666666666667,46.833333333333336
2024-12-30 08:00:00,2.9,224.5,757.9166666666666,0.3,47.333333333333336
2024-12-30 09:00:00,3.3666666666666667,227.83333333333334,757.2166666666667,0.31666666666666665,50.333333333333336
2024-12-30 10:00:00,3.5499999999999994,225.5,756.75,0.19999999999999998,53.333333333333336
2024-12-30 11:00:00,3.033333333333333,230.0,756.7166666666667,0.3,54.0
2024-12-30 12:00:00,3.1333333333333333,239.5,756.7833333333333,-0.3,58.666666666666664
2024-12-30 13:00:00,2.216666666666667,241.5,756.8666666666667,-1.9833333333333334,75.5
2024-12-30 14:00:00,0.2833333333333334,222.0,756.9666666666667,-4.966666666666667,96.0
2024-12-30 15:00:00,0.08333333333333333,224.33333333333334,757.1166666666667,-5.666666666666667,94.83333333333333
2024-12-30 16:00:00,0.3333333333333333,222.16666666666666,757.3666666666667,-6.233333333333333,89.5
2024-12-30 17:00:00,0.19999999999999998,223.33333333333334,757.3833333333333,-5.683333333333334,74.33333333333333
2024-12-30 18:00:00,0.4166666666666667,210.0,757.25,-5.833333333333333,69.0
2024-12-30 19:00:00,0.0,203.66666666666666,757.1666666666666,-5.033333333333333,66.66666666666667
2024-12-30 20:00:00,0.23333333333333336,220.83333333333334,756.9833333333332,-4.316666666666667,66.83333333333333
2024-12-30 21:00:00,0.0,232.66666666666666,756.6833333333334,-3.716666666666667,69.5
2024-12-30 22:00:00,0.13333333333333333,239.0,756.7000000000002,-4.183333333333333,77.33333333333333
2024-12-30 23:00:00,0.09999999999999999,216.5,756.6666666666666,-4.416666666666667,84.16666666666667
2024-12-31 00:00:00,1.1166666666666667,239.33333333333334,756.75,-5.033333333333333,95.66666666666667
2024-12-31 01:00:00,0.4666666666666666,244.33333333333334,756.7999999999998,-4.8999999999999995,100.0
2024-12-31 02:00:00,0.05000000000000001,227.33333333333334,756.7833333333333,-5.466666666666666,100.0
2024-12-31 03:00:00,0.7000000000000001,226.66666666666666,757.0,-6.8999999999999995,100.0
2024-12-31 04:00:00,1.0999999999999999,248.5,757.35,-6.1499999999999995,100.0
2024-12-31 05:00:00,0.5,228.16666666666666,757.7333333333332,-4.483333333333333,96.0
2024-12-31 06:00:00,0.9166666666666666,229.33333333333334,758.1333333333333,-3.233333333333333,90.83333333333333
2024-12-31 07:00:00,0.7000000000000001,230.5,758.0,-2.5500000000000003,87.33333333333333
2024-12-31 08:00:00,1.2666666666666666,232.5,757.4833333333332,-2.183333333333333,83.83333333333333
2024-12-31 09:00:00,1.1666666666666667,233.83333333333334,756.9666666666667,-2.966666666666667,100.0
2024-12-31 10:00:00,0.9666666666666667,240.0,756.7166666666667,-2.6,100.0
2024-12-31 11:00:00,1.8,244.0,756.6833333333334,-2.9333333333333336,100.0
2024-12-31 12:00:00,2.4499999999999997,243.83333333333334,756.8499999999999,-3.4499999999999997,100.0
2024-12-31 13:00:00,1.0333333333333334,232.33333333333334,757.0666666666666,-4.666666666666667,100.0
2024-12-31 14:00:00,1.25,248.16666666666666,757.3000000000001,-6.583333333333333,100.0
2024-12-31 15:00:00,1.9333333333333333,241.66666666666666,757.5166666666668,-6.016666666666667,97.33333333333333
2024-12-31 16:00:00,2.8833333333333333,224.33333333333334,757.6,-5.55,87.5
2024-12-31 17:00:00,4.366666666666666,209.5,757.6833333333334,-4.966666666666666,77.5
2024-12-31 18:00:00,3.766666666666667,207.33333333333334,757.7833333333333,-5.133333333333334,72.83333333333333
2024-12-31 19:00:00,2.5500000000000003,214.83333333333334,757.7999999999998,-5.1499999999999995,72.0
2024-12-31 20:00:00,1.8333333333333333,236.0,757.7999999999998,-5.3,75.0
2024-12-31 21:00:00,6.933333333333334,199.0,757.4333333333334,-5.583333333333333,70.16666666666667
2024-12-31 22:00:00,7.916666666666667,193.83333333333334,757.2666666666668,-5.466666666666666,71.83333333333333
2024-12-31 23:00:00,9.5,195.16666666666666,757.0833333333334,-5.3500000000000005,70.5
2025-01-01 00:00:00,10.433333333333334,201.16666666666666,756.8166666666666,-5.55,72.16666666666667
2025-01-01 01:00:00,10.633333333333333,199.83333333333334,756.6999999999999,-5.6000000000000005,72.66666666666667
2025-01-01 02:00:00,9.833333333333334,206.0,756.9166666666666,-5.783333333333334,76.16666666666667
2025-01-01 03:00:00,9.3,211.66666666666666,757.1999999999999,-5.783333333333334,76.66666666666667
2025-01-01 04:00:00,8.333333333333334,211.66666666666666,757.6999999999999,-5.566666666666666,72.16666666666667
2025-01-01 05:00:00,9.366666666666667,207.33333333333334,758.15,-5.05,64.83333333333333
2025-01-01 06:00:00,7.8999999999999995,211.16666666666666,758.4833333333332,-4.283333333333333,59.0
2025-01-01 07:00:00,8.116666666666667,211.0,758.4499999999999,-3.8166666666666664,56.333333333333336
2025-01-01 08:00:00,7.916666666666667,214.83333333333334,758.1166666666667,-3.466666666666667,57.666666666666664
2025-01-01 09:00:00,7.483333333333333,215.66666666666666,757.8499999999999,-3.0500000000000003,53.666666666666664
2025-01-01 10:00:00,6.75,220.5,757.8000000000001,-2.9333333333333336,50.166666666666664
2025-01-01 11:00:00,6.133333333333333,222.5,757.9166666666666,-2.9,47.666666666666664
2025-01-01 12:00:00,7.45,214.0,758.1833333333334,-3.716666666666667,48.166666666666664
2025-01-01 13:00:00,9.016666666666667,207.33333333333334,758.2833333333333,-5.116666666666666,59.5
2025-01-01 14:00:00,8.883333333333333,213.33333333333334,758.8000000000001,-5.5,62.0
2025-01-01 15:00:00,9.216666666666667,214.16666666666666,759.2333333333332,-5.8999999999999995,64.83333333333333
2025-01-01 16:00:00,8.683333333333332,213.66666666666666,759.6500000000001,-6.033333333333334,67.33333333333333
2025-01-01 17:00:00,8.25,213.5,759.7666666666668,-6.1499999999999995,67.16666666666667
2025-01-01 18:00:00,8.333333333333334,214.83333333333334,760.0500000000001,-6.083333333333333,62.833333333333336
2025-01-01 19:00:00,10.266666666666666,208.16666666666666,760.0,-6.3999999999999995,66.33333333333333
2025-01-01 20:00:00,10.833333333333334,206.66666666666666,759.9333333333334,-6.566666666666666,71.33333333333333
2025-01-01 21:00:00,9.700000000000001,209.33333333333334,759.8000000000001,-6.566666666666666,71.83333333333333
2025-01-01 22:00:00,9.283333333333333,206.16666666666666,760.1,-6.383333333333334,65.0
2025-01-01 23:00:00,10.1,207.0,760.1666666666666,-6.55,67.83333333333333
2025-01-02 00:00:00,10.016666666666667,206.83333333333334,760.0333333333333,-6.6499999999999995,67.16666666666667
2025-01-02 01:00:00,10.0,208.0,759.8333333333334,-6.916666666666667,67.83333333333333
2025-01-02 02:00:00,10.816666666666668,205.83333333333334,760.2166666666667,-6.8999999999999995,67.66666666666667
2025-01-02 03:00:00,10.366666666666667,202.5,760.9,-6.983333333333333,64.16666666666667
2025-01-02 04:00:00,11.183333333333332,196.5,761.4833333333332,-6.7,60.666666666666664
2025-01-02 05:00:00,9.0,196.16666666666666,762.2833333333333,-6.016666666666667,56.333333333333336
2025-01-02 06:00:00,8.583333333333334,200.16666666666666,762.8000000000001,-5.1000000000000005,50.166666666666664
2025-01-02 07:00:00,7.316666666666666,202.0,762.9333333333334,-4.316666666666666,48.833333333333336
2025-01-02 08:00:00,5.933333333333334,215.0,762.3833333333333,-3.4499999999999997,47.333333333333336
2025-01-02 09:00:00,4.95,228.0,761.9166666666666,-2.65,43.666666666666664
2025-01-02 10:00:00,3.1,226.83333333333334,761.6999999999999,-2.4166666666666665,43.0
2025-01-02 11:00:00,2.0,221.5,761.6333333333333,-2.533333333333333,49.5
2025-01-02 12:00:00,2.6166666666666667,237.16666666666666,761.7000000000002,-3.5,61.333333333333336
2025-01-02 13:00:00,2.3000000000000003,232.83333333333334,761.7833333333333,-5.1499999999999995,74.33333333333333
2025-01-02 14:00:00,1.5999999999999999,244.5,761.8666666666667,-6.766666666666667,84.83333333333333
2025-01-02 15:00:00,0.2833333333333334,212.66666666666666,762.1,-7.616666666666667,88.5
2025-01-02 16:00:00,3.5500000000000003,200.16666666666666,761.9833333333332,-6.716666666666666,72.83333333333333
2025-01-02 17:00:00,2.0,220.16666666666666,762.0,-5.816666666666666,59.0
2025-01-02 18:00:00,0.09999999999999999,240.5,761.9,-7.75,78.66666666666667
2025-01-02 19:00:00,1.0166666666666666,216.83333333333334,761.8333333333334,-8.616666666666667,79.83333333333333
2025-01-02 20:00:00,0.4666666666666666,212.5,761.75,-9.15,71.16666666666667
2025-01-02 21:00:00,0.43333333333333335,211.66666666666666,761.5,-9.4,70.83333333333333
2025-01-02 22:00:00,0.13333333333333333,217.5,761.2833333333333,-8.9,66.33333333333333
2025-01-02 23:00:00,0.65,213.5,761.3000000000001,-9.1,68.33333333333333
2025-01-03 00:00:00,0.26666666666666666,210.66666666666666,761.0333333333333,-9.233333333333333,68.16666666666667
2025-01-03 01:00:00,0.9666666666666667,253.16666666666666,760.6999999999999,-7.983333333333333,68.33333333333333
2025-01-03 02:00:00,0.6,246.66666666666666,760.5500000000001,-8.383333333333333,65.66666666666667
2025-01-03 03:00:00,0.9833333333333334,257.0,760.6500000000001,-7.733333333333333,66.0
2025-01-03 04:00:00,0.9333333333333332,250.66666666666666,760.75,-7.8999999999999995,67.5
2025-01-03 05:00:00,0.2833333333333334,231.66666666666666,760.9833333333332,-4.15,56.166666666666664
2025-01-03 06:00:00,1.2,236.33333333333334,761.1666666666666,-3.1666666666666665,53.0
2025-01-03 07:00:00,0.8833333333333333,247.66666666666666,760.7833333333333,-1.9000000000000001,50.333333333333336
2025-01-03 08:00:00,1.9333333333333333,237.0,760.1666666666666,-1.6500000000000001,52.0
2025-01-03 09:00:00,2.4166666666666665,232.83333333333334,759.3666666666667,-1.55,53.166666666666664
2025-01-03 10:00:00,2.733333333333333,222.16666666666666,758.7833333333333,-1.7333333333333334,52.333333333333336
2025-01-03 11:00:00,3.0500000000000003,229.33333333333334,758.4666666666667,-1.7,52.0
2025-01-03 12:00:00,3.3833333333333333,233.5,758.3333333333334,-2.35,52.5
2025-01-03 13:00:00,3.3833333333333333,243.0,758.1166666666667,-4.166666666666667,61.0
2025-01-03 14:00:00,2.733333333333333,244.33333333333334,758.0666666666666,-5.733333333333333,66.83333333333333
2025-01-03 15:00:00,1.0833333333333333,251.66666666666666,758.1,-6.3999999999999995,68.5
2025-01-03 16:00:00,0.7999999999999999,246.5,757.9499999999999,-6.466666666666666,70.16666666666667
2025-01-03 17:00:00,0.5499999999999999,250.16666666666666,757.6166666666667,-5.816666666666666,67.5
2025-01-03 18:00:00,1.7333333333333334,259.1666666666667,757.1999999999999,-5.3999999999999995,64.33333333333333
2025-01-03 19:00:00,0.9666666666666668,246.66666666666666,756.8166666666666,-5.45,66.5
2025-01-03 20:00:00,1.1333333333333333,250.83333333333334,756.3333333333334,-5.533333333333334,68.5
2025-01-03 21:00:00,0.9,250.5,755.8333333333334,-5.75,69.83333333333333
2025-01-03 22:00:00,0.45,249.5,755.5666666666666,-5.883333333333333,68.83333333333333
2025-01-03 23:00:00,1.0833333333333333,249.0,755.3666666666667,-5.583333333333333,63.666666666666664
2025-01-04 00:00:00,0.8166666666666668,230.66666666666666,755.0,-5.416666666666667,53.333333333333336
2025-01-04 01:00:00,1.2666666666666666,237.33333333333334,754.75,-6.1499999999999995,45.5
2025-01-04 02:00:00,1.3,235.16666666666666,754.85,-5.216666666666667,37.666666666666664
2025-01-04 03:00:00,1.0166666666666666,232.16666666666666,755.1,-3.8666666666666667,26.5
2025-01-04 04:00:00,1.9666666666666668,236.5,755.2833333333333,-2.6833333333333336,20.666666666666668
2025-01-04 05:00:00,1.0,239.0,755.6666666666666,0.35000000000000003,17.333333333333332
2025-01-04 06:00:00,0.6166666666666667,237.66666666666666,756.0166666666668,2.8166666666666664,17.5
2025-01-04 07:00:00,1.0166666666666666,245.33333333333334,755.8166666666666,2.533333333333333,26.166666666666668
2025-01-04 08:00:00,1.2333333333333334,252.33333333333334,755.4499999999999,1.7999999999999998,37.0
2025-01-04 09:00:00,0.75,249.5,755.1333333333333,2.6,40.0
2025-01-04 10:00:00,1.4000000000000001,230.16666666666666,754.8166666666666,3.35,34.333333333333336
2025-01-04 11:00:00,2.216666666666667,240.0,754.8166666666666,1.8333333333333333,41.833333333333336
2025-01-04 12:00:00,1.4000000000000001,242.5,755.0500000000001,0.9166666666666666,46.0
2025-01-04 13:00:00,0.13333333333333333,243.0,755.25,-2.0166666666666666,55.833333333333336
2025-01-04 14:00:00,1.3333333333333333,235.5,755.5166666666668,-3.4333333333333336,57.833333333333336
2025-01-04 15:00:00,0.6166666666666667,232.5,755.75,-4.366666666666666,62.666666666666664
2025-01-04 16:00:00,0.9,210.66666666666666,755.9666666666667,-4.533333333333333,57.833333333333336
2025-01-04 17:00:00,0.5333333333333333,239.0,756.0500000000001,-4.45,58.166666666666664
2025-01-04 18:00:00,0.21666666666666667,235.16666666666666,756.0833333333334,-5.866666666666667,60.5
2025-01-04 19:00:00,0.3,233.16666666666666,756.1666666666666,-5.433333333333334,58.5
2025-01-04 20:00:00,1.9333333333333336,253.0,756.1166666666667,-4.8999999999999995,52.333333333333336
2025-01-04 21:00:00,1.633333333333333,245.16666666666666,755.8166666666666,-5.716666666666666,61.5
2025-01-04 22:00:00,0.9833333333333334,222.33333333333334,755.75,-6.166666666666667,51.833333333333336
2025-01-04 23:00:00,1.3166666666666667,245.83333333333334,755.5500000000001,-4.2,34.333333333333336
2025-01-05 00:00:00,1.5999999999999999,233.0,755.4499999999999,-4.316666666666666,33.5
2025-01-05 01:00:00,0.4166666666666667,216.16666666666666,755.3833333333333,-4.833333333333333,26.666666666666668
2025-01-05 02:00:00,1.0,220.33333333333334,755.5833333333334,-4.216666666666667,23.0
2025-01-05 03:00:00,1.0833333333333333,224.83333333333334,756.0500000000001,-4.45,24.333333333333332
2025-01-05 04:00:00,0.8833333333333333,249.5,756.5500000000001,-2.6,20.333333333333332
2025-01-05 05:00:00,1.4166666666666667,246.66666666666666,756.7999999999998,0.5833333333333334,17.833333333333332
2025-01-05 06:00:00,0.7000000000000001,230.16666666666666,757.0666666666666,3.3333333333333335,14.833333333333334
2025-01-05 07:00:00,1.3499999999999999,246.66666666666666,757.4,2.5,19.5
2025-01-05 08:00:00,1.3500000000000003,224.66666666666666,757.2333333333332,3.6999999999999997,18.0
2025-01-05 09:00:00,2.3666666666666667,223.0,756.8499999999999,2.6166666666666667,28.666666666666668
2025-01-05 10:00:00,2.1666666666666665,237.33333333333334,756.8499999999999,2.2666666666666666,36.666666666666664
2025-01-05 11:00:00,2.1,248.16666666666666,757.2333333333332,2.35,38.166666666666664
2025-01-05 12:00:00,1.7333333333333334,237.66666666666666,757.4,1.6833333333333333,38.833333333333336
2025-01-05 13:00:00,0.5333333333333333,243.5,757.6,-1.0999999999999999,46.333333333333336
2025-01-05 14:00:00,1.0333333333333334,245.33333333333334,758.1,-2.5166666666666666,51.5
2025-01-05 15:00:00,0.3666666666666667,224.0,758.7666666666668,-2.4499999999999997,52.166666666666664
2025-01-05 16:00:00,0.39999999999999997,207.16666666666666,759.1666666666666,-3.5833333333333335,55.666666666666664
2025-01-05 17:00:00,0.3333333333333333,215.83333333333334,759.25,-3.4166666666666665,51.833333333333336
2025-01-05 18:00:00,0.7833333333333333,224.83333333333334,759.3499999999999,-3.75,52.5
2025-01-05 19:00:00,1.0666666666666667,231.16666666666666,759.2833333333333,-3.6166666666666667,49.5
2025-01-05 20:00:00,0.35000000000000003,228.0,759.0500000000001,-3.0,44.333333333333336
2025-01-05 21:00:00,0.11666666666666665,224.83333333333334,758.75,-2.8000000000000003,43.333333333333336
2025-01-05 22:00:00,0.03333333333333333,230.5,758.4,-2.6333333333333333,43.0
2025-01-05 23:00:00,0.0,203.83333333333334,758.3666666666667,-3.516666666666667,53.5
2025-01-06 00:00:00,0.3833333333333333,217.16666666666666,758.3166666666666,-3.1666666666666665,52.333333333333336
2025-01-06 01:00:00,0.06666666666666667,244.33333333333334,758.1999999999999,-1.883333333333333,41.166666666666664
2025-01-06 02:00:00,0.6333333333333333,235.0,758.25,-2.0,46.333333333333336
2025-01-06 03:00:00,0.5499999999999999,238.5,758.7333333333332,-1.6166666666666665,43.833333333333336
2025-01-06 04:00:00,1.4166666666666667,234.83333333333334,759.3333333333334,-1.1500000000000001,45.5
2025-01-06 05:00:00,1.75,241.0,760.0166666666668,-1.5333333333333332,70.83333333333333
2025-01-06 06:00:00,0.9833333333333334,238.66666666666666,760.15,-2.6999999999999997,100.0
2025-01-06 07:00:00,1.1166666666666667,236.66666666666666,759.9833333333332,-2.3333333333333335,100.0
2025-01-06 08:00:00,1.0,244.0,759.5166666666668,-1.0999999999999999,100.0
2025-01-06 09:00:00,5.116666666666666,255.0,758.6333333333333,-0.3333333333333333,
2025-01-06 10:00:00,5.3,251.5,758.2833333333333,0.4833333333333334,100.0
2025-01-06 11:00:00,5.45,248.83333333333334,758.4166666666666,0.8500000000000001,95.33333333333333
2025-01-06 12:00:00,2.216666666666667,246.66666666666666,758.5500000000001,-0.21666666666666667,74.83333333333333
2025-01-06 13:00:00,4.266666666666667,253.33333333333334,758.6666666666666,1.4666666666666668,54.333333333333336
2025-01-06 14:00:00,3.716666666666667,250.0,759.1333333333333,1.0333333333333334,60.666666666666664
2025-01-06 15:00:00,0.21666666666666667,218.0,759.7666666666668,-1.0833333333333333,99.0
2025-01-06 16:00:00,0.13333333333333333,229.5,760.35,-0.7999999999999999,96.83333333333333
2025-01-06 17:00:00,0.08333333333333333,242.66666666666666,760.5833333333334,-0.7166666666666667,90.66666666666667
2025-01-06 18:00:00,0.3666666666666667,238.33333333333334,760.7666666666668,-0.8166666666666668,94.0
2025-01-06 19:00:00,0.45,244.5,760.85,-0.7833333333333333,92.16666666666667
2025-01-06 20:00:00,0.08333333333333333,230.16666666666666,760.8666666666667,-0.3666666666666667,68.5
2025-01-06 21:00:00,0.4166666666666667,233.5,760.7166666666667,-0.18333333333333335,63.0
2025-01-06 22:00:00,0.6,242.33333333333334,761.1833333333334,-0.7000000000000001,71.5
2025-01-06 23:00:00,0.3833333333333333,225.0,761.4166666666666,-1.25,77.0
2025-01-07 00:00:00,0.7833333333333333,225.33333333333334,761.15,-1.25,68.33333333333333
2025-01-07 01:00:00,0.43333333333333335,204.5,761.1999999999999,-1.2833333333333334,58.333333333333336
2025-01-07 02:00:00,0.5166666666666667,223.0,761.5333333333333,-2.0,57.666666666666664
2025-01-07 03:00:00,0.85,239.33333333333334,762.1333333333333,-3.3333333333333335,63.666666666666664
2025-01-07 04:00:00,1.9833333333333334,245.16666666666666,762.8000000000001,-2.9333333333333336,65.33333333333333
2025-01-07 05:00:00,1.0166666666666666,236.5,763.1999999999999,-0.016666666666666663,59.833333333333336
2025-01-07 06:00:00,1.55,247.5,763.6833333333334,1.7,53.666666666666664
2025-01-07 07:00:00,1.7333333333333334,231.0,763.5,2.1666666666666665,54.833333333333336
2025-01-07 08:00:00,1.1800000000000002,228.8,763.1800000000001,2.5,62.4
2025-01-07 09:00:00,2.3666666666666667,234.33333333333334,762.8833333333333,1.8499999999999999,60.0
2025-01-07 10:00:00,1.6333333333333335,237.5,762.4499999999999,2.216666666666667,55.166666666666664
2025-01-07 11:00:00,0.9,247.83333333333334,762.1666666666666,0.8666666666666667,57.166666666666664
2025-01-07 12:00:00,2.1333333333333333,242.66666666666666,762.4833333333332,-0.8166666666666668,62.833333333333336
2025-01-07 13:00:00,1.7333333333333334,239.83333333333334,762.85,-2.1333333333333333,67.16666666666667
2025-01-07 14:00:00,0.6166666666666667,244.83333333333334,763.25,-2.9499999999999997,66.33333333333333
2025-01-07 15:00:00,0.7000000000000001,226.0,763.3833333333333,-2.6999999999999997,74.5
2025-01-07 16:00:00,0.18333333333333335,241.16666666666666,763.6833333333334,-2.5,77.66666666666667
2025-01-07 17:00:00,0.05000000000000001,221.5,764.0,-2.65,79.66666666666667
2025-01-07 18:00:00,0.2333333333333333,220.66666666666666,764.1,-3.1166666666666667,82.33333333333333
2025-01-07 19:00:00,0.2833333333333333,236.5,763.9166666666666,-2.8000000000000003,79.0
2025-01-07 20:00:00,1.0999999999999999,246.0,763.5,-2.65,77.66666666666667
2025-01-07 21:00:00,1.2666666666666666,246.16666666666666,763.2833333333333,-2.766666666666666,79.66666666666667
2025-01-07 22:00:00,0.5,231.33333333333334,763.1500000000001,-2.8666666666666667,73.66666666666667
2025-01-07 23:00:00,0.45,245.0,763.0500000000001,-3.266666666666667,89.33333333333333
2025-01-08 00:00:00,1.9666666666666668,249.0,762.8499999999999,-3.216666666666667,100.0
2025-01-08 01:00:00,2.983333333333333,252.83333333333334,762.7333333333332,-2.233333333333333,100.0
2025-01-08 02:00:00,1.3499999999999999,247.16666666666666,762.9499999999999,-2.0500000000000003,100.0
2025-01-08 03:00:00,0.8666666666666667,247.66666666666666,763.35,-2.4,
2025-01-08 04:00:00,0.39999999999999997,229.5,763.85,-2.466666666666667,
2025-01-08 05:00:00,1.4166666666666667,246.5,764.3000000000001,-1.5333333333333332,
2025-01-08 06:00:00,1.4000000000000001,248.66666666666666,764.5166666666668,-0.65,100.0
2025-01-08 07:00:00,1.0333333333333334,248.33333333333334,764.15,0.3333333333333333,100.0
2025-01-08 08:00:00,1.6000000000000003,237.16666666666666,763.4666666666667,1.1833333333333333,97.0
2025-01-08 09:00:00,1.2333333333333334,245.33333333333334,763.0166666666668,0.75,100.0
2025-01-08 10:00:00,0.18333333333333335,233.66666666666666,762.6333333333333,2.016666666666667,97.5
2025-01-08 11:00:00,0.6666666666666666,235.16666666666666,762.3499999999999,3.4,87.33333333333333
2025-01-08 12:00:00,2.3666666666666667,242.0,762.3666666666667,1.0999999999999999,100.0
2025-01-08 13:00:00,2.3833333333333333,234.5,762.4,0.31666666666666665,99.85
2025-01-08 14:00:00,0.9500000000000001,235.0,762.4833333333332,-0.3833333333333333,99.7
2025-01-08 15:00:00,0.45,243.16666666666666,762.7166666666667,-0.6166666666666667,
2025-01-08 16:00:00,0.5666666666666667,246.5,762.75,-0.26666666666666666,
2025-01-08 17:00:00,0.13333333333333333,233.16666666666666,762.7166666666667,0.26666666666666666,99.25
2025-01-08 18:00:00,0.0,245.16666666666666,762.6,0.3833333333333333,96.5
2025-01-08 19:00:00,0.0,248.5,762.3833333333333,-0.08333333333333333,97.83333333333333
2025-01-08 20:00:00,0.19999999999999998,201.0,762.1,-1.4000000000000001,94.66666666666667
2025-01-08 21:00:00,1.0833333333333333,201.16666666666666,761.8000000000001,-2.1166666666666667,89.83333333333333
2025-01-08 22:00:00,1.8666666666666665,191.66666666666666,761.5500000000001,-2.3333333333333335,85.33333333333333
2025-01-08 23:00:00,1.55,196.66666666666666,761.3833333333333,-2.5166666666666666,84.0
2025-01-09 00:00:00,0.3666666666666667,212.0,761.2000000000002,-3.016666666666667,86.83333333333333
2025-01-09 01:00:00,0.4166666666666667,243.16666666666666,761.1833333333334,-2.283333333333333,75.5
2025-01-09 02:00:00,0.11666666666666668,229.83333333333334,761.3166666666666,-2.8833333333333333,76.0
2025-01-09 03:00:00,0.31666666666666665,244.33333333333334,761.4833333333332,-2.5,78.16666666666667
2025-01-09 04:00:00,0.06666666666666667,223.83333333333334,761.7166666666667,-1.7833333333333332,72.83333333333333
2025-01-09 05:00:00,0.8666666666666667,243.33333333333334,762.0333333333333,1.3166666666666667,59.0
2025-01-09 06:00:00,0.13333333333333333,242.5,762.2833333333333,3.6666666666666665,50.333333333333336
2025-01-09 07:00:00,0.5499999999999999,244.83333333333334,762.1999999999999,3.1,56.0
2025-01-09 08:00:00,1.2999999999999998,234.5,761.5666666666666,3.65,56.0
2025-01-09 09:00:00,1.5666666666666667,228.5,760.9499999999999,3.716666666666667,57.5
2025-01-09 10:00:00,1.9833333333333334,220.66666666666666,760.6,3.5666666666666664,58.5
2025-01-09 11:00:00,2.1166666666666667,225.33333333333334,760.5,3.733333333333333,57.5
2025-01-09 12:00:00,2.533333333333333,229.83333333333334,760.6666666666666,2.733333333333333,61.333333333333336
2025-01-09 13:00:00,1.3833333333333335,244.83333333333334,760.8833333333333,0.8333333333333334,72.16666666666667
2025-01-09 14:00:00,0.08333333333333333,238.83333333333334,761.1166666666667,-0.8166666666666668,84.83333333333333
2025-01-09 15:00:00,0.6,250.16666666666666,761.2833333333333,-0.7666666666666667,84.66666666666667
2025-01-09 16:00:00,0.6,214.0,761.4833333333332,-1.6833333333333333,84.5
2025-01-09 17:00:00,0.3333333333333333,237.16666666666666,761.7333333333332,-1.4666666666666668,81.16666666666667
2025-01-09 18:00:00,0.25,247.0,761.8666666666667,-1.0,70.5
2025-01-09 19:00:00,0.35000000000000003,239.83333333333334,761.8499999999999,-1.3,70.33333333333333
2025-01-09 20:00:00,0.18333333333333335,224.0,761.6666666666666,-1.8166666666666667,69.33333333333333
2025-01-09 21:00:00,1.0999999999999999,194.5,761.4666666666667,-2.4,67.83333333333333
2025-01-09 22:00:00,0.48333333333333334,233.5,761.4833333333332,-1.6333333333333335,62.0
2025-01-09 23:00:00,0.3833333333333333,247.33333333333334,761.4499999999999,-1.2666666666666666,59.666666666666664
2025-01-10 00:00:00,0.3666666666666667,227.16666666666666,761.4,-1.25,58.166666666666664
2025-01-10 01:00:00,0.5,207.33333333333334,761.3333333333334,-1.9833333333333334,60.0
2025-01-10 02:00:00,0.21666666666666667,223.0,761.4499999999999,-1.4166666666666667,55.0
2025-01-10 03:00:00,0.5,216.66666666666666,761.6833333333334,-1.4666666666666668,54.0
2025-01-10 04:00:00,0.5333333333333333,225.33333333333334,762.0333333333333,-0.7333333333333334,53.333333333333336
2025-01-10 05:00:00,0.06666666666666667,239.83333333333334,762.5333333333333,2.75,43.666666666666664
2025-01-10 06:00:00,0.6166666666666666,218.5,762.8666666666667,4.466666666666666,37.0
2025-01-10 07:00:00,1.2666666666666666,224.66666666666666,762.7666666666668,4.816666666666666,42.0
2025-01-10 08:00:00,1.9000000000000001,225.0,762.3000000000001,4.583333333333333,46.166666666666664
2025-01-10 09:00:00,2.033333333333333,224.0,761.7666666666668,5.016666666666667,43.666666666666664
2025-01-10 10:00:00,2.4833333333333334,224.0,761.3499999999999,4.933333333333334,43.833333333333336
2025-01-10 11:00:00,2.3000000000000003,229.0,761.1833333333334,4.8500000000000005,45.0
2025-01-10 12:00:00,2.8833333333333333,226.5,761.1666666666666,3.9499999999999997,50.833333333333336
2025-01-10 13:00:00,2.5,235.16666666666666,761.25,2.0500000000000003,60.5
2025-01-10 14:00:00,0.8833333333333333,252.0,761.4333333333334,0.5833333333333334,68.66666666666667
2025-01-10 15:00:00,0.21666666666666667,232.66666666666666,761.7166666666667,-0.11666666666666665,70.83333333333333
2025-01-10 16:00:00,0.3833333333333333,238.16666666666666,761.8333333333334,-0.43333333333333335,67.33333333333333
2025-01-10 17:00:00,0.39999999999999997,247.66666666666666,761.7999999999998,-0.39999999999999997,66.66666666666667
2025-01-10 18:00:00,1.1166666666666667,199.0,761.9,-1.25,72.5
2025-01-10 19:00:00,1.45,189.33333333333334,761.85,-1.7166666666666668,76.5
2025-01-10 20:00:00,1.5333333333333332,199.16666666666666,761.5666666666666,-1.75,75.16666666666667
2025-01-10 21:00:00,0.9166666666666666,206.5,761.2333333333332,-2.0833333333333335,79.0
2025-01-10 22:00:00,0.2833333333333333,205.5,761.0833333333334,-2.1333333333333333,73.0
2025-01-10 23:00:00,0.3,224.83333333333334,760.8000000000001,-1.8499999999999999,69.16666666666667
2025-01-11 00:00:00,0.65,207.5,760.4,-2.3000000000000003,69.66666666666667
2025-01-11 01:00:00,0.18333333333333335,229.83333333333334,760.1666666666666,-2.05,63.5
2025-01-11 02:00:00,0.16666666666666666,218.33333333333334,760.1333333333333,-2.2666666666666666,60.666666666666664
2025-01-11 03:00:00,0.6166666666666667,201.5,760.2999999999998,-2.8666666666666667,63.0
2025-01-11 04:00:00,0.06666666666666667,219.0,760.5166666666668,-1.3333333333333333,59.0
2025-01-11 05:00:00,0.06666666666666667,228.0,760.8166666666666,2.1166666666666667,46.833333333333336
2025-01-11 06:00:00,0.7999999999999999,232.83333333333334,761.0500000000001,3.1666666666666665,44.333333333333336
2025-01-11 07:00:00,2.0,219.66666666666666,760.7833333333333,3.266666666666667,42.0
2025-01-11 08:00:00,3.1833333333333336,222.5,760.0,3.3333333333333335,42.5
2025-01-11 09:00:00,4.05,230.33333333333334,759.2333333333332,3.5500000000000003,42.666666666666664
2025-01-11 10:00:00,3.766666666666667,231.66666666666666,758.6666666666666,3.516666666666667,45.166666666666664
2025-01-11 11:00:00,3.3166666666666664,225.5,758.4499999999999,3.533333333333333,47.0
2025-01-11 12:00:00,2.733333333333333,224.33333333333334,758.5,3.1,49.5
2025-01-11 13:00:00,1.9000000000000001,237.16666666666666,758.5166666666668,1.3499999999999999,57.5
2025-01-11 14:00:00,0.0,208.33333333333334,758.6,-0.9333333333333332,76.5
2025-01-11 15:00:00,0.3666666666666667,210.66666666666666,758.9,-1.55,79.5
2025-01-11 16:00:00,1.6666666666666667,197.83333333333334,759.0333333333333,-1.3333333333333333,69.5
2025-01-11 17:00:00,0.26666666666666666,237.83333333333334,759.3333333333334,-0.9833333333333334,58.333333333333336
2025-01-11 18:00:00,0.75,212.66666666666666,759.3833333333333,-1.3833333333333335,58.0
2025-01-11 19:00:00,0.8833333333333333,238.0,759.0166666666668,-1.4666666666666668,58.5
2025-01-11 20:00:00,0.31666666666666665,241.16666666666666,758.5666666666666,-1.2333333333333332,54.666666666666664
2025-01-11 21:00:00,0.4166666666666667,218.16666666666666,758.2666666666668,-1.3,51.0
2025-01-11 22:00:00,0.9833333333333334,242.83333333333334,758.3666666666667,-1.3666666666666665,53.666666666666664
2025-01-11 23:00:00,0.7999999999999999,216.0,758.1999999999999,-1.5999999999999999,55.0
2025-01-12 00:00:00,0.3166666666666667,221.16666666666666,757.9833333333332,-1.6833333333333333,49.666666666666664
2025-01-12 01:00:00,1.4166666666666667,199.33333333333334,757.7833333333333,-1.0166666666666668,47.833333333333336
2025-01-12 02:00:00,0.7666666666666666,210.33333333333334,757.9166666666666,-1.4000000000000001,49.5
2025-01-12 03:00:00,1.25,206.16666666666666,758.0500000000001,-1.5999999999999999,48.333333333333336
2025-01-12 04:00:00,0.65,243.83333333333334,758.5,-0.2333333333333333,46.333333333333336
2025-01-12 05:00:00,1.5166666666666666,247.83333333333334,758.8333333333334,1.3499999999999999,46.5
2025-01-12 06:00:00,1.1166666666666667,242.66666666666666,759.0333333333333,1.6833333333333333,48.333333333333336
2025-01-12 07:00:00,2.0833333333333335,246.33333333333334,758.9,1.75,50.666666666666664
2025-01-12 08:00:00,2.1,233.16666666666666,758.6500000000001,-0.4000000000000001,83.33333333333333
2025-01-12 09:00:00,1.6500000000000001,239.16666666666666,758.1333333333333,-0.09999999999999998,98.83333333333333
2025-01-12 10:00:00,4.916666666666667,251.33333333333334,757.7166666666667,0.8333333333333334,91.16666666666667
2025-01-12 11:00:00,3.016666666666667,252.0,757.9166666666666,-0.9666666666666667,100.0
2025-01-12 12:00:00,0.8500000000000001,239.16666666666666,757.8166666666666,-0.6166666666666667,100.0
2025-01-12 13:00:00,0.2833333333333333,242.66666666666666,757.8333333333334,-1.2166666666666666,100.0
2025-01-12 14:00:00,0.5,230.66666666666666,758.0666666666666,-1.3,100.0
2025-01-12 15:00:00,1.0999999999999999,215.16666666666666,758.2833333333333,-2.6,95.16666666666667
2025-01-12 16:00:00,1.0833333333333333,215.0,758.4499999999999,-2.966666666666667,98.33333333333333
2025-01-12 17:00:00,0.45,239.5,758.6666666666666,-2.4,100.0
2025-01-12 18:00:00,1.1666666666666667,251.16666666666666,758.7999999999998,-1.5833333333333333,100.0
2025-01-12 19:00:00,1.8499999999999999,245.66666666666666,758.7999999999998,-2.5833333333333335,100.0
2025-01-12 20:00:00,0.6833333333333332,248.66666666666666,758.6333333333333,-3.0833333333333335,100.0
2025-01-12 21:00:00,0.25,233.16666666666666,758.3333333333334,-4.166666666666667,100.0
2025-01-12 22:00:00,0.5,230.66666666666666,758.1500000000001,-3.3833333333333333,100.0
2025-01-12 23:00:00,0.6,213.83333333333334,758.0,-3.983333333333333,99.16666666666667
2025-01-13 00:00:00,0.9666666666666667,233.0,757.9499999999999,-3.5,100.0
2025-01-13 01:00:00,5.616666666666667,202.66666666666666,757.7166666666667,-2.6833333333333336,86.33333333333333
2025-01-13 02:00:00,8.166666666666666,205.0,757.8333333333334,-2.4166666666666665,77.5
2025-01-13 03:00:00,9.65,198.16666666666666,757.75,-2.3666666666666667,70.0
2025-01-13 04:00:00,7.366666666666667,202.33333333333334,758.35,-2.25,66.83333333333333
2025-01-13 05:00:00,8.733333333333333,202.83333333333334,758.6333333333333,-1.4500000000000002,62.333333333333336
2025-01-13 06:00:00,2.766666666666667,211.33333333333334,759.3000000000001,0.5666666666666667,50.5
2025-01-13 07:00:00,1.2833333333333334,217.33333333333334,759.4333333333334,1.5,51.333333333333336
2025-01-13 08:00:00,1.3,209.66666666666666,759.1666666666666,1.6333333333333335,50.333333333333336
2025-01-13 09:00:00,1.6166666666666665,210.5,758.7333333333332,2.0333333333333337,60.0
2025-01-13 10:00:00,1.3166666666666667,214.0,758.5166666666668,0.7833333333333333,68.5
2025-01-13 11:00:00,1.75,224.5,758.6166666666667,-0.7166666666666667,96.0
2025-01-13 12:00:00,0.9333333333333332,237.5,758.7833333333333,-0.2833333333333333,86.66666666666667
2025-01-13 13:00:00,2.566666666666667,239.5,758.9333333333334,-0.4333333333333333,79.5
2025-01-13 14:00:00,1.8166666666666667,245.0,759.25,-0.8833333333333333,83.33333333333333
2025-01-13 15:00:00,0.6666666666666666,228.16666666666666,759.5666666666666,-1.1500000000000001,89.16666666666667
2025-01-13 16:00:00,2.5,215.66666666666666,759.6833333333334,-1.2833333333333334,81.83333333333333
2025-01-13 17:00:00,0.6833333333333332,223.66666666666666,759.8000000000001,-1.9333333333333333,82.33333333333333
2025-01-13 18:00:00,0.5,233.66666666666666,759.9,-3.0833333333333335,79.0
2025-01-13 19:00:00,0.2833333333333333,234.0,759.9333333333334,-3.85,80.66666666666667
2025-01-13 20:00:00,0.016666666666666666,239.16666666666666,759.6999999999999,-3.4333333333333336,83.16666666666667
2025-01-13 21:00:00,0.16666666666666666,223.66666666666666,759.4333333333334,-3.8833333333333333,86.16666666666667
2025-01-13 22:00:00,0.9333333333333332,215.5,759.4666666666667,-4.283333333333334,90.83333333333333
2025-01-13 23:00:00,0.15,243.16666666666666,759.4333333333334,-4.683333333333334,92.16666666666667
2025-01-14 00:00:00,0.2333333333333333,218.0,759.1833333333334,-4.816666666666666,80.5
2025-01-14 01:00:00,0.5166666666666667,209.5,758.8666666666667,-5.033333333333333,73.0
2025-01-14 02:00:00,0.7666666666666666,225.16666666666666,758.9833333333332,-4.166666666666667,66.66666666666667
2025-01-14 03:00:00,0.08333333333333333,230.0,759.3666666666667,-5.1499999999999995,70.5
2025-01-14 04:00:00,0.19999999999999998,231.0,759.8666666666667,-3.5500000000000003,66.16666666666667
2025-01-14 05:00:00,0.7999999999999999,232.5,760.2166666666667,-0.6166666666666667,49.0
2025-01-14 06:00:00,1.8333333333333333,236.33333333333334,760.6999999999999,0.3166666666666667,48.5
2025-01-14 07:00:00,0.9333333333333332,218.66666666666666,761.15,1.0,51.0
2025-01-14 08:00:00,1.0166666666666666,213.16666666666666,760.7166666666667,2.0,47.5
2025-01-14 09:00:00,2.283333333333333,217.66666666666666,760.1,2.2333333333333334,50.333333333333336
2025-01-14 10:00:00,2.3666666666666667,224.16666666666666,759.6999999999999,2.3833333333333333,53.0
2025-01-14 11:00:00,3.1166666666666667,225.0,759.5500000000001,2.266666666666667,55.166666666666664
2025-01-14 12:00:00,3.1833333333333336,232.0,759.8000000000001,1.5166666666666666,61.666666666666664
2025-01-14 13:00:00,2.2666666666666666,234.16666666666666,759.9499999999999,-0.15,75.5
2025-01-14 14:00:00,2.15,242.5,760.25,-1.7166666666666668,89.83333333333333
2025-01-14 15:00:00,1.0666666666666667,237.5,760.6500000000001,-2.316666666666667,96.33333333333333
2025-01-14 16:00:00,0.11666666666666665,236.0,760.5833333333334,-2.0833333333333335,82.5
2025-01-14 17:00:00,0.16666666666666666,223.83333333333334,760.6500000000001,-2.566666666666667,73.16666666666667
2025-01-14 18:00:00,0.5333333333333333,219.0,760.6,-2.6999999999999997,76.33333333333333
2025-01-14 19:00:00,,219.66666666666669,760.4416666666666,-3.1999999999999997,77.58333333333333
2025-01-14 20:00:00,0.15,220.33333333333334,760.2833333333333,-3.6999999999999997,78.83333333333333
2025-01-14 21:00:00,0.13333333333333333,221.33333333333334,760.0833333333334,-3.466666666666667,71.33333333333333
2025-01-14 22:00:00,0.5833333333333334,219.16666666666666,760.0500000000001,-3.033333333333333,56.5
2025-01-14 23:00:00,0.20000000000000004,207.33333333333334,760.0166666666668,-3.9333333333333336,57.666666666666664
2025-01-15 00:00:00,0.4666666666666666,208.33333333333334,759.85,-4.033333333333333,59.666666666666664
2025-01-15 01:00:00,0.16666666666666666,228.33333333333334,759.4666666666667,-3.15,50.666666666666664
2025-01-15 02:00:00,0.26666666666666666,225.33333333333334,759.5166666666668,-3.216666666666667,50.5
2025-01-15 03:00:00,0.08333333333333333,227.5,759.8833333333333,-3.016666666666667,49.5
2025-01-15 04:00:00,0.75,228.0,760.0500000000001,-2.983333333333333,51.833333333333336
2025-01-15 05:00:00,2.1666666666666665,247.5,760.4333333333334,-0.6166666666666667,47.666666666666664
2025-01-15 06:00:00,2.033333333333333,249.83333333333334,760.6833333333334,0.38333333333333336,48.0
2025-01-15 07:00:00,2.2666666666666666,249.0,760.6333333333333,1.5666666666666667,46.5
2025-01-15 08:00:00,2.15,230.16666666666666,760.1166666666667,2.033333333333333,51.5
2025-01-15 09:00:00,3.1166666666666667,229.5,759.5833333333334,1.95,51.5
2025-01-15 10:00:00,2.9333333333333336,222.83333333333334,759.2833333333333,2.1,50.5
2025-01-15 11:00:00,2.6,229.83333333333334,759.1333333333333,2.65,49.0
2025-01-15 12:00:00,2.4,227.33333333333334,758.8833333333333,2.3666666666666667,48.5
2025-01-15 13:00:00,2.0500000000000003,237.33333333333334,758.7166666666667,0.5333333333333333,53.666666666666664
2025-01-15 14:00:00,1.6333333333333335,253.5,758.9166666666666,-1.0333333333333334,59.166666666666664
2025-01-15 15:00:00,0.7333333333333333,244.16666666666666,759.2666666666668,-1.6833333333333333,62.833333333333336
2025-01-15 16:00:00,0.08333333333333333,234.16666666666666,759.2000000000002,-1.4666666666666668,62.833333333333336
2025-01-15 17:00:00,0.03333333333333333,242.0,759.2333333333332,-1.1666666666666667,59.0
2025-01-15 18:00:00,0.0,222.66666666666666,759.2999999999998,-1.6833333333333333,61.5
2025-01-15 19:00:00,0.08333333333333333,230.16666666666666,759.2166666666667,-1.6666666666666667,57.666666666666664
2025-01-15 20:00:00,0.016666666666666666,238.16666666666666,759.0166666666668,-2.1,56.5
2025-01-15 21:00:00,0.0,242.16666666666666,758.6333333333333,-2.216666666666667,55.666666666666664
2025-01-15 22:00:00,0.4333333333333333,241.16666666666666,758.3333333333334,-1.9166666666666667,53.166666666666664
2025-01-15 23:00:00,0.36666666666666664,229.16666666666666,758.1,-2.066666666666667,52.333333333333336
2025-01-16 00:00:00,0.25,240.83333333333334,757.9,-2.5500000000000003,54.166666666666664
2025-01-16 01:00:00,0.3666666666666667,212.66666666666666,757.6333333333333,-3.4,57.666666666666664
2025-01-16 02:00:00,0.3833333333333333,217.5,757.3000000000001,-3.15,56.833333333333336
2025-01-16 03:00:00,0.26666666666666666,216.16666666666666,757.4499999999999,-3.8000000000000003,58.5
2025-01-16 04:00:00,1.0,217.5,757.75,-2.433333333333333,54.666666666666664
2025-01-16 05:00:00,0.5666666666666667,234.83333333333334,757.7833333333333,0.8666666666666667,46.5
2025-01-16 06:00:00,0.8666666666666667,223.33333333333334,757.6666666666666,1.5833333333333333,43.833333333333336
2025-01-16 07:00:00,2.4166666666666665,232.83333333333334,757.4,1.3166666666666667,50.5
2025-01-16 08:00:00,3.3166666666666664,233.5,756.8666666666667,1.6833333333333333,47.0
2025-01-16 09:00:00,4.95,239.33333333333334,756.0833333333334,1.7666666666666666,47.5
2025-01-16 10:00:00,5.433333333333334,247.16666666666666,755.6,2.033333333333333,45.833333333333336
2025-01-16 11:00:00,5.7,242.83333333333334,755.2166666666667,2.2333333333333334,37.166666666666664
2025-01-16 12:00:00,6.933333333333334,249.33333333333334,755.1166666666667,1.5333333333333332,32.833333333333336
2025-01-16 13:00:00,6.033333333333334,252.16666666666666,755.3333333333334,0.43333333333333335,37.0
2025-01-16 14:00:00,2.65,246.5,755.4666666666667,-0.75,42.0
2025-01-16 15:00:00,1.05,229.5,755.7333333333332,-1.7,48.666666666666664
2025-01-16 16:00:00,5.183333333333334,192.83333333333334,755.7333333333332,-1.7,51.666666666666664
2025-01-16 17:00:00,6.5,195.0,755.6666666666666,-2.3333333333333335,54.666666666666664
2025-01-16 18:00:00,7.816666666666666,200.5,755.4833333333332,-2.5166666666666666,54.333333333333336
2025-01-16 19:00:00,9.200000000000001,202.0,755.3666666666667,-2.9499999999999997,56.166666666666664
2025-01-16 20:00:00,10.450000000000001,199.33333333333334,755.0,-3.283333333333333,57.666666666666664
2025-01-16 21:00:00,10.383333333333333,206.16666666666666,754.7333333333332,-3.6166666666666667,58.833333333333336
2025-01-16 22:00:00,11.35,201.0,754.5500000000001,-3.6833333333333336,58.333333333333336
2025-01-16 23:00:00,10.700000000000001,203.33333333333334,754.4333333333334,-3.4,55.5
2025-01-17 00:00:00,8.483333333333334,214.0,754.4,-3.65,56.666666666666664
2025-01-17 01:00:00,7.3999999999999995,219.66666666666666,754.5666666666666,-3.9333333333333336,59.333333333333336
2025-01-17 02:00:00,7.45,212.66666666666666,754.8166666666666,-4.0,61.0
2025-01-17 03:00:00,8.75,205.33333333333334,755.15,-3.8000000000000003,59.0
2025-01-17 04:00:00,8.283333333333333,203.33333333333334,755.6,-3.3833333333333333,57.833333333333336
2025-01-17 05:00:00,5.8,205.5,756.1166666666667,-2.25,52.0
2025-01-17 06:00:00,6.966666666666666,204.5,756.4333333333334,-2.4833333333333334,59.666666666666664
2025-01-17 07:00:00,6.3500000000000005,204.83333333333334,756.5666666666666,-2.316666666666667,63.0
2025-01-17 08:00:00,5.616666666666667,198.83333333333334,756.1166666666667,-1.8666666666666665,59.5
2025-01-17 09:00:00,5.883333333333333,198.83333333333334,755.3833333333333,-1.5833333333333333,55.5
2025-01-17 10:00:00,4.916666666666667,200.16666666666666,754.9666666666667,-1.6499999999999997,56.333333333333336
2025-01-17 11:00:00,2.75,210.66666666666666,755.1,-2.5166666666666666,64.16666666666667
2025-01-17 12:00:00,4.583333333333333,201.66666666666666,755.1666666666666,-3.0,62.333333333333336
2025-01-17 13:00:00,5.683333333333334,199.66666666666666,755.1333333333333,-3.5500000000000003,66.5
2025-01-17 14:00:00,5.816666666666666,199.16666666666666,755.1999999999999,-4.216666666666667,66.16666666666667
2025-01-17 15:00:00,6.8,198.83333333333334,755.5666666666666,-4.266666666666667,63.333333333333336
2025-01-17 16:00:00,8.416666666666666,196.66666666666666,755.6166666666667,-4.816666666666666,67.5
2025-01-17 17:00:00,4.45,217.16666666666666,755.6166666666667,-4.783333333333333,68.0
2025-01-17 18:00:00,3.0499999999999994,223.33333333333334,755.5,-4.75,63.666666666666664
2025-01-17 19:00:00,4.4,195.33333333333334,755.4499999999999,-5.033333333333333,61.166666666666664
2025-01-17 20:00:00,0.8333333333333334,221.0,755.4166666666666,-6.1000000000000005,82.5
2025-01-17 21:00:00,1.5,236.83333333333334,755.0333333333333,-6.3500000000000005,74.83333333333333
2025-01-17 22:00:00,0.3666666666666667,239.5,754.8833333333333,-5.8500000000000005,72.16666666666667
2025-01-17 23:00:00,0.9,254.0,754.7166666666667,-5.816666666666666,72.83333333333333
2025-01-18 00:00:00,0.2833333333333333,229.5,754.5,-7.033333333333334,90.0
2025-01-18 01:00:00,0.35000000000000003,224.16666666666666,754.2999999999998,-8.200000000000001,97.66666666666667
2025-01-18 02:00:00,0.5833333333333334,243.33333333333334,754.4,-8.65,100.0
2025-01-18 03:00:00,0.20000000000000004,220.0,754.6,-8.0,98.0
2025-01-18 04:00:00,0.9,197.5,754.8666666666667,-7.383333333333333,97.0
2025-01-18 05:00:00,0.3166666666666667,223.66666666666666,755.0166666666668,-4.883333333333334,83.83333333333333
2025-01-18 06:00:00,1.3666666666666665,230.83333333333334,755.1500000000001,-4.816666666666666,86.83333333333333
2025-01-18 07:00:00,2.6999999999999997,235.16666666666666,754.9666666666667,-4.066666666666666,86.0
2025-01-18 08:00:00,1.9333333333333333,242.66666666666666,754.3333333333334,-5.316666666666666,99.8
2025-01-18 09:00:00,1.54,257.6,753.6800000000001,-4.76,99.80588235294117
2025-01-18 10:00:00,,256.875,753.5383333333334,-4.757499999999999,99.81176470588235
2025-01-18 11:00:00,,256.15000000000003,753.3966666666668,-4.755,
2025-01-18 12:00:00,,,,,
2025-01-18 13:00:00,,,,,
2025-01-18 14:00:00,,,,,
2025-01-18 15:00:00,,,,,
2025-01-18 16:00:00,,,,,
2025-01-18 17:00:00,,,,,
2025-01-18 18:00:00,,,,,
2025-01-18 19:00:00,,,,,
2025-01-18 20:00:00,,,,,
2025-01-18 21:00:00,,,,,
2025-01-18 22:00:00,,,,,
2025-01-18 23:00:00,,,,,
2025-01-19 00:00:00,,,,,
2025-01-19 01:00:00,,,,,
2025-01-19 02:00:00,,,,,
2025-01-19 03:00:00,,,,,
2025-01-19 04:00:00,,,,,
2025-01-19 05:00:00,,,,,
2025-01-19 06:00:00,,,,,
2025-01-19 07:00:00,,,,,
2025-01-19 08:00:00,,,,,
2025-01-19 09:00:00,2.6599999999999997,240.2,750.28,-4.7,
2025-01-19 10:00:00,2.1666666666666665,241.5,749.9166666666666,-4.7,
2025-01-19 11:00:00,2.183333333333333,236.33333333333334,749.6500000000001,-5.083333333333333,
2025-01-19 12:00:00,3.766666666666667,247.33333333333334,749.6,-5.233333333333333,
2025-01-19 13:00:00,4.733333333333333,249.5,749.7666666666668,-5.133333333333333,
2025-01-19 14:00:00,3.8833333333333333,251.83333333333334,750.0500000000001,-5.166666666666667,
2025-01-19 15:00:00,3.266666666666667,246.66666666666666,750.25,-5.283333333333334,
2025-01-19 16:00:00,1.1166666666666667,240.16666666666666,750.4833333333332,-5.95,
2025-01-19 17:00:00,0.016666666666666666,221.33333333333334,750.25,-7.6000000000000005,
2025-01-19 18:00:00,0.3333333333333333,209.33333333333334,750.1,-9.433333333333334,100.0
2025-01-19 19:00:00,0.06666666666666667,230.16666666666666,750.0166666666668,-9.016666666666666,100.0
2025-01-19 20:00:00,0.31666666666666665,198.33333333333334,750.0166666666668,-11.35,100.0
2025-01-19 21:00:00,0.05000000000000001,235.0,749.9499999999999,-10.283333333333333,100.0
2025-01-19 22:00:00,0.4166666666666667,209.66666666666666,750.0333333333333,-10.75,100.0
2025-01-19 23:00:00,0.26666666666666666,226.33333333333334,750.0833333333334,-9.666666666666666,100.0
2025-01-20 00:00:00,0.3333333333333333,229.0,750.0333333333333,-9.366666666666665,100.0
2025-01-20 01:00:00,0.2333333333333333,229.83333333333334,749.9833333333332,-8.983333333333333,100.0
2025-01-20 02:00:00,0.7666666666666666,239.83333333333334,750.1333333333333,-8.4,100.0
2025-01-20 03:00:00,0.3166666666666667,216.16666666666666,750.6,-9.566666666666666,99.5
2025-01-20 04:00:00,0.15,233.5,751.0500000000001,-8.15,97.16666666666667
2025-01-20 05:00:00,0.016666666666666666,240.83333333333334,751.5333333333333,-5.45,76.33333333333333
2025-01-20 06:00:00,0.0,228.66666666666666,751.9833333333332,-3.6333333333333333,67.5
2025-01-20 07:00:00,0.19999999999999998,219.0,752.1999999999999,-2.5833333333333335,60.333333333333336
2025-01-20 08:00:00,2.4833333333333334,236.83333333333334,751.8166666666666,-3.733333333333333,73.33333333333333
2025-01-20 09:00:00,3.35,248.66666666666666,751.4499999999999,-4.783333333333333,94.83333333333333
2025-01-20 10:00:00,3.0500000000000003,254.66666666666666,751.4333333333334,-5.633333333333333,100.0
2025-01-20 11:00:00,1.95,254.0,751.4,-5.050000000000001,100.0
2025-01-20 12:00:00,1.5333333333333332,252.33333333333334,751.6500000000001,-4.983333333333333,99.33333333333333
2025-01-20 13:00:00,0.26666666666666666,237.0,751.8666666666667,-5.75,97.66666666666667
2025-01-20 14:00:00,0.06666666666666667,240.83333333333334,752.4333333333334,-6.483333333333333,100.0
2025-01-20 15:00:00,1.5666666666666667,210.0,752.8499999999999,-8.15,87.33333333333333
2025-01-20 16:00:00,0.7999999999999999,233.16666666666666,753.0833333333334,-7.733333333333333,80.66666666666667
2025-01-20 17:00:00,1.8166666666666667,197.83333333333334,753.3333333333334,-8.683333333333334,75.0
2025-01-20 18:00:00,1.0,240.5,753.6,-8.15,71.16666666666667
2025-01-20 19:00:00,2.0833333333333335,228.83333333333334,753.8000000000001,-7.333333333333333,74.83333333333333
2025-01-20 20:00:00,4.066666666666666,198.33333333333334,753.7999999999998,-6.116666666666666,66.83333333333333
2025-01-20 21:00:00,4.933333333333334,193.83333333333334,753.6166666666667,-6.383333333333333,63.333333333333336
2025-01-20 22:00:00,5.1,196.5,753.7666666666668,-6.566666666666666,66.16666666666667
2025-01-20 23:00:00,4.783333333333333,196.5,754.0166666666668,-7.033333333333334,67.0
2025-01-21 00:00:00,6.666666666666667,192.5,754.0,-7.033333333333334,72.83333333333333
2025-01-21 01:00:00,1.9000000000000001,213.66666666666666,754.2333333333332,-7.3,63.666666666666664
2025-01-21 02:00:00,0.9500000000000001,228.0,754.7333333333332,-9.383333333333333,69.66666666666667
2025-01-21 03:00:00,1.4666666666666668,236.83333333333334,755.2166666666667,-9.216666666666667,72.83333333333333
2025-01-21 04:00:00,1.3,251.83333333333334,755.75,-8.683333333333334,69.16666666666667
2025-01-21 05:00:00,1.1333333333333333,248.0,756.4666666666667,-5.6499999999999995,59.5
2025-01-21 06:00:00,1.5333333333333332,238.33333333333334,757.1166666666667,-3.716666666666667,53.0
2025-01-21 07:00:00,1.6833333333333333,229.0,757.4333333333334,-2.9333333333333336,51.5
2025-01-21 08:00:00,1.0666666666666667,225.0,757.3000000000001,-1.9166666666666667,49.333333333333336
2025-01-21 09:00:00,0.9833333333333334,225.33333333333334,757.1666666666666,-1.0,48.0
2025-01-21 10:00:00,0.8666666666666667,225.0,757.1166666666667,-0.65,49.333333333333336
2025-01-21 11:00:00,4.383333333333334,210.16666666666666,757.1666666666666,-2.3000000000000003,50.166666666666664
2025-01-21 12:00:00,5.783333333333334,208.0,757.6,-3.15,50.833333333333336
2025-01-21 13:00:00,6.3,206.66666666666666,758.1333333333333,-3.766666666666667,49.333333333333336
2025-01-21 14:00:00,8.216666666666667,200.33333333333334,758.6666666666666,-5.066666666666666,59.0
2025-01-21 15:00:00,7.916666666666667,199.0,759.2666666666668,-5.216666666666667,59.5
2025-01-21 16:00:00,5.3,219.0,759.7166666666667,-4.683333333333334,50.666666666666664
2025-01-21 17:00:00,2.1333333333333333,242.33333333333334,760.1833333333334,-5.716666666666666,47.833333333333336
2025-01-21 18:00:00,2.516666666666667,231.83333333333334,760.5166666666668,-4.8500000000000005,37.333333333333336
2025-01-21 19:00:00,2.1,232.33333333333334,760.9166666666666,-4.5,32.0
2025-01-21 20:00:00,1.5833333333333333,222.5,761.1666666666666,-5.3999999999999995,32.166666666666664
2025-01-21 21:00:00,2.1,230.16666666666666,761.2166666666667,-6.800000000000001,40.0
2025-01-21 22:00:00,0.6166666666666667,228.33333333333334,761.3166666666666,-7.166666666666667,37.5
2025-01-21 23:00:00,0.8166666666666668,214.0,761.6,-7.933333333333334,40.0
2025-01-22 00:00:00,1.0999999999999999,209.16666666666666,761.6999999999999,-8.0,42.333333333333336
2025-01-22 01:00:00,1.1666666666666667,204.83333333333334,761.6999999999999,-8.666666666666666,43.0
2025-01-22 02:00:00,0.7333333333333333,213.5,762.0833333333334,-8.75,42.5
2025-01-22 03:00:00,0.7166666666666667,210.16666666666666,762.5166666666668,-8.283333333333333,37.666666666666664
2025-01-22 04:00:00,0.9166666666666666,231.5,762.9,-6.966666666666666,35.166666666666664
2025-01-22 05:00:00,0.3666666666666667,253.83333333333334,763.4499999999999,-2.283333333333333,29.166666666666668
2025-01-22 06:00:00,0.13333333333333333,232.5,763.8166666666666,0.26666666666666666,27.333333333333332
2025-01-22 07:00:00,0.8500000000000001,221.16666666666666,763.6833333333334,0.9500000000000001,26.5
2025-01-22 08:00:00,1.75,226.66666666666666,763.6999999999999,-0.25,42.833333333333336
2025-01-22 09:00:00,1.05,235.16666666666666,763.0666666666666,1.2166666666666668,40.5
2025-01-22 10:00:00,1.6500000000000001,228.33333333333334,762.8833333333333,0.7333333333333334,49.5
2025-01-22 11:00:00,1.3166666666666667,229.5,762.7666666666668,1.0,51.5
2025-01-22 12:00:00,0.5333333333333333,238.66666666666666,763.0333333333333,1.0166666666666666,51.333333333333336
2025-01-22 13:00:00,2.0500000000000003,236.83333333333334,763.3333333333334,-1.9000000000000001,63.5
2025-01-22 14:00:00,1.0166666666666666,245.83333333333334,763.5500000000001,-4.416666666666667,75.33333333333333
2025-01-22 15:00:00,1.0666666666666667,250.83333333333334,763.6833333333334,-4.416666666666667,67.0
2025-01-22 16:00:00,0.7833333333333333,221.66666666666666,764.1166666666667,-4.283333333333333,37.833333333333336
2025-01-22 17:00:00,0.6333333333333333,222.66666666666666,764.5833333333334,-4.883333333333333,45.5
2025-01-22 18:00:00,1.6500000000000001,239.33333333333334,764.5666666666666,-4.6000000000000005,49.333333333333336
2025-01-22 19:00:00,0.7000000000000001,222.83333333333334,764.6999999999999,-5.316666666666666,45.0
2025-01-22 20:00:00,0.5666666666666667,244.5,764.75,-5.75,46.833333333333336
2025-01-22 21:00:00,1.0833333333333333,243.16666666666666,764.1833333333334,-5.766666666666667,38.833333333333336
2025-01-22 22:00:00,0.7166666666666667,219.16666666666666,763.7999999999998,-5.3999999999999995,25.333333333333332
2025-01-22 23:00:00,0.9666666666666668,251.16666666666666,763.7999999999998,-4.833333333333333,29.166666666666668
2025-01-23 00:00:00,0.6166666666666667,224.83333333333334,763.6166666666667,-7.05,34.333333333333336
2025-01-23 01:00:00,1.5666666666666667,244.33333333333334,763.1500000000001,-4.8999999999999995,25.0
2025-01-23 02:00:00,1.0999999999999999,238.83333333333334,763.3166666666666,-5.033333333333333,23.5
2025-01-23 03:00:00,1.5833333333333333,254.16666666666666,763.5833333333334,-5.3500000000000005,23.333333333333332
2025-01-23 04:00:00,0.3,237.16666666666666,763.8666666666667,-3.8833333333333333,22.666666666666668
2025-01-23 05:00:00,1.8166666666666667,248.66666666666666,764.1833333333334,-2.533333333333333,26.333333333333332
2025-01-23 06:00:00,0.75,248.5,764.4166666666666,-1.0666666666666667,24.166666666666668
2025-01-23 07:00:00,1.0333333333333334,226.66666666666666,764.4666666666667,0.39999999999999997,27.666666666666668
2025-01-23 08:00:00,2.15,245.5,764.1999999999999,0.4666666666666666,29.833333333333332
2025-01-23 09:00:00,2.35,247.66666666666666,763.5166666666668,1.2,26.0
2025-01-23 10:00:00,2.033333333333333,231.66666666666666,762.8333333333334,2.0833333333333335,26.5
2025-01-23 11:00:00,1.9333333333333333,235.83333333333334,762.7833333333333,0.03333333333333335,42.166666666666664
2025-01-23 12:00:00,1.8999999999999997,247.5,762.6166666666667,-0.03333333333333334,41.666666666666664
2025-01-23 13:00:00,1.5,251.66666666666666,762.25,-0.6666666666666666,37.666666666666664
2025-01-23 14:00:00,1.1833333333333333,239.83333333333334,762.2666666666668,-2.2666666666666666,45.666666666666664
2025-01-23 15:00:00,1.4666666666666668,248.16666666666666,762.1166666666667,-2.0833333333333335,45.5
2025-01-23 16:00:00,2.1999999999999997,242.0,762.0166666666668,-1.9666666666666668,31.833333333333332
2025-01-23 17:00:00,2.1666666666666665,242.16666666666666,762.0,-3.4499999999999997,40.333333333333336
2025-01-23 18:00:00,2.066666666666667,253.33333333333334,761.9666666666667,-4.983333333333333,56.333333333333336
2025-01-23 19:00:00,1.5166666666666666,242.33333333333334,761.5666666666666,-3.283333333333333,21.833333333333332
2025-01-23 20:00:00,0.7000000000000001,227.66666666666666,761.4666666666667,-4.616666666666666,20.5
2025-01-23 21:00:00,1.0,223.0,761.1500000000001,-5.216666666666667,21.166666666666668
2025-01-23 22:00:00,2.4499999999999997,232.0,760.9499999999999,-4.166666666666667,17.833333333333332
2025-01-23 23:00:00,1.7,244.0,760.6166666666667,-3.75,20.833333333333332
2025-01-24 00:00:00,0.8833333333333334,239.33333333333334,760.1,-3.5666666666666664,23.333333333333332
2025-01-24 01:00:00,0.6666666666666666,247.83333333333334,759.8833333333333,-3.6,25.833333333333332
2025-01-24 02:00:00,0.7833333333333333,241.5,759.9,-3.8000000000000003,28.166666666666668
2025-01-24 03:00:00,0.5,210.0,760.0833333333334,-5.116666666666666,32.833333333333336
2025-01-24 04:00:00,0.03333333333333333,242.66666666666666,760.2333333333332,-2.9499999999999997,27.833333333333332
2025-01-24 05:00:00,1.05,246.66666666666666,760.4499999999999,-0.08333333333333337,23.0
2025-01-24 06:00:00,1.5833333333333333,216.5,760.6666666666666,1.45,15.833333333333334
2025-01-24 07:00:00,1.3833333333333335,229.66666666666666,760.6166666666667,2.0,16.333333333333332
2025-01-24 08:00:00,1.4833333333333334,221.5,759.9833333333332,2.766666666666667,17.0
2025-01-24 09:00:00,1.7833333333333332,238.5,759.35,2.3833333333333333,29.5
2025-01-24 10:00:00,1.6166666666666665,233.66666666666666,758.85,2.1333333333333333,29.5
2025-01-24 11:00:00,2.0166666666666666,234.33333333333334,758.65,1.55,29.666666666666668
2025-01-24 12:00:00,1.4333333333333333,237.66666666666666,758.3666666666667,1.5999999999999999,29.166666666666668
2025-01-24 13:00:00,1.4000000000000001,234.66666666666666,758.3833333333333,-0.5166666666666666,36.166666666666664
2025-01-24 14:00:00,1.1666666666666667,246.16666666666666,758.75,-2.5166666666666666,42.333333333333336
2025-01-24 15:00:00,1.0999999999999999,244.5,758.8666666666667,-2.8000000000000003,44.166666666666664
2025-01-24 16:00:00,0.43333333333333335,234.66666666666666,758.8833333333333,-2.5833333333333335,41.0
2025-01-24 17:00:00,0.2333333333333333,234.5,759.1,-3.4166666666666665,44.0
2025-01-24 18:00:00,0.2833333333333334,233.16666666666666,759.1,-3.7166666666666663,44.0
2025-01-24 19:00:00,0.6,227.16666666666666,758.7166666666667,-3.8000000000000003,47.333333333333336
2025-01-24 20:00:00,1.55,231.5,758.4666666666667,-1.9833333333333334,37.666666666666664
2025-01-24 21:00:00,0.9333333333333332,229.33333333333334,758.4,-1.2166666666666666,39.666666666666664
2025-01-24 22:00:00,1.6166666666666665,214.0,757.9833333333332,-0.8166666666666668,50.833333333333336
2025-01-24 23:00:00,1.6166666666666665,246.0,757.7333333333332,-3.4333333333333336,47.5
2025-01-25 00:00:00,1.6500000000000001,252.33333333333334,757.5,-4.083333333333333,52.166666666666664
2025-01-25 01:00:00,0.2833333333333334,223.0,757.3166666666666,-5.3500000000000005,55.666666666666664
2025-01-25 02:00:00,1.5666666666666667,253.0,757.2166666666667,-4.016666666666667,51.666666666666664
2025-01-25 03:00:00,1.6333333333333335,244.5,757.6,-3.25,51.666666666666664
2025-01-25 04:00:00,0.5333333333333333,250.33333333333334,758.1333333333333,-2.85,43.0
2025-01-25 05:00:00,1.1166666666666667,246.0,758.4666666666667,-0.2833333333333334,42.5
2025-01-25 06:00:00,1.8,238.5,758.5333333333333,1.7166666666666668,37.5
2025-01-25 07:00:00,1.9333333333333333,252.0,758.75,0.7666666666666666,37.833333333333336
2025-01-25 08:00:00,1.6333333333333335,243.0,758.4166666666666,0.5333333333333333,38.666666666666664
2025-01-25 09:00:00,1.3166666666666667,217.33333333333334,757.9333333333334,1.0666666666666667,38.166666666666664
2025-01-25 10:00:00,1.7666666666666666,236.33333333333334,757.3833333333333,2.0,38.833333333333336
2025-01-25 11:00:00,1.75,233.0,757.3333333333334,1.5166666666666666,36.833333333333336
2025-01-25 12:00:00,0.31666666666666665,223.66666666666666,757.2999999999998,2.4333333333333336,33.666666666666664
2025-01-25 13:00:00,2.4499999999999997,240.66666666666666,757.6833333333334,0.26666666666666666,39.166666666666664
2025-01-25 14:00:00,1.95,211.0,757.8499999999999,-1.3166666666666667,56.5
2025-01-25 15:00:00,1.2833333333333334,243.5,758.25,-1.9166666666666667,57.333333333333336
2025-01-25 16:00:00,1.0999999999999999,242.66666666666666,758.5166666666668,-2.1166666666666667,61.666666666666664
2025-01-25 17:00:00,0.8333333333333334,232.5,758.6500000000001,-2.533333333333333,60.5
2025-01-25 18:00:00,0.16666666666666666,242.16666666666666,758.6,-2.966666666666667,62.166666666666664
2025-01-25 19:00:00,0.05000000000000001,219.5,758.5833333333334,-2.5,61.833333333333336
2025-01-25 20:00:00,1.4166666666666667,246.16666666666666,758.7666666666668,-1.9666666666666668,61.833333333333336
2025-01-25 21:00:00,0.9499999999999998,226.16666666666666,758.6833333333334,-2.983333333333333,82.0
2025-01-25 22:00:00,1.4833333333333334,246.16666666666666,758.6,-3.4,100.0
2025-01-25 23:00:00,0.65,233.33333333333334,758.6,-3.0833333333333335,100.0
2025-01-26 00:00:00,0.75,237.83333333333334,758.3333333333334,-4.216666666666667,100.0
2025-01-26 01:00:00,1.8999999999999997,226.66666666666666,758.4166666666666,-4.45,100.0
2025-01-26 02:00:00,0.48333333333333334,241.5,758.6833333333334,-3.783333333333333,100.0
2025-01-26 03:00:00,0.11666666666666668,234.5,759.2833333333333,-2.6999999999999997,100.0
2025-01-26 04:00:00,0.05000000000000001,232.33333333333334,759.65,-1.7333333333333334,94.33333333333333
2025-01-26 05:00:00,1.6500000000000001,250.33333333333334,759.9333333333334,-0.65,69.16666666666667
2025-01-26 06:00:00,2.3000000000000003,240.66666666666666,760.35,-0.48333333333333334,69.83333333333333
2025-01-26 07:00:00,2.8833333333333333,238.5,760.3666666666667,0.19999999999999998,59.0
2025-01-26 08:00:00,3.6166666666666667,236.66666666666666,759.9,0.2333333333333333,58.166666666666664
2025-01-26 09:00:00,5.216666666666666,248.66666666666666,759.2166666666667,0.6666666666666666,55.166666666666664
2025-01-26 10:00:00,5.183333333333334,252.33333333333334,758.75,0.9666666666666667,52.833333333333336
2025-01-26 11:00:00,4.716666666666667,246.66666666666666,758.75,1.1666666666666667,53.666666666666664
2025-01-26 12:00:00,4.433333333333334,251.16666666666666,758.8833333333333,0.5833333333333334,55.333333333333336
2025-01-26 13:00:00,4.3999999999999995,245.83333333333334,758.9833333333332,0.5333333333333333,56.333333333333336
2025-01-26 14:00:00,2.85,250.16666666666666,759.1999999999999,-0.9500000000000001,63.833333333333336
2025-01-26 15:00:00,0.11666666666666668,211.5,759.6833333333334,-2.6666666666666665,73.5
2025-01-26 16:00:00,0.08333333333333333,209.0,760.1500000000001,-3.6666666666666665,81.16666666666667
2025-01-26 17:00:00,0.09999999999999999,224.83333333333334,759.9833333333332,-2.716666666666667,73.0
2025-01-26 18:00:00,0.13333333333333333,224.16666666666666,759.9833333333332,-3.1999999999999997,67.5
2025-01-26 19:00:00,0.5499999999999999,226.83333333333334,759.8833333333333,-3.5,69.5
2025-01-26 20:00:00,0.21666666666666667,232.33333333333334,759.6833333333334,-3.35,70.0
2025-01-26 21:00:00,0.13333333333333333,244.16666666666666,759.25,-2.766666666666667,69.83333333333333
2025-01-26 22:00:00,0.05000000000000001,229.83333333333334,758.75,-2.466666666666667,72.66666666666667
2025-01-26 23:00:00,0.8999999999999999,235.0,758.5833333333334,-2.5500000000000003,92.83333333333333
2025-01-27 00:00:00,1.55,240.33333333333334,758.0333333333333,-3.15,100.0
2025-01-27 01:00:00,1.2666666666666666,246.5,757.7666666666668,-3.016666666666667,100.0
2025-01-27 02:00:00,1.6333333333333335,249.66666666666666,757.9333333333334,-3.1333333333333333,100.0
2025-01-27 03:00:00,1.6500000000000001,254.66666666666666,758.3000000000001,-3.8833333333333333,98.9
2025-01-27 04:00:00,2.3666666666666667,255.33333333333334,758.2833333333333,-4.266666666666667,97.8
2025-01-27 05:00:00,3.3666666666666667,248.66666666666666,758.0666666666666,-3.6833333333333336,
2025-01-27 06:00:00,4.266666666666667,239.0,757.75,-2.5166666666666666,95.6
2025-01-27 07:00:00,5.616666666666667,228.5,757.35,-2.1,84.66666666666667
2025-01-27 08:00:00,6.1499999999999995,223.83333333333334,756.5666666666666,-1.9833333333333334,91.0
2025-01-27 09:00:00,6.2,219.83333333333334,755.8666666666667,-1.6833333333333333,89.66666666666667
2025-01-27 10:00:00,8.016666666666667,207.83333333333334,755.3833333333333,-2.2666666666666666,82.33333333333333
2025-01-27 11:00:00,11.7,204.0,755.075,-3.625,82.25
2025-01-27 12:00:00,14.15,204.0,754.8666666666667,-4.483333333333333,83.83333333333333
2025-01-27 13:00:00,12.516666666666666,208.5,755.0666666666666,-4.883333333333334,84.5
2025-01-27 14:00:00,11.916666666666666,212.33333333333334,755.2666666666668,-5.1000000000000005,79.0
2025-01-27 15:00:00,12.716666666666667,213.16666666666666,755.4166666666666,-5.25,77.33333333333333
2025-01-27 16:00:00,13.033333333333333,212.66666666666666,755.5166666666668,-5.283333333333333,75.0
2025-01-27 17:00:00,12.950000000000001,210.33333333333334,755.4333333333334,-5.433333333333334,76.33333333333333
2025-01-27 18:00:00,12.433333333333332,210.66666666666666,755.3000000000001,-5.5,77.0
2025-01-27 19:00:00,12.35,209.5,755.3666666666667,-5.400000000000001,75.0
2025-01-27 20:00:00,12.016666666666666,208.33333333333334,755.4166666666666,-5.433333333333334,74.83333333333333
2025-01-27 21:00:00,13.916666666666666,203.83333333333334,755.1166666666667,-5.583333333333333,77.66666666666667
2025-01-27 22:00:00,14.666666666666666,202.66666666666666,755.0666666666666,-5.566666666666666,76.5
2025-01-27 23:00:00,13.483333333333334,206.0,755.0,-5.683333333333334,77.5
2025-01-28 00:00:00,12.866666666666667,207.5,754.9333333333334,-5.8999999999999995,78.0
2025-01-28 01:00:00,12.183333333333332,209.66666666666666,754.8499999999999,-5.966666666666666,75.0
2025-01-28 02:00:00,13.35,208.33333333333334,754.9166666666666,-6.066666666666666,72.66666666666667
2025-01-28 03:00:00,12.783333333333333,206.5,755.4166666666666,-5.983333333333333,71.5
2025-01-28 04:00:00,11.733333333333334,209.16666666666666,755.8833333333333,-5.583333333333333,69.33333333333333
2025-01-28 05:00:00,12.85,205.33333333333334,756.2833333333333,-4.866666666666667,64.66666666666667
2025-01-28 06:00:00,10.766666666666666,204.0,756.7166666666667,-3.6833333333333336,58.333333333333336
2025-01-28 07:00:00,10.283333333333333,199.0,756.9,-3.0833333333333335,57.5
2025-01-28 08:00:00,6.333333333333333,204.16666666666666,756.8166666666666,-2.216666666666667,52.666666666666664
2025-01-28 09:00:00,6.183333333333334,207.0,756.6,-2.5,55.0
2025-01-28 10:00:00,3.4499999999999997,213.66666666666666,756.3666666666667,-1.6666666666666667,51.166666666666664
2025-01-28 11:00:00,2.65,216.0,756.2833333333333,-1.4000000000000001,58.0
2025-01-28 12:00:00,2.6833333333333336,217.16666666666666,756.6166666666667,-2.1,80.83333333333333
2025-01-28 13:00:00,2.283333333333333,217.16666666666666,756.9499999999999,-3.6833333333333336,94.83333333333333
2025-01-28 14:00:00,0.5333333333333333,228.5,757.1500000000001,-4.25,95.83333333333333
2025-01-28 15:00:00,0.5333333333333333,223.0,757.5500000000001,-5.583333333333333,82.66666666666667
2025-01-28 16:00:00,0.7000000000000001,219.5,758.0166666666668,-6.333333333333333,73.33333333333333
2025-01-28 17:00:00,1.2833333333333334,249.33333333333334,758.3499999999999,-7.166666666666667,79.16666666666667
2025-01-28 18:00:00,1.6333333333333335,246.33333333333334,758.3666666666667,-7.716666666666666,80.16666666666667
2025-01-28 19:00:00,2.1999999999999997,251.16666666666666,758.6,-7.566666666666666,75.0
2025-01-28 20:00:00,1.6833333333333333,250.83333333333334,758.75,-7.916666666666667,69.66666666666667
2025-01-28 21:00:00,1.2333333333333334,249.5,758.8499999999999,-8.166666666666666,68.33333333333333
2025-01-28 22:00:00,0.20000000000000004,251.83333333333334,758.9499999999999,-7.8500000000000005,68.0
2025-01-28 23:00:00,0.26666666666666666,240.16666666666666,759.0166666666668,-7.133333333333333,69.83333333333333
2025-01-29 00:00:00,1.1166666666666667,204.66666666666666,758.8833333333333,-7.933333333333334,78.16666666666667
2025-01-29 01:00:00,1.2666666666666666,194.0,758.9166666666666,-9.05,87.0
2025-01-29 02:00:00,1.2666666666666666,190.5,759.1166666666667,-9.75,81.66666666666667
2025-01-29 03:00:00,1.2166666666666666,196.5,759.5,-9.200000000000001,71.83333333333333
2025-01-29 04:00:00,0.5333333333333333,224.66666666666666,759.9499999999999,-7.55,73.0
2025-01-29 05:00:00,0.7166666666666668,236.5,760.5500000000001,-3.716666666666667,60.833333333333336
2025-01-29 06:00:00,2.0500000000000003,243.5,761.0333333333333,-3.0500000000000003,61.666666666666664
2025-01-29 07:00:00,2.283333333333333,219.0,761.25,-2.65,65.83333333333333
2025-01-29 08:00:00,1.1333333333333335,218.66666666666666,761.1,-1.5166666666666666,62.833333333333336
2025-01-29 09:00:00,1.6333333333333335,219.33333333333334,760.7666666666668,-0.7999999999999999,65.5
2025-01-29 10:00:00,2.5833333333333335,223.16666666666666,760.5833333333334,-1.5833333333333333,83.66666666666667
2025-01-29 11:00:00,2.6666666666666665,221.5,760.4499999999999,-2.1333333333333333,97.83333333333333
2025-01-29 12:00:00,2.0500000000000003,224.16666666666666,760.4,-2.4499999999999997,100.0
2025-01-29 13:00:00,0.7666666666666666,219.83333333333334,760.3666666666667,-3.516666666666667,97.14814814814815
2025-01-29 14:00:00,0.18333333333333335,234.66666666666666,760.4499999999999,-4.333333333333333,94.29629629629629
2025-01-29 15:00:00,0.5666666666666667,221.66666666666666,760.7833333333333,-4.316666666666666,
2025-01-29 16:00:00,0.48333333333333334,216.5,761.0333333333333,-5.05,
2025-01-29 17:00:00,0.7166666666666667,204.0,761.15,-5.266666666666667,
2025-01-29 18:00:00,0.43333333333333335,220.66666666666666,761.1333333333333,-5.75,
2025-01-29 19:00:00,0.6,239.66666666666666,761.0,-6.533333333333334,
2025-01-29 20:00:00,1.0333333333333334,246.33333333333334,761.0833333333334,-7.633333333333333,
2025-01-29 21:00:00,0.6333333333333333,246.66666666666666,760.9166666666666,-7.283333333333334,74.33333333333333
2025-01-29 22:00:00,1.1333333333333333,245.33333333333334,760.4833333333332,-5.5,36.5
2025-01-29 23:00:00,0.45,213.16666666666666,760.1,-6.733333333333333,37.666666666666664
2025-01-30 00:00:00,1.2333333333333334,254.66666666666666,759.7833333333333,-5.133333333333333,29.5
2025-01-30 01:00:00,0.9166666666666666,256.3333333333333,759.7166666666667,-5.55,31.166666666666668
2025-01-30 02:00:00,0.2833333333333334,244.0,759.85,-5.916666666666667,27.333333333333332
2025-01-30 03:00:00,3.233333333333333,217.66666666666666,760.1166666666667,-3.216666666666667,21.5
2025-01-30 04:00:00,3.3000000000000003,223.0,760.5500000000001,-0.6166666666666667,17.666666666666668
2025-01-30 05:00:00,3.483333333333333,219.5,761.0166666666668,0.9500000000000001,16.5
2025-01-30 06:00:00,1.3666666666666665,248.0,761.3000000000001,0.7833333333333333,19.5
2025-01-30 07:00:00,1.3,252.83333333333334,761.3666666666667,0.9833333333333334,29.0
2025-01-30 08:00:00,1.8166666666666667,251.83333333333334,761.1666666666666,0.7166666666666667,51.0
2025-01-30 09:00:00,2.1,245.0,760.85,1.1500000000000001,51.833333333333336
2025-01-30 10:00:00,2.033333333333333,234.83333333333334,760.6166666666667,1.6333333333333335,47.833333333333336
2025-01-30 11:00:00,1.9833333333333334,230.33333333333334,760.5500000000001,1.9833333333333334,47.166666666666664
2025-01-30 12:00:00,2.65,226.16666666666666,760.6999999999999,1.0333333333333334,52.5
2025-01-30 13:00:00,1.7666666666666666,237.16666666666666,760.9,-0.43333333333333335,65.16666666666667
2025-01-30 14:00:00,1.0333333333333332,222.16666666666666,761.0333333333333,-1.8499999999999999,60.833333333333336
2025-01-30 15:00:00,6.283333333333334,207.83333333333334,761.1500000000001,-1.0333333333333334,27.833333333333332
2025-01-30 16:00:00,6.966666666666666,199.16666666666666,761.1833333333334,-0.9833333333333334,25.166666666666668
2025-01-30 17:00:00,3.1166666666666667,210.83333333333334,761.5666666666666,-1.3499999999999999,26.166666666666668
2025-01-30 18:00:00,0.19999999999999998,228.66666666666666,761.7333333333332,-3.3166666666666664,32.333333333333336
2025-01-30 19:00:00,0.35000000000000003,231.33333333333334,761.5833333333334,-3.5,36.333333333333336
2025-01-30 20:00:00,0.35000000000000003,220.16666666666666,761.4166666666666,-4.2,37.666666666666664
2025-01-30 21:00:00,0.16666666666666666,221.5,761.2666666666668,-4.616666666666666,39.333333333333336
2025-01-30 22:00:00,0.25,212.0,761.2166666666667,-4.533333333333334,36.166666666666664
2025-01-30 23:00:00,1.4666666666666668,228.0,760.9499999999999,-2.466666666666667,25.0
2025-01-31 00:00:00,0.4166666666666667,215.83333333333334,760.8166666666666,-3.3666666666666667,26.666666666666668
2025-01-31 01:00:00,0.44999999999999996,222.0,760.7166666666667,-4.883333333333334,33.0
2025-01-31 02:00:00,0.5499999999999999,226.5,760.8333333333334,-4.6000000000000005,32.0
2025-01-31 03:00:00,0.25,215.0,761.1,-4.766666666666667,32.5
2025-01-31 04:00:00,0.2833333333333333,245.66666666666666,761.4166666666666,-2.35,25.333333333333332
2025-01-31 05:00:00,0.21666666666666667,252.83333333333334,761.7833333333333,0.06666666666666665,24.666666666666668
2025-01-31 06:00:00,0.6,214.66666666666666,762.0333333333333,1.4833333333333334,21.666666666666668
2025-01-31 07:00:00,1.0,216.33333333333334,761.9333333333334,1.6666666666666667,25.666666666666668
2025-01-31 08:00:00,1.7,228.0,761.4,1.9666666666666668,34.0
2025-01-31 09:00:00,2.25,225.66666666666666,760.85,2.25,37.0
2025-01-31 10:00:00,2.466666666666667,225.83333333333334,760.5,2.433333333333333,39.166666666666664
2025-01-31 11:00:00,2.766666666666667,226.33333333333334,760.3833333333333,2.0500000000000003,42.0
2025-01-31 12:00:00,3.0833333333333335,228.0,760.4499999999999,1.4333333333333333,48.5
2025-01-31 13:00:00,2.466666666666667,234.83333333333334,760.4,0.016666666666666663,55.666666666666664
2025-01-31 14:00:00,0.4166666666666667,244.83333333333334,760.4166666666666,-2.0500000000000003,65.33333333333333
2025-01-31 15:00:00,0.6333333333333333,252.33333333333334,760.3333333333334,-2.65,65.66666666666667
2025-01-31 16:00:00,0.11666666666666665,249.5,760.2999999999998,-2.4499999999999997,55.0
2025-01-31 17:00:00,0.5333333333333333,254.83333333333334,760.2999999999998,-2.8166666666666664,57.0
2025-01-31 18:00:00,0.6666666666666666,253.0,760.25,-4.0,55.0
2025-01-31 19:00:00,0.25,242.5,760.0,-3.6833333333333336,48.166666666666664
2025-01-31 20:00:00,0.6166666666666667,190.66666666666666,759.6999999999999,-5.0,51.166666666666664
2025-01-31 21:00:00,0.35000000000000003,238.0,759.4166666666666,-4.333333333333333,46.666666666666664
2025-01-31 22:00:00,0.9500000000000001,232.66666666666666,759.0500000000001,-4.616666666666666,46.666666666666664
2025-01-31 23:00:00,0.45,253.83333333333334,758.8166666666666,-4.333333333333333,37.5
2025-02-01 00:00:00,0.7833333333333333,244.5,758.5166666666668,-3.6333333333333333,29.166666666666668
2025-02-01 01:00:00,0.6333333333333333,242.16666666666666,758.3499999999999,-5.3999999999999995,43.333333333333336
2025-02-01 02:00:00,0.25,235.5,758.2999999999998,-5.6499999999999995,38.166666666666664
2025-02-01 03:00:00,1.5333333333333332,247.0,758.4333333333334,-4.983333333333333,33.666666666666664
2025-02-01 04:00:00,0.3833333333333333,248.16666666666666,758.7833333333333,-2.9166666666666665,28.833333333333332
2025-02-01 05:00:00,1.5,240.33333333333334,759.1999999999999,-1.3833333333333335,32.5
2025-02-01 06:00:00,1.9666666666666668,221.5,759.3833333333333,-0.5333333333333333,38.0
2025-02-01 07:00:00,1.1833333333333333,221.33333333333334,759.4666666666667,0.6666666666666666,40.333333333333336
2025-02-01 08:00:00,1.6666666666666667,225.66666666666666,759.0500000000001,1.0166666666666666,47.666666666666664
2025-02-01 09:00:00,1.3,224.0,758.3000000000001,1.4166666666666667,47.666666666666664
2025-02-01 10:00:00,1.8166666666666667,227.0,757.8000000000001,1.9000000000000001,47.833333333333336
2025-02-01 11:00:00,2.066666666666667,219.5,757.5833333333334,1.8499999999999999,49.0
2025-02-01 12:00:00,2.3833333333333333,224.83333333333334,757.4166666666666,1.4666666666666668,51.166666666666664
2025-02-01 13:00:00,2.8833333333333333,233.33333333333334,757.3499999999999,-0.21666666666666665,60.166666666666664
2025-02-01 14:00:00,2.1166666666666667,242.16666666666666,757.4833333333332,-2.4833333333333334,72.5
2025-02-01 15:00:00,0.3333333333333333,253.16666666666666,757.5833333333334,-3.4333333333333336,77.16666666666667
2025-02-01 16:00:00,0.25,212.5,757.6833333333334,-4.033333333333333,79.5
2025-02-01 17:00:00,0.19999999999999998,222.66666666666666,757.75,-3.8333333333333335,57.666666666666664
2025-02-01 18:00:00,0.39999999999999997,229.0,757.8333333333334,-3.9166666666666665,47.166666666666664
2025-02-01 19:00:00,0.25,213.66666666666666,757.5500000000001,-4.466666666666667,50.0
2025-02-01 20:00:00,0.6,205.16666666666666,757.2666666666668,-5.1000000000000005,53.333333333333336
2025-02-01 21:00:00,0.39999999999999997,214.16666666666666,756.9,-4.933333333333334,48.833333333333336
2025-02-01 22:00:00,0.2833333333333333,211.0,756.7666666666668,-5.416666666666667,48.666666666666664
2025-02-01 23:00:00,0.5166666666666667,204.5,756.6666666666666,-5.666666666666667,46.333333333333336
2025-02-02 00:00:00,0.15,233.83333333333334,756.4166666666666,-5.533333333333334,42.5
2025-02-02 01:00:00,0.3,243.83333333333334,756.4499999999999,-5.216666666666667,37.666666666666664
2025-02-02 02:00:00,5.55,207.83333333333334,756.5166666666668,-3.1999999999999997,29.5
2025-02-02 03:00:00,6.8,206.16666666666666,756.8000000000001,-2.6333333333333333,26.0
2025-02-02 04:00:00,8.299999999999999,205.66666666666666,757.0500000000001,-2.15,25.5
2025-02-02 05:00:00,7.683333333333333,204.83333333333334,757.3833333333333,-1.0666666666666667,23.666666666666668
2025-02-02 06:00:00,3.8166666666666664,225.0,757.6666666666666,-0.7000000000000001,30.666666666666668
2025-02-02 07:00:00,1.9333333333333333,222.66666666666666,757.7833333333333,0.18333333333333335,36.833333333333336
2025-02-02 08:00:00,2.3833333333333333,224.83333333333334,757.5,0.6333333333333333,35.666666666666664
2025-02-02 09:00:00,2.733333333333333,224.83333333333334,757.0,1.0666666666666667,36.333333333333336
2025-02-02 10:00:00,3.6999999999999997,222.0,756.7333333333332,1.05,38.833333333333336
2025-02-02 11:00:00,3.9499999999999997,227.83333333333334,756.6333333333333,1.1833333333333333,43.0
2025-02-02 12:00:00,3.6166666666666667,234.83333333333334,756.6833333333334,0.7000000000000001,46.166666666666664
2025-02-02 13:00:00,2.5166666666666666,233.33333333333334,756.8000000000001,-0.39999999999999997,45.5
2025-02-02 14:00:00,1.6166666666666665,224.66666666666666,757.0166666666668,-1.8333333333333333,46.0
2025-02-02 15:00:00,4.633333333333334,203.66666666666666,757.0833333333334,-1.5999999999999999,31.333333333333332
2025-02-02 16:00:00,0.7999999999999999,236.0,757.3499999999999,-2.6833333333333336,46.666666666666664
2025-02-02 17:00:00,0.15000000000000002,227.33333333333334,757.4833333333332,-3.6333333333333333,51.666666666666664
2025-02-02 18:00:00,0.21666666666666667,241.16666666666666,757.3666666666667,-3.716666666666667,45.166666666666664
2025-02-02 19:00:00,0.9666666666666667,244.16666666666666,757.0666666666666,-4.183333333333334,42.166666666666664
2025-02-02 20:00:00,1.4666666666666668,240.0,756.6166666666667,-4.45,38.833333333333336
2025-02-02 21:00:00,0.65,219.33333333333334,756.4833333333332,-4.583333333333333,41.833333333333336
2025-02-02 22:00:00,0.13333333333333333,238.66666666666666,756.25,-4.583333333333333,40.666666666666664
2025-02-02 23:00:00,0.3,243.5,756.0166666666668,-4.933333333333334,43.666666666666664
2025-02-03 00:00:00,0.4833333333333334,241.83333333333334,755.7666666666668,-4.983333333333333,41.333333333333336
2025-02-03 01:00:00,0.6,248.5,755.6,-5.566666666666666,44.333333333333336
2025-02-03 02:00:00,0.5166666666666667,240.16666666666666,755.5666666666666,-5.633333333333333,37.833333333333336
2025-02-03 03:00:00,0.5333333333333333,245.33333333333334,755.7666666666668,-5.3,33.666666666666664
2025-02-03 04:00:00,0.8666666666666667,247.83333333333334,755.8833333333333,-4.083333333333333,31.833333333333332
2025-02-03 05:00:00,0.5666666666666668,229.0,755.9833333333332,-0.5666666666666668,24.166666666666668
2025-02-03 06:00:00,1.7000000000000002,214.33333333333334,755.9833333333332,-0.13333333333333333,22.666666666666668
2025-02-03 07:00:00,1.4166666666666667,206.83333333333334,755.9,0.2833333333333333,22.333333333333332
2025-02-03 08:00:00,1.3,219.5,755.65,1.1833333333333333,24.666666666666668
2025-02-03 09:00:00,3.1999999999999997,229.0,755.0500000000001,1.0833333333333333,28.333333333333332
2025-02-03 10:00:00,2.6999999999999997,224.16666666666666,754.5833333333334,1.0833333333333333,29.166666666666668
2025-02-03 11:00:00,3.25,224.16666666666666,754.3499999999999,1.0333333333333334,30.833333333333332
2025-02-03 12:00:00,3.6999999999999997,236.33333333333334,754.5666666666666,0.5833333333333334,33.833333333333336
2025-02-03 13:00:00,3.4166666666666665,241.16666666666666,754.6,-0.5833333333333334,42.666666666666664
2025-02-03 14:00:00,2.5166666666666666,253.33333333333334,754.6833333333334,-2.3333333333333335,48.833333333333336
2025-02-03 15:00:00,1.3833333333333335,249.83333333333334,754.7999999999998,-3.1333333333333333,48.5
2025-02-03 16:00:00,0.5,251.66666666666666,754.9333333333334,-3.466666666666667,48.666666666666664
2025-02-03 17:00:00,0.2333333333333333,229.0,755.1999999999999,-3.9499999999999997,52.0
2025-02-03 18:00:00,0.4666666666666666,227.16666666666666,755.25,-3.6833333333333336,47.333333333333336
2025-02-03 19:00:00,0.09999999999999999,234.5,755.0,-4.066666666666666,44.333333333333336
2025-02-03 20:00:00,0.08333333333333333,224.33333333333334,754.7166666666667,-4.2,42.0
2025-02-03 21:00:00,0.4666666666666666,204.33333333333334,754.6500000000001,-5.083333333333333,47.166666666666664
2025-02-03 22:00:00,1.5999999999999999,193.16666666666666,754.5666666666666,-5.633333333333333,50.166666666666664
2025-02-03 23:00:00,0.45,240.5,754.3833333333333,-5.566666666666666,45.666666666666664
2025-02-04 00:00:00,1.5,202.83333333333334,754.2999999999998,-5.616666666666667,44.666666666666664
2025-02-04 01:00:00,1.5333333333333332,197.66666666666666,754.2833333333333,-5.8999999999999995,45.666666666666664
2025-02-04 02:00:00,2.316666666666667,188.66666666666666,754.3833333333333,-6.133333333333333,46.666666666666664
2025-02-04 03:00:00,0.7333333333333334,213.16666666666666,754.5333333333333,-6.033333333333334,44.833333333333336
2025-02-04 04:00:00,0.48333333333333334,217.0,754.9333333333334,-3.8166666666666664,39.666666666666664
2025-02-04 05:00:00,0.19999999999999998,236.33333333333334,755.3166666666666,-1.25,35.5
2025-02-04 06:00:00,0.35000000000000003,223.0,755.3666666666667,-0.26666666666666666,34.166666666666664
2025-02-04 07:00:00,1.7666666666666666,224.16666666666666,755.3166666666666,0.43333333333333335,32.5
2025-02-04 08:00:00,3.0,222.5,755.1833333333334,0.5333333333333333,33.833333333333336
2025-02-04 09:00:00,2.85,226.16666666666666,754.6333333333333,0.8833333333333333,35.666666666666664
2025-02-04 10:00:00,4.0,232.16666666666666,754.1666666666666,1.1833333333333333,37.833333333333336
2025-02-04 11:00:00,4.416666666666667,241.16666666666666,754.1166666666667,1.4333333333333333,38.666666666666664
2025-02-04 12:00:00,4.666666666666667,243.33333333333334,754.3499999999999,0.9166666666666666,41.333333333333336
2025-02-04 13:00:00,3.5,242.66666666666666,754.3499999999999,-0.016666666666666663,43.166666666666664
2025-02-04 14:00:00,2.766666666666667,254.16666666666666,754.5666666666666,-1.6666666666666667,45.666666666666664
2025-02-04 15:00:00,2.1999999999999997,242.83333333333334,754.8166666666666,-1.8833333333333335,45.5
2025-02-04 16:00:00,2.6166666666666667,239.83333333333334,754.8833333333333,-2.15,45.666666666666664
2025-02-04 17:00:00,2.1,220.16666666666666,754.9499999999999,-1.7166666666666668,37.333333333333336
2025-02-04 18:00:00,0.43333333333333335,253.0,754.9499999999999,-3.0500000000000003,42.5
2025-02-04 19:00:00,0.25,236.0,754.9833333333332,-3.266666666666667,38.5
2025-02-04 20:00:00,2.1999999999999997,247.5,754.8166666666666,-1.9000000000000001,31.166666666666668
2025-02-04 21:00:00,0.09999999999999999,224.5,754.5666666666666,-3.25,34.666666666666664
2025-02-04 22:00:00,0.4166666666666667,222.5,754.4499999999999,-3.483333333333333,37.333333333333336
2025-02-04 23:00:00,0.23333333333333336,226.83333333333334,754.5500000000001,-3.9666666666666663,38.833333333333336
2025-02-05 00:00:00,0.06666666666666667,230.83333333333334,754.5,-3.9,40.166666666666664
2025-02-05 01:00:00,0.15,206.33333333333334,754.5666666666666,-4.25,44.333333333333336
2025-02-05 02:00:00,0.45,226.83333333333334,754.75,-4.066666666666666,38.166666666666664
2025-02-05 03:00:00,1.0,193.0,755.0333333333333,-5.3,44.5
2025-02-05 04:00:00,0.8333333333333334,210.16666666666666,755.6,-3.016666666666667,39.833333333333336
2025-02-05 05:00:00,1.0833333333333333,225.66666666666666,755.7333333333332,0.08333333333333333,29.166666666666668
2025-02-05 06:00:00,2.316666666666667,234.0,756.0,0.2833333333333334,32.333333333333336
2025-02-05 07:00:00,3.3166666666666664,221.0,756.0500000000001,0.6333333333333333,35.166666666666664
2025-02-05 08:00:00,2.6666666666666665,219.66666666666666,755.6666666666666,1.1500000000000001,34.666666666666664
2025-02-05 09:00:00,2.9499999999999997,224.0,754.9499999999999,1.45,33.5
2025-02-05 10:00:00,3.3000000000000003,235.83333333333334,754.5333333333333,1.8166666666666667,32.0
2025-02-05 11:00:00,2.1,222.83333333333334,754.1666666666666,1.2,32.833333333333336
2025-02-05 12:00:00,1.6333333333333335,225.16666666666666,754.0500000000001,0.65,37.0
2025-02-05 13:00:00,2.1999999999999997,233.83333333333334,754.6,-0.5499999999999999,49.166666666666664
2025-02-05 14:00:00,2.3833333333333333,237.5,754.1166666666667,-2.0833333333333335,72.5
2025-02-05 15:00:00,0.9166666666666666,245.66666666666666,754.1333333333333,-1.9833333333333334,70.5
2025-02-05 16:00:00,1.5,246.0,754.2833333333333,-1.6500000000000001,66.66666666666667
2025-02-05 17:00:00,0.7833333333333333,238.83333333333334,754.2833333333333,-0.6166666666666667,56.666666666666664
2025-02-05 18:00:00,1.0,236.16666666666666,754.1833333333334,-0.31666666666666665,53.333333333333336
2025-02-05 19:00:00,1.6666666666666667,251.16666666666666,753.75,-1.2,59.666666666666664
2025-02-05 20:00:00,0.3666666666666667,244.16666666666666,753.3000000000001,-0.7333333333333334,55.166666666666664
2025-02-05 21:00:00,1.1500000000000001,229.5,753.5500000000001,0.4166666666666667,43.666666666666664
2025-02-05 22:00:00,2.3833333333333333,230.66666666666666,753.6333333333333,-1.1666666666666667,71.83333333333333
2025-02-05 23:00:00,5.183333333333334,243.0,752.5500000000001,-2.3833333333333333,91.33333333333333
2025-02-06 00:00:00,2.9166666666666665,239.16666666666666,751.7333333333332,-0.9166666666666666,61.666666666666664
2025-02-06 01:00:00,2.2166666666666663,224.16666666666666,751.5333333333333,-0.18333333333333332,48.333333333333336
2025-02-06 02:00:00,2.8833333333333333,238.66666666666666,751.1,0.2833333333333333,41.333333333333336
2025-02-06 03:00:00,1.25,249.16666666666666,750.8833333333333,-0.5166666666666666,47.0
2025-02-06 04:00:00,1.3666666666666665,242.83333333333334,750.75,0.15000000000000002,40.666666666666664
2025-02-06 05:00:00,1.5,236.33333333333334,750.8833333333333,2.15,30.166666666666668
2025-02-06 06:00:00,3.1666666666666665,242.16666666666666,750.9333333333334,2.2333333333333334,30.0
2025-02-06 07:00:00,3.15,238.66666666666666,750.7666666666668,2.8333333333333335,29.666666666666668
2025-02-06 08:00:00,3.633333333333333,246.66666666666666,750.15,4.25,28.333333333333332
2025-02-06 09:00:00,2.8000000000000003,233.83333333333334,749.3166666666666,4.0,28.833333333333332
2025-02-06 10:00:00,1.8166666666666667,232.5,748.5166666666668,3.9,28.833333333333332
2025-02-06 11:00:00,2.6,220.0,748.3666666666667,2.433333333333333,33.0
2025-02-06 12:00:00,3.033333333333333,237.16666666666666,748.3166666666666,0.8333333333333334,47.0
2025-02-06 13:00:00,2.483333333333333,234.16666666666666,748.6166666666667,-1.0833333333333333,74.33333333333333
2025-02-06 14:00:00,3.5666666666666664,242.83333333333334,748.8499999999999,-2.766666666666667,100.0
2025-02-06 15:00:00,4.466666666666667,251.0,748.7666666666668,-2.6333333333333333,99.66666666666666
2025-02-06 16:00:00,4.7,254.66666666666666,747.9166666666666,-2.1,99.33333333333333
2025-02-06 17:00:00,5.533333333333334,249.33333333333334,747.6166666666667,-0.39999999999999997,73.5
2025-02-06 18:00:00,5.25,253.16666666666666,747.6166666666667,-0.06666666666666667,80.33333333333333
2025-02-06 19:00:00,4.55,248.83333333333334,747.6,0.03333333333333333,90.83333333333333
2025-02-06 20:00:00,5.6499999999999995,239.33333333333334,746.9666666666667,-0.5166666666666667,100.0
2025-02-06 21:00:00,2.3833333333333333,235.33333333333334,747.5500000000001,-1.8499999999999999,100.0
2025-02-06 22:00:00,1.1333333333333333,241.0,747.8000000000001,-1.9333333333333333,98.05
2025-02-06 23:00:00,2.316666666666667,244.83333333333334,748.3000000000001,-2.283333333333333,96.1
2025-02-07 00:00:00,1.6500000000000001,228.66666666666666,748.0500000000001,-2.6166666666666667,
2025-02-07 01:00:00,0.7000000000000001,240.0,748.0333333333333,-2.8833333333333333,
2025-02-07 02:00:00,0.8000000000000002,249.5,748.0333333333333,-3.3000000000000003,
2025-02-07 03:00:00,1.1166666666666667,233.16666666666666,748.65,-3.25,
2025-02-07 04:00:00,1.95,238.83333333333334,749.3833333333333,-3.25,
2025-02-07 05:00:00,3.1,252.5,750.15,-3.516666666666667,
2025-02-07 06:00:00,1.2833333333333334,244.66666666666666,750.3333333333334,-3.266666666666667,
2025-02-07 07:00:00,0.9833333333333334,218.33333333333334,750.2166666666667,-0.7166666666666667,80.5
2025-02-07 08:00:00,4.616666666666666,225.83333333333334,750.1,-3.35,97.5
2025-02-07 09:00:00,3.8166666666666664,236.66666666666666,750.0333333333333,-4.0,98.75
2025-02-07 10:00:00,2.5,247.66666666666666,750.0500000000001,-3.466666666666667,100.0
2025-02-07 11:00:00,1.1166666666666667,222.16666666666666,749.9333333333334,-1.8333333333333333,69.5
2025-02-07 12:00:00,2.9333333333333336,211.66666666666666,750.2166666666667,-3.3333333333333335,76.16666666666667
2025-02-07 13:00:00,8.333333333333334,191.5,750.3166666666666,-5.483333333333333,68.0
2025-02-07 14:00:00,9.45,195.0,750.7166666666667,-6.183333333333334,73.33333333333333
2025-02-07 15:00:00,10.583333333333334,201.0,751.1333333333333,-6.916666666666667,78.66666666666667
2025-02-07 16:00:00,10.266666666666667,199.33333333333334,751.25,-6.916666666666667,75.5
2025-02-07 17:00:00,9.916666666666666,198.0,751.5833333333334,-7.133333333333333,79.33333333333333
2025-02-07 18:00:00,9.566666666666666,196.5,751.8833333333333,-6.833333333333333,74.66666666666667
2025-02-07 19:00:00,7.166666666666667,194.66666666666666,751.9666666666667,-6.6499999999999995,64.5
2025-02-07 20:00:00,7.866666666666667,197.0,752.0166666666668,-6.95,62.833333333333336
2025-02-07 21:00:00,7.283333333333334,193.33333333333334,752.1833333333334,-7.233333333333333,62.0
2025-02-07 22:00:00,6.849999999999999,195.33333333333334,752.2999999999998,-7.55,62.833333333333336
2025-02-07 23:00:00,5.516666666666667,193.16666666666666,752.4333333333334,-7.716666666666666,57.5
2025-02-08 00:00:00,8.466666666666667,192.16666666666666,752.4333333333334,-8.616666666666667,59.333333333333336
2025-02-08 01:00:00,10.299999999999999,194.5,752.5166666666668,-9.200000000000001,65.33333333333333
2025-02-08 02:00:00,14.283333333333333,196.83333333333334,752.7833333333333,-10.049999999999999,74.16666666666667
2025-02-08 03:00:00,14.333333333333334,198.66666666666666,753.1,-9.366666666666667,71.0
2025-02-08 04:00:00,13.283333333333333,199.66666666666666,753.6333333333333,-8.233333333333333,64.0
2025-02-08 05:00:00,12.666666666666666,200.16666666666666,754.0666666666666,-7.966666666666666,64.0
2025-02-08 06:00:00,7.8500000000000005,204.16666666666666,754.4499999999999,-5.966666666666666,53.666666666666664
2025-02-08 07:00:00,4.483333333333333,239.83333333333334,754.7166666666667,-3.766666666666667,43.333333333333336
2025-02-08 08:00:00,2.766666666666666,237.66666666666666,754.3166666666666,-2.516666666666667,40.0
2025-02-08 09:00:00,2.25,238.5,753.9333333333334,-2.1999999999999997,44.166666666666664
2025-02-08 10:00:00,2.35,238.83333333333334,753.4499999999999,-2.9333333333333336,49.5
2025-02-08 11:00:00,3.1166666666666667,235.16666666666666,753.1666666666666,-3.266666666666667,53.5
2025-02-08 12:00:00,3.5666666666666664,228.0,752.9499999999999,-3.6,53.666666666666664
2025-02-08 13:00:00,3.9,221.16666666666666,752.65,-4.566666666666666,57.0
2025-02-08 14:00:00,4.25,215.33333333333334,752.5500000000001,-6.183333333333334,61.0
2025-02-08 15:00:00,4.466666666666667,216.33333333333334,752.7000000000002,-6.6000000000000005,61.5
2025-02-08 16:00:00,5.8999999999999995,213.33333333333334,752.4833333333332,-6.8,60.666666666666664
2025-02-08 17:00:00,8.049999999999999,210.33333333333334,752.0833333333334,-7.283333333333334,61.166666666666664
2025-02-08 18:00:00,8.5,212.0,751.3166666666666,-6.516666666666667,58.666666666666664
2025-02-08 19:00:00,6.266666666666667,210.16666666666666,750.9833333333332,-6.316666666666666,66.83333333333333
2025-02-08 20:00:00,2.183333333333333,217.5,750.9,-7.333333333333333,91.33333333333333
2025-02-08 21:00:00,7.266666666666666,207.5,750.0833333333334,-8.183333333333334,84.83333333333333
2025-02-08 22:00:00,11.85,203.5,749.5333333333333,-9.383333333333333,87.16666666666667
2025-02-08 23:00:00,11.450000000000001,205.5,749.3166666666666,-9.783333333333333,94.66666666666667
2025-02-09 00:00:00,14.566666666666668,203.5,749.0166666666668,-10.816666666666668,98.66666666666667
2025-02-09 01:00:00,16.783333333333335,203.5,748.6833333333334,-11.016666666666666,100.0
2025-02-09 02:00:00,16.599999999999998,203.5,748.85,-11.0,96.66666666666667
2025-02-09 03:00:00,15.016666666666666,204.83333333333334,749.4666666666667,-10.783333333333333,83.16666666666667
2025-02-09 04:00:00,14.733333333333334,204.83333333333334,750.0500000000001,-10.633333333333333,78.33333333333333
2025-02-09 05:00:00,15.1,203.16666666666666,750.3833333333333,-10.433333333333334,73.33333333333333
2025-02-09 06:00:00,13.549999999999999,201.5,750.5666666666666,-9.783333333333333,68.33333333333333
2025-02-09 07:00:00,11.25,198.16666666666666,750.8333333333334,-8.916666666666666,64.66666666666667
2025-02-09 08:00:00,9.4,196.5,750.8000000000001,-8.200000000000001,61.166666666666664
2025-02-09 09:00:00,6.8500000000000005,192.0,750.6333333333333,-7.55,58.0
2025-02-09 10:00:00,5.566666666666666,193.5,750.6500000000001,-7.583333333333333,57.5
2025-02-09 11:00:00,6.8,191.33333333333334,750.7166666666667,-7.866666666666667,57.833333333333336
2025-02-09 12:00:00,6.55,189.0,751.0833333333334,-8.299999999999999,60.333333333333336
2025-02-09 13:00:00,1.2833333333333334,210.0,751.3833333333333,-7.8500000000000005,57.5
2025-02-09 14:00:00,1.1666666666666667,211.5,751.7833333333333,-8.883333333333333,59.166666666666664
2025-02-09 15:00:00,0.09999999999999999,219.0,752.1666666666666,-9.5,67.5
2025-02-09 16:00:00,0.5666666666666667,223.16666666666666,752.4,-10.9,70.33333333333333
2025-02-09 17:00:00,0.8666666666666667,217.66666666666666,752.6,-10.016666666666667,67.33333333333333
2025-02-09 18:00:00,1.1500000000000001,218.83333333333334,752.6833333333334,-9.933333333333334,68.83333333333333
2025-02-09 19:00:00,0.9666666666666667,239.66666666666666,752.5666666666666,-10.200000000000001,72.16666666666667
2025-02-09 20:00:00,2.1666666666666665,247.33333333333334,752.4166666666666,-11.233333333333334,76.83333333333333
2025-02-09 21:00:00,2.2333333333333334,247.0,752.3666666666667,-11.683333333333332,76.5
2025-02-09 22:00:00,1.9333333333333333,248.5,752.3499999999999,-12.216666666666667,79.0
2025-02-09 23:00:00,0.11666666666666665,246.16666666666666,752.5833333333334,-11.416666666666666,81.66666666666667
2025-02-10 00:00:00,0.26666666666666666,248.66666666666666,752.6,-12.25,96.16666666666667
2025-02-10 01:00:00,0.39999999999999997,249.16666666666666,752.5500000000001,-13.566666666666668,100.0
2025-02-10 02:00:00,0.9833333333333334,210.16666666666666,752.6333333333333,-13.616666666666667,97.66666666666667
2025-02-10 03:00:00,0.43333333333333335,235.16666666666666,752.9166666666666,-13.566666666666668,94.0
2025-02-10 04:00:00,0.3666666666666667,224.33333333333334,753.3833333333333,-12.15,88.66666666666667
2025-02-10 05:00:00,0.5333333333333333,234.16666666666666,753.9499999999999,-8.65,75.0
2025-02-10 06:00:00,1.7666666666666666,232.33333333333334,754.2666666666668,-8.0,76.66666666666667
2025-02-10 07:00:00,1.9166666666666667,227.66666666666666,754.5166666666668,-7.216666666666666,75.5
2025-02-10 08:00:00,2.283333333333333,222.5,754.4,-7.6000000000000005,80.66666666666667
2025-02-10 09:00:00,2.033333333333333,224.16666666666666,753.9666666666667,-7.416666666666667,81.83333333333333
2025-02-10 10:00:00,3.0666666666666664,233.0,753.7666666666668,-7.683333333333334,95.83333333333333
2025-02-10 11:00:00,2.9,234.5,753.7666666666668,-7.8500000000000005,100.0
2025-02-10 12:00:00,2.1666666666666665,232.5,753.9166666666666,-7.8500000000000005,100.0
2025-02-10 13:00:00,2.6166666666666667,236.0,754.1500000000001,-7.95,100.0
2025-02-10 14:00:00,2.85,240.16666666666666,754.5500000000001,-8.116666666666665,100.0
2025-02-10 15:00:00,2.6833333333333336,245.16666666666666,754.9,-8.083333333333334,99.5
2025-02-10 16:00:00,1.2,244.5,755.0500000000001,-8.700000000000001,100.0
2025-02-10 17:00:00,0.7999999999999999,250.66666666666666,755.3000000000001,-9.433333333333334,100.0
2025-02-10 18:00:00,0.7333333333333334,248.83333333333334,755.4333333333334,-9.5,100.0
2025-02-10 19:00:00,0.2833333333333334,231.0,755.3333333333334,-10.200000000000001,100.0
2025-02-10 20:00:00,1.4166666666666667,245.83333333333334,755.3666666666667,-9.733333333333333,100.0
2025-02-10 21:00:00,0.21666666666666665,246.83333333333334,755.1333333333333,-11.049999999999999,100.0
2025-02-10 22:00:00,0.19999999999999998,236.16666666666666,755.1500000000001,-11.4,100.0
2025-02-10 23:00:00,0.5833333333333334,226.33333333333334,754.9833333333332,-11.549999999999999,100.0
2025-02-11 00:00:00,0.7166666666666667,222.16666666666666,754.9333333333334,-11.766666666666666,100.0
2025-02-11 01:00:00,0.06666666666666667,213.66666666666666,754.9666666666667,-12.799999999999999,100.0
2025-02-11 02:00:00,0.18333333333333335,210.16666666666666,755.3166666666666,-13.15,100.0
2025-02-11 03:00:00,0.5666666666666668,214.33333333333334,755.8833333333333,-12.533333333333333,100.0
2025-02-11 04:00:00,0.3,211.5,756.6,-11.016666666666666,100.0
2025-02-11 05:00:00,0.016666666666666666,235.66666666666666,757.2166666666667,-7.666666666666667,99.0
2025-02-11 06:00:00,2.1,243.83333333333334,757.5333333333333,-6.8999999999999995,86.0
2025-02-11 07:00:00,3.466666666666667,253.5,757.7999999999998,-6.416666666666667,75.33333333333333
2025-02-11 08:00:00,2.8666666666666667,245.0,757.5833333333334,-6.033333333333334,77.83333333333333
2025-02-11 09:00:00,2.8166666666666664,232.83333333333334,757.0500000000001,-5.216666666666666,71.16666666666667
2025-02-11 10:00:00,4.433333333333334,241.16666666666666,756.6833333333334,-4.3999999999999995,66.33333333333333
2025-02-11 11:00:00,4.216666666666667,243.83333333333334,756.7166666666667,-4.666666666666667,70.16666666666667
2025-02-11 12:00:00,3.533333333333333,243.0,756.9666666666667,-5.083333333333333,75.0
2025-02-11 13:00:00,3.4166666666666665,251.83333333333334,757.25,-5.516666666666667,77.0
2025-02-11 14:00:00,2.9,245.66666666666666,757.4499999999999,-6.216666666666666,83.0
2025-02-11 15:00:00,0.5,240.16666666666666,757.8000000000001,-7.566666666666666,97.33333333333333
2025-02-11 16:00:00,0.5666666666666668,244.0,757.9499999999999,-8.533333333333333,99.83333333333333
2025-02-11 17:00:00,0.8166666666666668,217.66666666666666,758.2000000000002,-9.183333333333334,93.33333333333333
2025-02-11 18:00:00,0.4166666666666667,204.33333333333334,758.1333333333333,-8.833333333333334,59.5
2025-02-11 19:00:00,0.9166666666666666,233.33333333333334,758.2166666666667,-8.65,58.833333333333336
2025-02-11 20:00:00,0.8166666666666668,225.66666666666666,758.2666666666668,-8.700000000000001,55.833333333333336
2025-02-11 21:00:00,0.18333333333333335,208.16666666666666,758.2833333333333,-9.799999999999999,54.5
2025-02-11 22:00:00,0.7166666666666667,218.33333333333334,758.1833333333334,-9.166666666666666,49.5
2025-02-11 23:00:00,1.1166666666666667,205.5,757.8666666666667,-8.666666666666666,43.833333333333336
2025-02-12 00:00:00,0.8166666666666668,228.0,757.8833333333333,-8.916666666666666,44.0
2025-02-12 01:00:00,0.9333333333333332,212.16666666666666,758.0833333333334,-8.766666666666667,42.833333333333336
2025-02-12 02:00:00,0.5,236.83333333333334,758.3166666666666,-7.983333333333333,38.666666666666664
2025-02-12 03:00:00,1.0833333333333333,203.16666666666666,758.8333333333334,-8.25,40.0
2025-02-12 04:00:00,0.65,219.16666666666666,759.2166666666667,-6.183333333333334,38.0
2025-02-12 05:00:00,1.1333333333333333,243.83333333333334,759.8000000000001,-4.033333333333333,31.0
2025-02-12 06:00:00,1.25,236.5,760.0833333333334,-3.233333333333333,34.5
2025-02-12 07:00:00,0.7166666666666667,217.5,759.8666666666667,-2.066666666666667,33.166666666666664
2025-02-12 08:00:00,1.8333333333333333,231.33333333333334,759.6333333333333,-1.5833333333333333,38.0
2025-02-12 09:00:00,2.0166666666666666,228.5,758.9666666666667,-1.3,44.833333333333336
2025-02-12 10:00:00,2.5833333333333335,234.33333333333334,758.2666666666668,-1.0333333333333334,48.333333333333336
2025-02-12 11:00:00,3.266666666666667,228.0,758.1166666666667,-1.25,52.333333333333336
2025-02-12 12:00:00,3.283333333333333,233.66666666666666,758.1833333333334,-1.6500000000000001,57.333333333333336
2025-02-12 13:00:00,1.9666666666666666,240.33333333333334,758.1999999999999,-2.033333333333333,60.833333333333336
2025-02-12 14:00:00,1.8166666666666667,237.5,758.1,-4.016666666666667,72.66666666666667
2025-02-12 15:00:00,1.1333333333333333,245.5,758.4499999999999,-5.083333333333333,81.83333333333333
2025-02-12 16:00:00,1.5166666666666666,248.33333333333334,758.5666666666666,-5.283333333333333,86.33333333333333
2025-02-12 17:00:00,0.6833333333333332,240.33333333333334,758.8499999999999,-5.633333333333333,87.0
2025-02-12 18:00:00,1.1333333333333335,244.66666666666666,758.4166666666666,-5.816666666666666,89.16666666666667
2025-02-12 19:00:00,2.0,248.0,758.7333333333332,-5.766666666666667,93.0
2025-02-12 20:00:00,1.4000000000000001,233.66666666666666,758.2666666666668,-6.3,100.0
2025-02-12 21:00:00,1.4333333333333333,221.66666666666666,757.5333333333333,-5.816666666666666,95.33333333333333
2025-02-12 22:00:00,0.7166666666666667,231.33333333333334,756.9166666666666,-4.7,80.0
2025-02-12 23:00:00,1.2833333333333334,245.5,756.8333333333334,-5.1499999999999995,84.5
2025-02-13 00:00:00,0.9833333333333333,245.0,756.4499999999999,-6.133333333333333,100.0
2025-02-13 01:00:00,1.0,237.0,756.3166666666666,-6.166666666666667,100.0
2025-02-13 02:00:00,1.2,252.66666666666666,756.5,-6.166666666666667,99.5
2025-02-13 03:00:00,0.9333333333333332,245.33333333333334,756.6,-5.516666666666667,99.75
2025-02-13 04:00:00,0.016666666666666666,235.16666666666666,757.0,-4.083333333333333,100.0
2025-02-13 05:00:00,0.0,218.16666666666666,757.3333333333334,-2.3333333333333335,100.0
2025-02-13 06:00:00,1.05,245.0,757.6999999999999,-3.5,99.5
2025-02-13 07:00:00,1.0833333333333333,236.16666666666666,757.7833333333333,-2.5500000000000003,100.0
2025-02-13 08:00:00,1.4666666666666668,241.66666666666666,757.4333333333334,-2.6833333333333336,100.0
2025-02-13 09:00:00,1.45,242.83333333333334,756.9833333333332,-3.516666666666667,100.0
2025-02-13 10:00:00,2.0833333333333335,246.83333333333334,756.5500000000001,-2.783333333333333,100.0
2025-02-13 11:00:00,3.1833333333333336,232.66666666666666,756.3666666666667,-2.8166666666666664,100.0
2025-02-13 12:00:00,2.983333333333333,234.0,756.5833333333334,-2.733333333333333,100.0
2025-02-13 13:00:00,2.5833333333333335,235.0,756.6333333333333,-2.75,
2025-02-13 14:00:00,0.5833333333333334,226.33333333333334,756.65,-3.516666666666667,
2025-02-13 15:00:00,0.35000000000000003,231.66666666666666,757.0666666666666,-4.2,
2025-02-13 16:00:00,0.15,225.83333333333334,757.25,-5.283333333333334,
2025-02-13 17:00:00,0.7166666666666667,238.33333333333334,756.9833333333332,-5.433333333333334,
2025-02-13 18:00:00,0.5833333333333334,219.16666666666666,757.0,-5.633333333333333,100.0
2025-02-13 19:00:00,1.0166666666666666,207.16666666666666,756.9833333333332,-5.883333333333333,91.33333333333333
2025-02-13 20:00:00,0.16666666666666666,221.66666666666666,756.75,-5.733333333333333,79.0
2025-02-13 21:00:00,0.85,207.5,756.6666666666666,-6.8,68.66666666666667
2025-02-13 22:00:00,0.7833333333333333,237.66666666666666,756.3333333333334,-4.983333333333333,58.833333333333336
2025-02-13 23:00:00,1.9833333333333334,245.33333333333334,755.9833333333332,-4.683333333333334,51.5
2025-02-14 00:00:00,0.3,227.33333333333334,756.0,-5.2,54.333333333333336
2025-02-14 01:00:00,0.19999999999999998,240.5,755.8666666666667,-4.633333333333334,57.166666666666664
2025-02-14 02:00:00,0.016666666666666666,235.33333333333334,756.0500000000001,-5.416666666666667,60.166666666666664
2025-02-14 03:00:00,0.08333333333333333,239.16666666666666,756.1999999999999,-4.966666666666667,58.833333333333336
2025-02-14 04:00:00,0.03333333333333333,246.16666666666666,756.4499999999999,-2.85,53.666666666666664
2025-02-14 05:00:00,0.35000000000000003,227.16666666666666,756.6666666666666,0.5833333333333334,43.333333333333336
2025-02-14 06:00:00,3.8833333333333333,252.5,756.4499999999999,0.2333333333333333,48.666666666666664
2025-02-14 07:00:00,3.8333333333333335,248.83333333333334,756.3499999999999,-0.05000000000000001,60.166666666666664
2025-02-14 08:00:00,3.8333333333333335,245.83333333333334,756.0666666666666,0.15,66.0
2025-02-14 09:00:00,2.983333333333333,246.0,755.3833333333333,-0.3333333333333333,78.33333333333333
2025-02-14 10:00:00,2.25,245.83333333333334,754.8833333333333,0.2833333333333333,68.5
2025-02-14 11:00:00,1.8666666666666665,233.0,754.5500000000001,0.3166666666666667,68.66666666666667
2025-02-14 12:00:00,1.75,233.83333333333334,754.2166666666667,-0.4666666666666666,69.83333333333333
2025-02-14 13:00:00,2.0833333333333335,234.0,754.2166666666667,-1.6333333333333335,98.83333333333333
2025-02-14 14:00:00,1.8,229.16666666666666,753.9166666666666,-1.6666666666666667,95.16666666666667
2025-02-14 15:00:00,4.25,252.33333333333334,754.0833333333334,-2.783333333333333,100.0
2025-02-14 16:00:00,4.016666666666667,251.5,754.2333333333332,-3.4,100.0
2025-02-14 17:00:00,6.5,255.0,754.4,-4.266666666666667,100.0
2025-02-14 18:00:00,4.75,247.83333333333334,754.3333333333334,-5.533333333333334,
2025-02-14 19:00:00,2.0833333333333335,244.83333333333334,754.1166666666667,-6.3500000000000005,
2025-02-14 20:00:00,0.16666666666666666,227.83333333333334,753.7666666666668,-7.95,100.0
2025-02-14 21:00:00,0.05000000000000001,225.66666666666666,753.5,-8.683333333333332,100.0
2025-02-14 22:00:00,0.25,231.33333333333334,753.4499999999999,-8.700000000000001,100.0
2025-02-14 23:00:00,1.1833333333333333,242.33333333333334,753.4499999999999,-7.516666666666667,100.0
2025-02-15 00:00:00,0.6333333333333333,236.0,753.4166666666666,-7.766666666666667,100.0
2025-02-15 01:00:00,0.6333333333333334,222.66666666666666,753.3166666666666,-8.200000000000001,99.83333333333333
2025-02-15 02:00:00,1.9333333333333333,197.33333333333334,753.5166666666668,-9.75,82.16666666666667
2025-02-15 03:00:00,1.5499999999999998,229.83333333333334,753.8333333333334,-9.816666666666666,63.333333333333336
2025-02-15 04:00:00,0.5666666666666667,220.66666666666666,754.3333333333334,-7.266666666666667,47.666666666666664
2025-02-15 05:00:00,0.6,234.5,754.7333333333332,-4.066666666666666,40.666666666666664
2025-02-15 06:00:00,0.18333333333333335,231.5,754.9666666666667,-1.1833333333333333,31.5
2025-02-15 07:00:00,0.7166666666666667,217.33333333333334,754.9833333333332,-1.4333333333333333,26.666666666666668
2025-02-15 08:00:00,1.05,224.33333333333334,754.8166666666666,-0.5,26.5
2025-02-15 09:00:00,2.4,224.83333333333334,754.4833333333332,-0.9,34.833333333333336
2025-02-15 10:00:00,3.033333333333333,228.83333333333334,754.1166666666667,-0.9,44.833333333333336
2025-02-15 11:00:00,3.35,229.5,753.8833333333333,-0.5499999999999999,44.0
2025-02-15 12:00:00,3.5666666666666664,233.66666666666666,753.7999999999998,-0.7666666666666666,49.5
2025-02-15 13:00:00,3.75,243.83333333333334,753.9166666666666,-1.2666666666666666,52.5
2025-02-15 14:00:00,4.05,247.0,754.2333333333332,-2.8666666666666667,56.666666666666664
2025-02-15 15:00:00,2.183333333333333,242.66666666666666,754.6,-4.2,57.833333333333336
2025-02-15 16:00:00,0.6166666666666667,214.33333333333334,754.9499999999999,-5.283333333333334,63.0
2025-02-15 17:00:00,0.6333333333333333,223.16666666666666,755.0,-6.25,72.5
2025-02-15 18:00:00,0.9333333333333335,235.83333333333334,754.9166666666666,-6.116666666666667,64.83333333333333
2025-02-15 19:00:00,0.43333333333333335,227.33333333333334,754.6,-5.583333333333333,49.333333333333336
2025-02-15 20:00:00,1.2833333333333332,200.5,754.4333333333334,-5.883333333333333,42.5
2025-02-15 21:00:00,0.25,221.0,754.4499999999999,-5.916666666666667,39.0
2025-02-15 22:00:00,0.016666666666666666,227.0,754.4666666666667,-6.233333333333333,38.166666666666664
2025-02-15 23:00:00,0.3,229.0,754.3000000000001,-6.116666666666667,35.833333333333336
2025-02-16 00:00:00,1.3,236.33333333333334,754.1333333333333,-5.283333333333333,31.333333333333332
2025-02-16 01:00:00,1.8,234.66666666666666,754.1,-4.8500000000000005,26.833333333333332
2025-02-16 02:00:00,1.0,227.33333333333334,754.2333333333332,-5.566666666666666,27.666666666666668
2025-02-16 03:00:00,0.5666666666666667,219.33333333333334,754.6166666666667,-6.166666666666667,27.333333333333332
2025-02-16 04:00:00,0.5,227.66666666666666,754.9499999999999,-3.0666666666666664,23.333333333333332
2025-02-16 05:00:00,1.05,236.16666666666666,755.2000000000002,0.08333333333333336,17.0
2025-02-16 06:00:00,0.9,233.66666666666666,755.3666666666667,1.0333333333333334,15.833333333333334
2025-02-16 07:00:00,1.3333333333333333,229.33333333333334,755.7666666666668,1.1833333333333333,23.166666666666668
2025-02-16 08:00:00,2.15,221.5,755.85,1.3666666666666665,23.833333333333332
2025-02-16 09:00:00,1.5666666666666664,227.5,755.3666666666667,2.4499999999999997,21.666666666666668
2025-02-16 10:00:00,2.6333333333333333,226.33333333333334,754.8166666666666,2.1666666666666665,21.666666666666668
2025-02-16 11:00:00,2.8000000000000003,227.83333333333334,754.5333333333333,1.9833333333333334,26.5
2025-02-16 12:00:00,2.25,232.83333333333334,754.5333333333333,1.4666666666666668,28.833333333333332
2025-02-16 13:00:00,1.7166666666666668,234.5,754.5500000000001,0.7166666666666667,32.333333333333336
2025-02-16 14:00:00,0.3,235.5,754.5,-1.0833333333333333,41.5
2025-02-16 15:00:00,0.3,227.66666666666666,754.8833333333333,-1.45,41.666666666666664
2025-02-16 16:00:00,0.8666666666666667,251.33333333333334,755.0333333333333,-2.3000000000000003,47.166666666666664
2025-02-16 17:00:00,0.8666666666666667,240.33333333333334,755.4833333333332,-2.85,45.833333333333336
2025-02-16 18:00:00,1.7333333333333334,232.5,756.0833333333334,-2.3333333333333335,42.833333333333336
2025-02-16 19:00:00,0.9500000000000001,241.33333333333334,755.5333333333333,-3.1666666666666665,45.833333333333336
2025-02-16 20:00:00,1.4500000000000002,247.5,754.8833333333333,-3.6666666666666665,46.0
2025-02-16 21:00:00,1.4666666666666668,243.83333333333334,754.5666666666666,-3.216666666666667,40.166666666666664
2025-02-16 22:00:00,1.4000000000000001,233.83333333333334,754.0833333333334,-2.466666666666667,34.666666666666664
2025-02-16 23:00:00,0.7999999999999999,209.83333333333334,753.6666666666666,-1.3499999999999999,44.333333333333336
2025-02-17 00:00:00,0.15,223.66666666666666,753.3833333333333,-0.7999999999999999,44.333333333333336
2025-02-17 01:00:00,0.9,228.83333333333334,753.2166666666667,-1.05,47.833333333333336
2025-02-17 02:00:00,1.75,237.5,753.5833333333334,-2.1,66.33333333333333
2025-02-17 03:00:00,2.716666666666667,249.16666666666666,753.25,-3.9166666666666665,100.0
2025-02-17 04:00:00,1.25,240.16666666666666,753.2666666666668,-1.9000000000000001,75.66666666666667
2025-02-17 05:00:00,1.2666666666666666,229.33333333333334,753.5166666666668,-0.9666666666666668,59.666666666666664
2025-02-17 06:00:00,1.4333333333333333,234.0,754.0666666666666,-3.1333333333333333,86.0
2025-02-17 07:00:00,1.5166666666666666,240.66666666666666,753.8166666666666,-3.25,100.0
2025-02-17 08:00:00,0.5499999999999999,234.66666666666666,753.5833333333334,-2.183333333333333,100.0
2025-02-17 09:00:00,1.2166666666666666,230.33333333333334,753.1833333333334,-2.0166666666666666,100.0
2025-02-17 10:00:00,1.25,229.66666666666666,752.7833333333333,-1.8333333333333333,100.0
2025-02-17 11:00:00,1.9000000000000001,235.66666666666666,752.6,-2.6999999999999997,99.39285714285714
2025-02-17 12:00:00,2.0166666666666666,252.16666666666666,752.7999999999998,-3.15,98.78571428571429
2025-02-17 13:00:00,1.5833333333333333,239.33333333333334,752.9833333333332,-3.4,
2025-02-17 14:00:00,0.8166666666666665,234.16666666666666,753.0833333333334,-4.033333333333333,
2025-02-17 15:00:00,0.6,233.66666666666666,753.7666666666668,-4.8500000000000005,
2025-02-17 16:00:00,0.10000000000000002,238.83333333333334,754.0333333333333,-6.0,
2025-02-17 17:00:00,0.6333333333333334,216.5,754.3166666666666,-7.533333333333332,95.75
2025-02-17 18:00:00,0.6166666666666666,210.33333333333334,754.2666666666668,-7.366666666666667,90.66666666666667
2025-02-17 19:00:00,1.4333333333333333,210.16666666666666,754.1999999999999,-8.25,88.5
2025-02-17 20:00:00,1.25,244.83333333333334,754.1333333333333,-7.333333333333333,85.5
2025-02-17 21:00:00,1.3499999999999999,245.5,754.0333333333333,-7.5,80.66666666666667
2025-02-17 22:00:00,1.4333333333333333,247.16666666666666,753.9,-7.383333333333333,67.0
2025-02-17 23:00:00,1.55,237.83333333333334,753.8833333333333,-8.299999999999999,64.66666666666667
2025-02-18 00:00:00,1.8166666666666667,245.0,753.6166666666667,-7.466666666666666,62.666666666666664
2025-02-18 01:00:00,1.2,242.0,753.8333333333334,-7.333333333333333,58.166666666666664
2025-02-18 02:00:00,0.13333333333333333,224.0,754.3166666666666,-7.3999999999999995,56.666666666666664
2025-02-18 03:00:00,1.6500000000000001,228.5,754.9,-8.333333333333334,60.166666666666664
2025-02-18 04:00:00,2.1666666666666665,241.33333333333334,755.4333333333334,-5.316666666666667,53.5
2025-02-18 05:00:00,1.5666666666666667,243.33333333333334,755.6833333333334,-2.216666666666667,47.0
2025-02-18 06:00:00,0.5166666666666667,228.16666666666666,755.9,0.16666666666666663,40.166666666666664
2025-02-18 07:00:00,1.4166666666666667,239.33333333333334,756.0,0.65,41.0
2025-02-18 08:00:00,1.3833333333333335,228.66666666666666,755.8333333333334,0.5166666666666667,44.666666666666664
2025-02-18 09:00:00,1.8666666666666665,220.66666666666666,755.4,0.39999999999999997,52.333333333333336
2025-02-18 10:00:00,2.1,218.83333333333334,754.9833333333332,0.3333333333333333,57.333333333333336
2025-02-18 11:00:00,2.6166666666666667,234.16666666666666,754.8166666666666,-0.03333333333333332,59.166666666666664
2025-02-18 12:00:00,3.3000000000000003,253.0,754.8833333333333,0.16666666666666666,56.833333333333336
2025-02-18 13:00:00,3.0500000000000003,251.16666666666666,755.0500000000001,-0.9166666666666666,72.83333333333333
2025-02-18 14:00:00,2.8833333333333333,251.0,755.4333333333334,-2.3000000000000003,89.33333333333333
2025-02-18 15:00:00,1.2333333333333334,236.5,755.8000000000001,-2.966666666666667,84.5
2025-02-18 16:00:00,0.6166666666666667,216.33333333333334,756.0500000000001,-5.3999999999999995,91.5
2025-02-18 17:00:00,0.5666666666666667,232.66666666666666,756.0166666666668,-5.066666666666667,76.83333333333333
2025-02-18 18:00:00,1.0999999999999999,235.83333333333334,756.1166666666667,-5.466666666666666,68.5
2025-02-18 19:00:00,1.45,239.16666666666666,756.0333333333333,-5.066666666666666,61.666666666666664
2025-02-18 20:00:00,1.0,239.16666666666666,756.0666666666666,-5.716666666666666,53.166666666666664
2025-02-18 21:00:00,1.8333333333333333,224.83333333333334,756.35,-6.183333333333334,48.833333333333336
2025-02-18 22:00:00,1.9000000000000001,242.16666666666666,756.4333333333334,-5.783333333333334,51.833333333333336
2025-02-18 23:00:00,1.7166666666666668,240.33333333333334,756.1999999999999,-5.6000000000000005,43.666666666666664
2025-02-19 00:00:00,1.1166666666666667,208.5,756.25,-6.716666666666666,38.666666666666664
2025-02-19 01:00:00,1.2666666666666666,218.0,756.1500000000001,-6.3999999999999995,33.333333333333336
2025-02-19 02:00:00,0.8666666666666667,204.5,756.3166666666666,-6.8,33.5
2025-02-19 03:00:00,1.3166666666666667,240.33333333333334,756.6166666666667,-6.7,34.5
2025-02-19 04:00:00,1.2166666666666666,242.33333333333334,757.0166666666668,-3.966666666666667,31.166666666666668
2025-02-19 05:00:00,0.2833333333333333,229.0,757.1833333333334,0.21666666666666667,24.166666666666668
2025-02-19 06:00:00,1.3833333333333335,236.83333333333334,757.5333333333333,1.5499999999999998,23.833333333333332
2025-02-19 07:00:00,1.1333333333333333,214.83333333333334,757.5,1.9000000000000001,27.0
2025-02-19 08:00:00,1.2666666666666666,223.16666666666666,757.1166666666667,2.466666666666667,33.833333333333336
2025-02-19 09:00:00,0.9166666666666666,218.83333333333334,756.3166666666666,3.533333333333333,27.5
2025-02-19 10:00:00,2.6833333333333336,222.33333333333334,755.8666666666667,2.35,39.333333333333336
2025-02-19 11:00:00,1.1166666666666667,214.0,755.5666666666666,2.983333333333333,37.333333333333336
2025-02-19 12:00:00,2.55,232.0,755.5333333333333,2.45,37.5
2025-02-19 13:00:00,3.016666666666667,237.33333333333334,755.75,0.9500000000000001,47.333333333333336
2025-02-19 14:00:00,2.066666666666667,246.66666666666666,755.8000000000001,-0.9166666666666666,56.5
2025-02-19 15:00:00,1.5,245.33333333333334,755.9666666666667,-1.5,60.0
2025-02-19 16:00:00,0.5,236.33333333333334,756.0166666666668,-1.75,59.5
2025-02-19 17:00:00,0.03333333333333333,212.66666666666666,755.85,-2.75,63.0
2025-02-19 18:00:00,0.09999999999999999,210.0,755.8166666666666,-3.1833333333333336,62.0
2025-02-19 19:00:00,0.31666666666666665,239.5,755.4833333333332,-3.033333333333333,58.0
2025-02-19 20:00:00,0.43333333333333335,247.5,755.1,-3.0833333333333335,52.0
2025-02-19 21:00:00,0.8833333333333333,253.83333333333334,754.65,-3.1999999999999997,45.833333333333336
2025-02-19 22:00:00,1.0,218.83333333333334,754.3833333333333,-3.9333333333333336,41.166666666666664
2025-02-19 23:00:00,1.5,200.83333333333334,754.15,-4.116666666666666,39.5
2025-02-20 00:00:00,2.0,194.83333333333334,753.6833333333334,-4.1,42.5
2025-02-20 01:00:00,1.05,219.5,753.5166666666668,-3.9333333333333336,41.833333333333336
2025-02-20 02:00:00,0.5833333333333334,225.33333333333334,753.6,-4.016666666666667,46.166666666666664
2025-02-20 03:00:00,0.3666666666666667,220.5,753.8666666666667,-3.533333333333333,46.166666666666664
2025-02-20 04:00:00,0.16666666666666666,246.66666666666666,754.1666666666666,-2.316666666666667,44.166666666666664
2025-02-20 05:00:00,0.7333333333333333,233.83333333333334,754.1500000000001,1.2333333333333332,33.5
2025-02-20 06:00:00,0.5166666666666667,212.83333333333334,754.1,2.533333333333333,28.666666666666668
2025-02-20 07:00:00,1.25,220.16666666666666,753.9666666666667,3.033333333333333,31.0
2025-02-20 08:00:00,2.066666666666667,220.33333333333334,753.5833333333334,3.9,28.833333333333332
2025-02-20 09:00:00,2.716666666666667,235.83333333333334,753.0666666666666,2.966666666666667,35.333333333333336
2025-02-20 10:00:00,2.3666666666666667,226.83333333333334,752.3833333333333,3.4,32.666666666666664
2025-02-20 11:00:00,2.35,241.83333333333334,752.0833333333334,3.233333333333333,33.666666666666664
2025-02-20 12:00:00,2.3666666666666667,239.5,752.0,2.4499999999999997,35.833333333333336
2025-02-20 13:00:00,3.516666666666667,244.83333333333334,752.0,1.6333333333333335,36.5
2025-02-20 14:00:00,1.4333333333333333,244.33333333333334,752.1833333333334,-0.08333333333333331,40.833333333333336
2025-02-20 15:00:00,0.11666666666666665,225.66666666666666,752.4833333333332,-1.5,47.833333333333336
2025-02-20 16:00:00,0.5833333333333334,233.16666666666666,752.6166666666667,-1.6166666666666665,44.0
2025-02-20 17:00:00,1.6500000000000001,244.83333333333334,752.3833333333333,-1.25,42.166666666666664
2025-02-20 18:00:00,2.3000000000000003,254.66666666666666,752.4166666666666,-1.25,41.5
2025-02-20 19:00:00,2.2666666666666666,247.33333333333334,752.5833333333334,-0.13333333333333333,37.833333333333336
2025-02-20 20:00:00,1.3833333333333335,232.0,752.25,-0.4166666666666667,40.833333333333336
2025-02-20 21:00:00,0.65,204.16666666666666,751.6166666666667,-1.1666666666666667,50.166666666666664
2025-02-20 22:00:00,1.0666666666666667,240.66666666666666,751.75,-0.6666666666666666,47.166666666666664
2025-02-20 23:00:00,1.4000000000000001,230.5,751.5333333333333,-0.3833333333333333,41.0
2025-02-21 00:00:00,0.6,216.83333333333334,751.1833333333334,-0.5333333333333333,41.833333333333336
2025-02-21 01:00:00,0.5833333333333334,209.5,750.9499999999999,-0.9166666666666666,46.333333333333336
2025-02-21 02:00:00,0.18333333333333335,212.66666666666666,751.2333333333332,-1.0999999999999999,47.166666666666664
2025-02-21 03:00:00,1.0166666666666666,234.33333333333334,751.5500000000001,-0.7333333333333334,41.666666666666664
2025-02-21 04:00:00,0.5,221.5,752.0166666666668,-0.43333333333333335,42.333333333333336
2025-02-21 05:00:00,1.7,234.66666666666666,752.5166666666668,-0.5833333333333334,45.333333333333336
2025-02-21 06:00:00,2.65,238.5,752.6166666666667,-1.8499999999999999,73.5
2025-02-21 07:00:00,1.3166666666666667,238.16666666666666,752.8333333333334,-1.5166666666666666,84.83333333333333
2025-02-21 08:00:00,2.3666666666666667,238.33333333333334,752.8333333333334,0.9,73.5
2025-02-21 09:00:00,4.466666666666667,244.16666666666666,752.2333333333332,1.9666666666666668,68.33333333333333
2025-02-21 10:00:00,5.083333333333333,225.0,751.9499999999999,2.033333333333333,65.66666666666667
2025-02-21 11:00:00,3.9499999999999997,230.5,752.2666666666668,0.8666666666666667,78.5
2025-02-21 12:00:00,2.9,250.33333333333334,752.5166666666668,0.21666666666666667,99.5
2025-02-21 13:00:00,1.6666666666666667,250.0,752.3666666666667,0.9833333333333334,83.16666666666667
2025-02-21 14:00:00,0.3,224.16666666666666,752.5333333333333,0.36666666666666664,78.5
2025-02-21 15:00:00,0.3333333333333333,230.66666666666666,752.6333333333333,0.3833333333333333,71.0
2025-02-21 16:00:00,0.5166666666666666,231.66666666666666,752.7833333333333,0.18333333333333335,76.0
2025-02-21 17:00:00,1.9000000000000001,218.33333333333334,752.8499999999999,1.1666666666666667,62.833333333333336
2025-02-21 18:00:00,4.116666666666666,224.33333333333334,752.9166666666666,1.2166666666666666,60.0
2025-02-21 19:00:00,3.1833333333333336,227.5,752.8166666666666,0.8666666666666667,62.5
2025-02-21 20:00:00,4.116666666666666,246.16666666666666,752.6333333333333,0.43333333333333335,61.666666666666664
2025-02-21 21:00:00,3.483333333333333,251.66666666666666,752.5500000000001,-0.18333333333333335,64.83333333333333
2025-02-21 22:00:00,3.4166666666666665,253.33333333333334,752.25,-0.43333333333333335,67.16666666666667
2025-02-21 23:00:00,3.6999999999999997,249.83333333333334,752.0,-0.39999999999999997,64.16666666666667
2025-02-22 00:00:00,3.0,256.5,751.8333333333334,-0.6333333333333333,66.83333333333333
2025-02-22 01:00:00,3.85,250.0,751.7333333333332,-0.6833333333333332,66.5
2025-02-22 02:00:00,3.9166666666666665,246.16666666666666,751.9833333333332,-1.5166666666666666,82.16666666666667
2025-02-22 03:00:00,4.716666666666667,251.5,752.65,-2.266666666666667,99.16666666666667
2025-02-22 04:00:00,5.3999999999999995,251.0,753.35,-2.6666666666666665,100.0
2025-02-22 05:00:00,3.733333333333333,252.16666666666666,753.7166666666667,-2.6999999999999997,100.0
2025-02-22 06:00:00,3.3333333333333335,250.33333333333334,753.9666666666667,-2.316666666666667,96.16666666666667
2025-02-22 07:00:00,3.4000000000000004,246.83333333333334,753.5833333333334,-0.75,66.5
2025-02-22 08:00:00,6.0,245.5,753.1999999999999,-0.9,59.5
2025-02-22 09:00:00,6.616666666666667,251.5,752.75,-1.3333333333333333,51.666666666666664
2025-02-22 10:00:00,3.3166666666666664,247.5,752.2333333333332,-1.5833333333333333,58.166666666666664
2025-02-22 11:00:00,1.4666666666666668,228.83333333333334,751.8833333333333,-2.183333333333333,72.33333333333333
2025-02-22 12:00:00,2.766666666666667,249.66666666666666,751.9333333333334,-3.3333333333333335,99.66666666666667
2025-02-22 13:00:00,3.1666666666666665,244.66666666666666,751.9,-3.4333333333333336,100.0
2025-02-22 14:00:00,1.6166666666666665,237.33333333333334,751.6999999999999,-3.0,100.0
2025-02-22 15:00:00,2.0500000000000003,234.66666666666666,751.7166666666667,-1.7833333333333332,92.83333333333333
2025-02-22 16:00:00,2.6166666666666667,223.66666666666666,751.8499999999999,-0.35000000000000003,76.66666666666667
2025-02-22 17:00:00,4.0,226.0,751.8166666666666,-0.04999999999999999,68.83333333333333
2025-02-22 18:00:00,4.533333333333333,219.66666666666666,751.6333333333333,0.21666666666666667,65.5
2025-02-22 19:00:00,3.6666666666666665,254.66666666666666,751.4,-0.45,71.16666666666667
2025-02-22 20:00:00,2.6333333333333333,248.5,750.65,-0.7999999999999999,77.0
2025-02-22 21:00:00,3.0666666666666664,219.66666666666666,750.1333333333333,-1.1500000000000001,91.83333333333333
2025-02-22 22:00:00,2.0833333333333335,231.0,749.5333333333333,-1.7666666666666666,100.0
2025-02-22 23:00:00,2.966666666666667,227.83333333333334,749.3166666666666,-2.3333333333333335,99.93939393939394
2025-02-23 00:00:00,3.733333333333333,249.66666666666666,748.9166666666666,-2.3000000000000003,99.87878787878788
2025-02-23 01:00:00,2.1166666666666667,242.33333333333334,748.5333333333333,-2.216666666666667,
2025-02-23 02:00:00,3.4,249.0,748.7666666666668,-2.35,
2025-02-23 03:00:00,3.1666666666666665,253.0,749.1166666666667,-2.6666666666666665,
2025-02-23 04:00:00,2.9333333333333336,239.16666666666666,749.5166666666668,-2.8499999999999996,
2025-02-23 05:00:00,4.616666666666666,248.16666666666666,749.8833333333333,-3.4166666666666665,
2025-02-23 06:00:00,4.2,256.3333333333333,749.9499999999999,-4.016666666666667,
2025-02-23 07:00:00,4.066666666666666,251.16666666666666,749.7833333333333,-4.333333333333333,
2025-02-23 08:00:00,5.316666666666666,255.0,749.6999999999999,-4.966666666666667,
2025-02-23 09:00:00,2.85,250.66666666666666,749.25,-4.383333333333334,99.33333333333333
2025-02-23 10:00:00,2.3000000000000003,238.16666666666666,748.8333333333334,-2.5,67.16666666666667
2025-02-23 11:00:00,3.1666666666666665,253.0,748.7666666666668,-1.3499999999999999,54.166666666666664
2025-02-23 12:00:00,4.116666666666666,253.5,748.8000000000001,-1.5166666666666666,54.166666666666664
2025-02-23 13:00:00,4.633333333333334,254.16666666666666,748.8833333333333,-2.0,53.166666666666664
2025-02-23 14:00:00,4.8500000000000005,256.6666666666667,749.0,-3.3666666666666667,48.5
2025-02-23 15:00:00,3.1166666666666667,252.16666666666666,749.2833333333333,-4.25,49.166666666666664
2025-02-23 16:00:00,2.033333333333333,248.66666666666666,749.4333333333334,-4.116666666666666,51.166666666666664
2025-02-23 17:00:00,2.5,250.66666666666666,749.4499999999999,-4.166666666666667,54.333333333333336
2025-02-23 18:00:00,1.1666666666666667,250.16666666666666,749.3333333333334,-4.783333333333333,59.166666666666664
2025-02-23 19:00:00,1.8666666666666665,249.16666666666666,749.0833333333334,-4.95,61.833333333333336
2025-02-23 20:00:00,0.9166666666666666,251.0,748.8666666666667,-6.183333333333334,65.5
2025-02-23 21:00:00,0.9,245.33333333333334,748.7333333333332,-7.016666666666667,70.16666666666667
2025-02-23 22:00:00,0.9333333333333332,236.66666666666666,748.4166666666666,-7.566666666666666,75.33333333333333
2025-02-23 23:00:00,2.5166666666666666,252.16666666666666,748.1,-7.233333333333333,72.0
2025-02-24 00:00:00,1.6500000000000001,253.66666666666666,747.8333333333334,-7.5,73.0
2025-02-24 01:00:00,1.9666666666666668,252.83333333333334,747.9666666666667,-8.066666666666666,70.66666666666667
2025-02-24 02:00:00,2.3666666666666667,253.33333333333334,747.9833333333332,-7.616666666666667,63.666666666666664
2025-02-24 03:00:00,2.8166666666666664,249.5,748.1999999999999,-7.333333333333333,61.666666666666664
2025-02-24 04:00:00,2.8166666666666664,245.66666666666666,748.6666666666666,-6.766666666666667,57.833333333333336
2025-02-24 05:00:00,2.8666666666666667,246.66666666666666,749.1,-6.133333333333333,58.333333333333336
2025-02-24 06:00:00,3.35,238.66666666666666,749.1500000000001,-5.916666666666667,57.166666666666664
2025-02-24 07:00:00,4.7,256.5,749.2333333333332,-6.1000000000000005,53.666666666666664
2025-02-24 08:00:00,5.1000000000000005,257.1666666666667,748.9166666666666,-6.066666666666666,51.333333333333336
2025-02-24 09:00:00,6.1000000000000005,257.1666666666667,748.4166666666666,-6.2,48.166666666666664
2025-02-24 10:00:00,6.283333333333334,257.0,748.0666666666666,-6.216666666666666,44.833333333333336
2025-02-24 11:00:00,6.983333333333333,257.8333333333333,747.6999999999999,-6.333333333333333,42.166666666666664
2025-02-24 12:00:00,7.066666666666666,256.8333333333333,747.5166666666668,-6.366666666666667,40.166666666666664
2025-02-24 13:00:00,8.316666666666666,256.8333333333333,747.4333333333334,-6.216666666666666,37.833333333333336
2025-02-24 14:00:00,8.016666666666667,257.5,747.2666666666668,-7.316666666666666,35.833333333333336
2025-02-24 15:00:00,5.033333333333333,252.5,747.2666666666668,-8.1,33.0
2025-02-24 16:00:00,5.533333333333334,256.8333333333333,747.1166666666667,-8.1,33.333333333333336
2025-02-24 17:00:00,2.2333333333333334,245.66666666666666,747.1833333333334,-8.4,38.333333333333336
2025-02-24 18:00:00,2.6166666666666667,250.5,747.0166666666668,-9.200000000000001,40.0
2025-02-24 19:00:00,5.116666666666667,250.66666666666666,746.6166666666667,-9.4,46.333333333333336
2025-02-24 20:00:00,4.933333333333334,253.83333333333334,746.15,-9.9,50.833333333333336
2025-02-24 21:00:00,4.533333333333333,244.66666666666666,745.9833333333332,-10.083333333333334,55.166666666666664
2025-02-24 22:00:00,3.9499999999999997,244.5,745.8666666666667,-10.916666666666666,59.333333333333336
2025-02-24 23:00:00,3.6166666666666667,246.66666666666666,745.7666666666668,-11.966666666666667,57.666666666666664
2025-02-25 00:00:00,3.9166666666666665,246.83333333333334,745.4833333333332,-12.733333333333334,44.5
2025-02-25 01:00:00,2.1166666666666667,237.83333333333334,744.9666666666667,-14.216666666666667,34.5
2025-02-25 02:00:00,2.1,219.33333333333334,744.9833333333332,-17.21666666666667,57.0
2025-02-25 03:00:00,6.466666666666666,211.33333333333334,744.9499999999999,-15.116666666666667,58.833333333333336
2025-02-25 04:00:00,8.35,221.5,745.5166666666668,-13.883333333333333,55.166666666666664
2025-02-25 05:00:00,8.5,212.83333333333334,746.5500000000001,-13.450000000000001,57.0
2025-02-25 06:00:00,6.6000000000000005,201.16666666666666,747.7166666666667,-12.616666666666667,53.5
2025-02-25 07:00:00,5.8500000000000005,199.0,748.6,-12.450000000000001,52.333333333333336
2025-02-25 08:00:00,3.85,211.5,749.0166666666668,-11.733333333333334,49.0
2025-02-25 09:00:00,4.083333333333333,250.66666666666666,749.2833333333333,-9.616666666666667,34.0
2025-02-25 10:00:00,3.75,237.66666666666666,749.2666666666668,-9.450000000000001,33.5
2025-02-25 11:00:00,3.216666666666667,247.83333333333334,749.6833333333334,-8.716666666666667,33.5
2025-02-25 12:00:00,5.133333333333334,255.83333333333334,750.1999999999999,-8.966666666666667,37.833333333333336
2025-02-25 13:00:00,4.733333333333333,253.5,750.6833333333334,-9.549999999999999,39.333333333333336
2025-02-25 14:00:00,4.416666666666667,243.0,751.0500000000001,-11.15,41.0
2025-02-25 15:00:00,2.466666666666667,236.83333333333334,751.5166666666668,-12.716666666666667,45.5
2025-02-25 16:00:00,1.3666666666666665,217.16666666666666,751.5333333333333,-14.583333333333334,50.0
2025-02-25 17:00:00,1.05,223.5,751.6333333333333,-14.883333333333333,49.166666666666664
2025-02-25 18:00:00,1.05,226.66666666666666,751.7166666666667,-13.950000000000001,43.666666666666664
2025-02-25 19:00:00,1.45,228.83333333333334,751.4,-13.950000000000001,38.666666666666664
2025-02-25 20:00:00,1.4166666666666667,238.33333333333334,751.5833333333334,-14.0,41.166666666666664
2025-02-25 21:00:00,1.4666666666666668,234.5,751.4,-13.666666666666666,40.666666666666664
2025-02-25 22:00:00,0.3833333333333333,220.5,751.0500000000001,-13.866666666666667,37.333333333333336
2025-02-25 23:00:00,0.05000000000000001,230.66666666666666,751.0166666666668,-14.183333333333332,36.166666666666664
2025-02-26 00:00:00,1.3333333333333333,204.66666666666666,751.0166666666668,-15.133333333333333,42.166666666666664
2025-02-26 01:00:00,0.9166666666666666,228.66666666666666,751.1999999999999,-14.9,44.666666666666664
2025-02-26 02:00:00,0.5833333333333334,223.5,751.3166666666666,-14.233333333333334,40.833333333333336
2025-02-26 03:00:00,0.7166666666666667,220.83333333333334,751.8000000000001,-13.35,41.333333333333336
2025-02-26 04:00:00,0.7833333333333333,239.33333333333334,752.4666666666667,-11.299999999999999,36.833333333333336
2025-02-26 05:00:00,0.7166666666666667,217.0,752.8666666666667,-9.083333333333334,32.833333333333336
2025-02-26 06:00:00,0.75,224.33333333333334,752.9166666666666,-7.983333333333333,32.0
2025-02-26 07:00:00,0.9333333333333332,216.0,753.0166666666668,-7.033333333333334,33.333333333333336
2025-02-26 08:00:00,2.0500000000000003,227.33333333333334,752.65,-6.45,36.333333333333336
2025-02-26 09:00:00,3.4166666666666665,243.16666666666666,752.0833333333334,-6.3,39.0
2025-02-26 10:00:00,4.433333333333334,242.0,751.6333333333333,-6.066666666666666,41.0
2025-02-26 11:00:00,5.233333333333333,246.5,751.4333333333334,-6.3,41.5
2025-02-26 12:00:00,5.1000000000000005,252.83333333333334,751.5166666666668,-6.8500000000000005,40.166666666666664
2025-02-26 13:00:00,4.533333333333333,250.83333333333334,751.5666666666666,-7.083333333333333,36.0
2025-02-26 14:00:00,5.266666666666667,250.66666666666666,751.6166666666667,-7.8,32.833333333333336
2025-02-26 15:00:00,4.016666666666667,250.5,751.8000000000001,-9.1,33.666666666666664
2025-02-26 16:00:00,2.716666666666667,245.66666666666666,752.1999999999999,-9.683333333333334,33.833333333333336
2025-02-26 17:00:00,2.3000000000000003,242.5,752.4499999999999,-9.883333333333333,34.5
2025-02-26 18:00:00,3.9333333333333336,252.83333333333334,752.5,-9.799999999999999,36.0
2025-02-26 19:00:00,4.05,256.0,752.4499999999999,-9.483333333333333,38.166666666666664
2025-02-26 20:00:00,4.75,252.16666666666666,752.3833333333333,-9.75,40.833333333333336
2025-02-26 21:00:00,3.183333333333333,251.16666666666666,752.2833333333333,-10.133333333333335,42.166666666666664
2025-02-26 22:00:00,0.7333333333333334,240.83333333333334,752.2666666666668,-11.533333333333333,45.166666666666664
2025-02-26 23:00:00,0.7000000000000001,237.0,751.85,-11.5,44.666666666666664
2025-02-27 00:00:00,0.8833333333333333,249.66666666666666,751.5333333333333,-11.549999999999999,43.833333333333336
2025-02-27 01:00:00,1.4833333333333334,251.16666666666666,751.5833333333334,-11.5,43.166666666666664
2025-02-27 02:00:00,1.4000000000000001,220.0,751.5333333333333,-12.65,45.666666666666664
2025-02-27 03:00:00,1.45,224.16666666666666,751.5500000000001,-13.15,51.0
2025-02-27 04:00:00,0.43333333333333335,237.33333333333334,751.4166666666666,-9.3,39.833333333333336
2025-02-27 05:00:00,1.0833333333333333,233.16666666666666,751.6166666666667,-6.383333333333333,29.0
2025-02-27 06:00:00,0.9333333333333332,225.33333333333334,751.7000000000002,-4.966666666666667,23.333333333333332
2025-02-27 07:00:00,2.6333333333333333,226.33333333333334,751.6666666666666,-5.333333333333333,28.166666666666668
2025-02-27 08:00:00,3.3333333333333335,227.5,751.4499999999999,-5.25,32.833333333333336
2025-02-27 09:00:00,4.2,248.16666666666666,751.0333333333333,-4.75,38.0
2025-02-27 10:00:00,4.2,243.66666666666666,750.4333333333334,-4.25,38.333333333333336
2025-02-27 11:00:00,4.966666666666667,248.0,750.1666666666666,-3.933333333333333,38.333333333333336
2025-02-27 12:00:00,5.25,250.66666666666666,750.1166666666667,-4.333333333333333,39.666666666666664
2025-02-27 13:00:00,4.583333333333333,243.83333333333334,750.2000000000002,-4.933333333333334,41.5
2025-02-27 14:00:00,4.3500000000000005,246.66666666666666,750.3666666666667,-6.766666666666667,45.666666666666664
2025-02-27 15:00:00,2.55,253.0,750.6666666666666,-8.366666666666665,51.166666666666664
2025-02-27 16:00:00,0.6,242.33333333333334,750.9499999999999,-10.15,54.166666666666664
2025-02-27 17:00:00,0.3,231.5,750.9833333333332,-10.983333333333334,56.333333333333336
2025-02-27 18:00:00,2.6,208.83333333333334,751.0,-10.616666666666667,52.333333333333336
2025-02-27 19:00:00,1.4833333333333334,213.33333333333334,751.0333333333333,-10.833333333333334,44.833333333333336
2025-02-27 20:00:00,10.4,192.16666666666666,750.8833333333333,-10.666666666666666,50.0
2025-02-27 21:00:00,9.25,192.16666666666666,750.7666666666668,-10.033333333333333,41.666666666666664
2025-02-27 22:00:00,1.7833333333333332,218.5,750.9333333333334,-10.716666666666667,35.5
2025-02-27 23:00:00,1.616666666666667,245.0,750.9666666666667,-12.299999999999999,42.166666666666664
2025-02-28 00:00:00,1.4333333333333333,234.0,751.0500000000001,-11.733333333333334,38.833333333333336
2025-02-28 01:00:00,0.6333333333333334,232.66666666666666,751.25,-12.549999999999999,37.666666666666664
2025-02-28 02:00:00,1.1500000000000001,239.0,751.4,-13.533333333333333,38.0
2025-02-28 03:00:00,0.8833333333333333,210.0,751.6,-13.049999999999999,33.833333333333336
2025-02-28 04:00:00,0.15,228.83333333333334,752.1666666666666,-9.866666666666667,32.833333333333336
2025-02-28 05:00:00,1.7166666666666668,229.5,752.6999999999999,-7.05,26.166666666666668
2025-02-28 06:00:00,0.7999999999999999,222.0,752.75,-5.633333333333333,24.666666666666668
2025-02-28 07:00:00,1.5,229.33333333333334,752.5166666666668,-4.433333333333334,24.833333333333332
2025-02-28 08:00:00,2.233333333333333,223.33333333333334,752.2166666666667,-4.1499999999999995,29.0
2025-02-28 09:00:00,2.9166666666666665,231.16666666666666,751.6333333333333,-3.9499999999999997,32.833333333333336
2025-02-28 10:00:00,4.233333333333333,231.66666666666666,751.3499999999999,-3.966666666666667,34.666666666666664
2025-02-28 11:00:00,4.65,240.33333333333334,751.25,-3.8666666666666667,38.166666666666664
2025-02-28 12:00:00,4.516666666666667,243.66666666666666,751.3333333333334,-3.9,38.833333333333336
2025-02-28 13:00:00,4.3,243.5,751.4333333333334,-4.783333333333333,38.166666666666664
2025-02-28 14:00:00,3.3833333333333333,246.16666666666666,751.4,-6.116666666666667,40.333333333333336
2025-02-28 15:00:00,1.4333333333333333,252.0,751.5333333333333,-7.833333333333333,46.166666666666664
2025-02-28 16:00:00,1.6666666666666667,233.0,751.5666666666666,-7.5,36.833333333333336
2025-02-28 17:00:00,1.45,252.5,751.6833333333334,-7.933333333333334,37.166666666666664
2025-02-28 18:00:00,1.0999999999999999,248.33333333333334,752.0,-7.416666666666667,30.5
2025-02-28 19:00:00,1.3499999999999999,240.16666666666666,751.8499999999999,-7.2,26.833333333333332
2025-02-28 20:00:00,0.35000000000000003,235.5,751.6666666666666,-8.666666666666666,32.166666666666664
2025-02-28 21:00:00,0.2333333333333333,237.33333333333334,751.4499999999999,-8.766666666666667,34.166666666666664
2025-02-28 22:00:00,0.5,211.83333333333334,751.1333333333333,-10.083333333333334,40.0
2025-02-28 23:00:00,0.9333333333333332,193.0,750.6833333333334,-10.716666666666667,47.5
2025-03-01 00:00:00,0.08333333333333333,233.66666666666666,750.4166666666666,-8.85,41.333333333333336
2025-03-01 01:00:00,0.5,218.0,750.3833333333333,-9.433333333333334,42.666666666666664
2025-03-01 02:00:00,0.5499999999999999,202.33333333333334,750.6,-10.516666666666667,47.5
2025-03-01 03:00:00,1.6666666666666667,190.33333333333334,750.9166666666666,-10.183333333333334,47.833333333333336
2025-03-01 04:00:00,0.35000000000000003,212.33333333333334,751.35,-6.966666666666666,40.5
2025-03-01 05:00:00,1.8,232.16666666666666,751.75,-4.55,32.5
2025-03-01 06:00:00,3.1999999999999997,228.66666666666666,752.1,-4.3500000000000005,35.5
2025-03-01 07:00:00,4.716666666666667,235.5,751.9833333333332,-3.766666666666667,39.833333333333336
2025-03-01 08:00:00,5.566666666666666,245.33333333333334,751.7333333333332,-2.716666666666667,38.833333333333336
2025-03-01 09:00:00,6.716666666666666,247.66666666666666,751.3000000000001,-2.716666666666667,33.0
2025-03-01 10:00:00,6.566666666666666,244.16666666666666,750.85,-2.3666666666666667,33.333333333333336
2025-03-01 11:00:00,5.883333333333333,244.83333333333334,750.6833333333334,-2.1833333333333336,32.333333333333336
2025-03-01 12:00:00,6.316666666666666,246.0,750.8166666666666,-2.35,33.666666666666664
2025-03-01 13:00:00,6.366666666666667,246.33333333333334,750.9833333333332,-3.3666666666666667,38.166666666666664
2025-03-01 14:00:00,5.516666666666667,249.16666666666666,750.9833333333332,-4.416666666666667,39.833333333333336
2025-03-01 15:00:00,4.183333333333334,251.66666666666666,751.2833333333333,-5.316666666666666,41.833333333333336
2025-03-01 16:00:00,1.8666666666666665,245.16666666666666,751.5500000000001,-6.716666666666666,51.333333333333336
2025-03-01 17:00:00,1.45,249.5,751.8833333333333,-8.466666666666667,64.16666666666667
2025-03-01 18:00:00,1.4333333333333333,244.0,751.9,-8.4,67.5
2025-03-01 19:00:00,1.3166666666666667,244.5,751.4666666666667,-7.933333333333334,65.83333333333333
2025-03-01 20:00:00,1.6166666666666665,248.66666666666666,751.1166666666667,-8.766666666666667,66.16666666666667
2025-03-01 21:00:00,1.6500000000000001,248.66666666666666,750.8000000000001,-8.983333333333333,68.66666666666667
2025-03-01 22:00:00,1.6166666666666665,252.16666666666666,750.7333333333332,-9.1,67.5
2025-03-01 23:00:00,1.95,251.33333333333334,750.3666666666667,-9.433333333333334,69.16666666666667
2025-03-02 00:00:00,2.6166666666666667,253.83333333333334,750.1333333333333,-10.483333333333333,71.0
2025-03-02 01:00:00,2.6833333333333336,255.33333333333334,750.25,-11.033333333333333,70.0
2025-03-02 02:00:00,3.016666666666667,252.33333333333334,750.1833333333334,-11.133333333333333,68.0
2025-03-02 03:00:00,2.983333333333333,251.66666666666666,750.5666666666666,-11.350000000000001,67.33333333333333
2025-03-02 04:00:00,3.0666666666666664,250.66666666666666,751.0,-9.216666666666667,59.5
2025-03-02 05:00:00,2.5166666666666666,236.83333333333334,751.5500000000001,-7.366666666666667,51.833333333333336
2025-03-02 06:00:00,1.1833333333333333,233.16666666666666,751.7666666666668,-5.116666666666667,45.666666666666664
2025-03-02 07:00:00,3.516666666666667,226.0,751.6166666666667,-4.733333333333333,49.0
2025-03-02 08:00:00,3.75,236.33333333333334,751.4833333333332,-4.733333333333333,52.666666666666664
2025-03-02 09:00:00,3.9333333333333336,227.16666666666666,751.1999999999999,-5.333333333333333,50.333333333333336
2025-03-02 10:00:00,4.066666666666666,228.66666666666666,751.1,-5.033333333333333,46.0
2025-03-02 11:00:00,4.3,224.0,751.2166666666667,-4.75,45.0
2025-03-02 12:00:00,2.8166666666666664,227.0,751.7166666666667,-5.25,47.0
2025-03-02 13:00:00,2.0500000000000003,244.83333333333334,752.2333333333332,-6.033333333333334,52.5
2025-03-02 14:00:00,2.0,250.5,752.5333333333333,-7.5,55.666666666666664
2025-03-02 15:00:00,2.183333333333333,252.16666666666666,753.0,-9.416666666666666,62.0
2025-03-02 16:00:00,1.6500000000000001,239.0,753.6666666666666,-10.133333333333333,63.5
2025-03-02 17:00:00,1.5833333333333333,249.83333333333334,753.9666666666667,-10.5,62.333333333333336
2025-03-02 18:00:00,1.0833333333333333,245.0,754.1166666666667,-10.25,45.333333333333336
2025-03-02 19:00:00,0.9,204.5,754.2833333333333,-10.866666666666667,42.333333333333336
2025-03-02 20:00:00,0.39999999999999997,228.66666666666666,754.2166666666667,-11.083333333333334,42.833333333333336
2025-03-02 21:00:00,0.9333333333333335,239.33333333333334,754.3333333333334,-10.85,36.5
2025-03-02 22:00:00,0.3,242.0,754.4833333333332,-11.1,35.333333333333336
2025-03-02 23:00:00,0.39999999999999997,221.83333333333334,754.5666666666666,-11.75,37.166666666666664
2025-03-03 00:00:00,1.3333333333333333,206.0,754.6500000000001,-12.633333333333333,42.833333333333336
2025-03-03 01:00:00,0.35000000000000003,237.83333333333334,754.9166666666666,-12.266666666666666,41.0
2025-03-03 02:00:00,1.0833333333333333,251.0,755.6,-11.85,42.5
2025-03-03 03:00:00,0.016666666666666666,214.16666666666666,755.9333333333334,-12.316666666666668,46.666666666666664
2025-03-03 04:00:00,0.8333333333333334,245.0,756.3166666666666,-8.916666666666666,45.5
2025-03-03 05:00:00,1.5833333333333333,236.16666666666666,756.9333333333334,-7.183333333333334,40.166666666666664
2025-03-03 06:00:00,2.316666666666667,226.83333333333334,757.1833333333334,-6.133333333333333,42.833333333333336
2025-03-03 07:00:00,2.533333333333333,218.66666666666666,757.3333333333334,-5.466666666666666,42.166666666666664
2025-03-03 08:00:00,3.1666666666666665,215.33333333333334,757.2333333333332,-4.783333333333333,45.333333333333336
2025-03-03 09:00:00,3.8833333333333333,224.5,756.85,-3.983333333333333,47.0
2025-03-03 10:00:00,3.733333333333333,234.0,756.3833333333333,-3.15,44.666666666666664
2025-03-03 11:00:00,3.483333333333333,241.83333333333334,756.25,-2.6333333333333333,43.0
2025-03-03 12:00:00,3.733333333333333,239.5,756.3333333333334,-2.783333333333333,44.166666666666664
2025-03-03 13:00:00,3.1166666666666667,245.33333333333334,756.5333333333333,-3.6999999999999997,46.166666666666664
2025-03-03 14:00:00,2.2333333333333334,239.5,756.5500000000001,-4.816666666666666,49.166666666666664
2025-03-03 15:00:00,1.0833333333333333,240.5,756.5666666666666,-6.25,54.166666666666664
2025-03-03 16:00:00,0.25,230.33333333333334,756.9,-6.533333333333334,55.5
2025-03-03 17:00:00,0.9833333333333334,233.0,756.9833333333332,-5.683333333333334,47.5
2025-03-03 18:00:00,0.31666666666666665,226.83333333333334,756.9833333333332,-4.883333333333334,39.833333333333336
2025-03-03 19:00:00,1.0333333333333334,242.83333333333334,757.0333333333333,-4.25,37.833333333333336
2025-03-03 20:00:00,0.5166666666666666,238.0,756.9666666666667,-4.883333333333334,40.333333333333336
2025-03-03 21:00:00,1.0,208.83333333333334,757.0500000000001,-5.116666666666666,45.0
2025-03-03 22:00:00,0.8333333333333334,218.83333333333334,756.9333333333334,-5.166666666666667,46.333333333333336
2025-03-03 23:00:00,0.6833333333333332,233.5,756.5166666666668,-4.8500000000000005,42.833333333333336
2025-03-04 00:00:00,0.6166666666666667,212.33333333333334,756.4666666666667,-5.716666666666666,49.0
2025-03-04 01:00:00,0.6833333333333332,204.33333333333334,756.5166666666668,-5.683333333333334,47.833333333333336
2025-03-04 02:00:00,0.85,229.0,756.7666666666668,-4.866666666666667,44.5
2025-03-04 03:00:00,0.39999999999999997,222.16666666666666,757.3166666666666,-4.566666666666666,43.333333333333336
2025-03-04 04:00:00,0.0,220.83333333333334,757.9333333333334,-2.1666666666666665,36.333333333333336
2025-03-04 05:00:00,0.85,236.83333333333334,758.25,-0.8166666666666668,34.5
2025-03-04 06:00:00,0.9,218.33333333333334,758.4666666666667,0.5499999999999999,30.666666666666668
2025-03-04 07:00:00,2.9333333333333336,222.5,758.5500000000001,0.5666666666666667,34.166666666666664
2025-03-04 08:00:00,2.6166666666666667,221.66666666666666,758.5833333333334,0.7166666666666667,36.0
2025-03-04 09:00:00,3.75,230.0,758.2833333333333,1.3833333333333335,35.5
2025-03-04 10:00:00,3.483333333333333,229.0,758.0,1.4166666666666667,35.333333333333336
2025-03-04 11:00:00,3.5833333333333335,227.83333333333334,757.9,1.7,34.833333333333336
2025-03-04 12:00:00,2.9499999999999997,223.66666666666666,757.9666666666667,1.2,35.166666666666664
2025-03-04 13:00:00,2.15,220.66666666666666,757.9166666666666,0.6,35.833333333333336
2025-03-04 14:00:00,0.6166666666666667,233.5,758.5333333333333,-0.8333333333333334,41.666666666666664
2025-03-04 15:00:00,0.39999999999999997,243.66666666666666,758.7666666666668,-1.9833333333333334,48.5
2025-03-04 16:00:00,0.7666666666666666,233.66666666666666,759.0,-1.6500000000000001,46.833333333333336
2025-03-04 17:00:00,0.9500000000000001,232.33333333333334,759.0,-1.5999999999999999,44.833333333333336
2025-03-04 18:00:00,0.3833333333333333,218.66666666666666,759.3333333333334,-2.15,47.5
2025-03-04 19:00:00,0.7666666666666666,240.33333333333334,759.3000000000001,-2.0833333333333335,44.166666666666664
2025-03-04 20:00:00,0.21666666666666665,219.16666666666666,759.0333333333333,-1.8499999999999999,39.833333333333336
2025-03-04 21:00:00,1.1166666666666667,247.66666666666666,758.8000000000001,-1.5833333333333333,35.333333333333336
2025-03-04 22:00:00,0.7166666666666667,237.0,758.5500000000001,-0.7666666666666666,30.333333333333332
2025-03-04 23:00:00,0.48333333333333334,233.16666666666666,758.15,-0.8166666666666668,33.333333333333336
2025-03-05 00:00:00,1.5833333333333333,244.33333333333334,758.0166666666668,-2.85,45.666666666666664
2025-03-05 01:00:00,1.6333333333333335,237.83333333333334,758.1666666666666,-2.316666666666667,42.666666666666664
2025-03-05 02:00:00,1.3833333333333335,224.66666666666666,758.6500000000001,-1.8166666666666667,39.833333333333336
2025-03-05 03:00:00,1.4000000000000001,233.83333333333334,758.7666666666668,-1.7333333333333334,39.333333333333336
2025-03-05 04:00:00,0.8666666666666667,236.66666666666666,759.1666666666666,-0.3,35.5
2025-03-05 05:00:00,0.43333333333333335,224.5,759.75,1.2666666666666666,29.5
2025-03-05 06:00:00,1.1,231.5,759.9,1.7333333333333334,30.833333333333332
2025-03-05 07:00:00,2.9333333333333336,236.83333333333334,759.7999999999998,1.0666666666666667,35.333333333333336
2025-03-05 08:00:00,1.5,233.33333333333334,759.5333333333333,1.1333333333333333,34.5
2025-03-05 09:00:00,2.3833333333333333,232.66666666666666,758.9499999999999,2.1,29.833333333333332
2025-03-05 10:00:00,3.0500000000000003,227.0,758.6,1.8,28.333333333333332
2025-03-05 11:00:00,2.65,222.5,758.4,1.8833333333333335,27.5
2025-03-05 12:00:00,2.2333333333333334,226.33333333333334,758.3000000000001,1.8499999999999999,27.666666666666668
2025-03-05 13:00:00,2.0500000000000003,248.83333333333334,758.4,1.6166666666666665,31.166666666666668
2025-03-05 14:00:00,1.4166666666666667,246.16666666666666,758.3333333333334,0.43333333333333335,35.5
2025-03-05 15:00:00,2.0,245.5,758.4833333333332,-0.7333333333333334,40.333333333333336
2025-03-05 16:00:00,1.8499999999999999,244.66666666666666,759.2333333333332,-1.45,43.333333333333336
2025-03-05 17:00:00,0.8666666666666667,244.66666666666666,759.3499999999999,-1.8333333333333333,44.166666666666664
2025-03-05 18:00:00,0.7833333333333333,250.66666666666666,759.4,-2.0166666666666666,45.166666666666664
2025-03-05 19:00:00,0.4166666666666667,237.33333333333334,759.0666666666666,-2.0166666666666666,49.166666666666664
2025-03-05 20:00:00,0.15,220.16666666666666,758.6999999999999,-1.8833333333333335,54.0
2025-03-05 21:00:00,0.7000000000000001,219.0,758.75,-1.45,55.666666666666664
2025-03-05 22:00:00,1.0999999999999999,232.0,758.7833333333333,-0.3666666666666667,48.0
2025-03-05 23:00:00,1.1666666666666667,242.33333333333334,758.4499999999999,-0.39999999999999997,48.0
2025-03-06 00:00:00,0.9666666666666667,234.16666666666666,758.0166666666668,-1.0,55.5
2025-03-06 01:00:00,0.8666666666666667,213.16666666666666,758.0833333333334,-0.6833333333333335,63.166666666666664
2025-03-06 02:00:00,0.23333333333333336,232.33333333333334,758.5,0.15,65.83333333333333
2025-03-06 03:00:00,0.3833333333333333,234.66666666666666,759.0500000000001,0.3666666666666667,61.333333333333336
2025-03-06 04:00:00,0.39999999999999997,232.5,759.7333333333332,0.7833333333333333,58.166666666666664
2025-03-06 05:00:00,1.15,239.5,760.0666666666666,0.9833333333333334,53.333333333333336
2025-03-06 06:00:00,1.0,233.0,760.0500000000001,1.9166666666666667,56.333333333333336
2025-03-06 07:00:00,1.3,222.33333333333334,760.0,3.766666666666667,56.0
2025-03-06 08:00:00,2.3666666666666667,233.66666666666666,759.7333333333332,3.8000000000000003,58.333333333333336
2025-03-06 09:00:00,2.2333333333333334,228.33333333333334,759.2833333333333,4.766666666666667,54.666666666666664
2025-03-06 10:00:00,4.116666666666666,234.0,758.9166666666666,5.05,55.0
2025-03-06 11:00:00,5.0,243.83333333333334,758.9666666666667,5.083333333333333,56.0
2025-03-06 12:00:00,5.0,243.83333333333334,758.8833333333333,5.166666666666667,54.333333333333336
2025-03-06 13:00:00,4.133333333333334,247.83333333333334,758.9666666666667,5.066666666666666,52.166666666666664
2025-03-06 14:00:00,3.5,256.3333333333333,759.25,3.9166666666666665,56.166666666666664
2025-03-06 15:00:00,1.95,255.66666666666666,759.8000000000001,2.6833333333333336,63.166666666666664
2025-03-06 16:00:00,0.7999999999999999,230.5,760.1333333333333,1.9666666666666668,63.5
2025-03-06 17:00:00,0.5166666666666667,228.66666666666666,760.8000000000001,1.25,65.5
2025-03-06 18:00:00,1.3,242.5,761.0500000000001,1.5666666666666667,53.333333333333336
2025-03-06 19:00:00,0.9166666666666666,230.16666666666666,761.1500000000001,1.1666666666666667,50.833333333333336
2025-03-06 20:00:00,1.4000000000000001,219.16666666666666,760.9666666666667,0.21666666666666667,57.5
2025-03-06 21:00:00,1.6666666666666667,201.83333333333334,760.85,-0.3,55.0
2025-03-06 22:00:00,1.7,209.66666666666666,760.8333333333334,0.2833333333333333,47.833333333333336
2025-03-06 23:00:00,1.7833333333333332,225.16666666666666,760.35,0.3666666666666667,42.166666666666664
2025-03-07 00:00:00,2.066666666666667,231.66666666666666,760.3666666666667,0.7166666666666667,40.0
2025-03-07 01:00:00,2.5500000000000003,247.0,761.0833333333334,-0.13333333333333333,43.5
2025-03-07 02:00:00,2.766666666666667,253.16666666666666,761.8833333333333,-0.6666666666666666,46.166666666666664
2025-03-07 03:00:00,2.783333333333333,252.33333333333334,761.7833333333333,-0.2333333333333333,45.333333333333336
2025-03-07 04:00:00,2.3000000000000003,245.83333333333334,762.3000000000001,1.3666666666666665,40.166666666666664
2025-03-07 05:00:00,1.95,254.0,762.65,3.483333333333333,35.333333333333336
2025-03-07 06:00:00,2.1,242.33333333333334,763.1999999999999,5.916666666666667,29.333333333333332
2025-03-07 07:00:00,1.1500000000000001,228.16666666666666,763.3166666666666,6.883333333333333,27.0
2025-03-07 08:00:00,1.2166666666666666,216.83333333333334,763.0500000000001,7.6000000000000005,25.166666666666668
2025-03-07 09:00:00,2.9499999999999997,234.66666666666666,762.8666666666667,6.483333333333333,34.833333333333336
2025-03-07 10:00:00,1.7333333333333332,228.33333333333334,762.1166666666667,6.116666666666667,38.166666666666664
2025-03-07 11:00:00,1.55,235.66666666666666,761.2166666666667,6.516666666666667,37.666666666666664
2025-03-07 12:00:00,2.3333333333333335,227.66666666666666,761.1333333333333,6.666666666666667,38.0
2025-03-07 13:00:00,2.4833333333333334,250.5,761.1833333333334,4.933333333333334,43.833333333333336
2025-03-07 14:00:00,0.5,244.66666666666666,761.1,3.8499999999999996,47.833333333333336
2025-03-07 15:00:00,1.4666666666666668,220.5,760.9833333333332,2.9333333333333336,54.333333333333336
2025-03-07 16:00:00,1.7666666666666666,249.16666666666666,761.1500000000001,3.233333333333333,52.833333333333336
2025-03-07 17:00:00,1.1166666666666667,247.66666666666666,760.9,3.216666666666667,57.666666666666664
2025-03-07 18:00:00,1.4000000000000001,231.83333333333334,760.9833333333332,2.966666666666667,57.166666666666664
2025-03-07 19:00:00,1.9500000000000002,247.83333333333334,760.65,3.1166666666666667,54.666666666666664
2025-03-07 20:00:00,3.9,240.83333333333334,759.9499999999999,3.6833333333333336,54.833333333333336
2025-03-07 21:00:00,2.983333333333333,238.33333333333334,759.1,3.783333333333333,64.66666666666667
2025-03-07 22:00:00,0.39999999999999997,230.66666666666666,759.0166666666668,3.3333333333333335,71.5
2025-03-07 23:00:00,0.7833333333333333,223.5,758.9,3.3333333333333335,79.33333333333333
2025-03-08 00:00:00,2.466666666666667,246.16666666666666,758.2833333333333,1.5,100.0
2025-03-08 01:00:00,0.7833333333333333,243.16666666666666,758.0666666666666,1.1,100.0
2025-03-08 02:00:00,0.8833333333333333,246.33333333333334,757.8333333333334,0.7666666666666666,100.0
2025-03-08 03:00:00,0.3166666666666667,224.33333333333334,757.6833333333334,1.0666666666666667,100.0
2025-03-08 04:00:00,0.3333333333333333,227.83333333333334,758.0166666666668,1.5833333333333333,
2025-03-08 05:00:00,3.0,248.66666666666666,757.4166666666666,2.716666666666667,100.0
2025-03-08 06:00:00,1.7666666666666666,228.0,757.1999999999999,3.3333333333333335,100.0
2025-03-08 07:00:00,1.8499999999999999,227.66666666666666,757.5,2.4833333333333334,100.0
2025-03-08 08:00:00,0.8999999999999999,229.33333333333334,757.15,2.1166666666666667,100.0
2025-03-08 09:00:00,0.016666666666666666,229.5,756.6666666666666,1.8166666666666667,
2025-03-08 10:00:00,0.7166666666666667,244.5,756.1666666666666,1.7,
2025-03-08 11:00:00,3.5833333333333335,253.0,754.75,2.2333333333333334,
2025-03-08 12:00:00,3.1999999999999997,242.33333333333334,754.0,3.533333333333333,100.0
2025-03-08 13:00:00,1.6833333333333333,241.5,754.1333333333333,2.966666666666667,100.0
2025-03-08 14:00:00,1.45,237.66666666666666,754.1833333333334,2.766666666666667,100.0
2025-03-08 15:00:00,3.016666666666667,244.16666666666666,754.0833333333334,1.7666666666666666,
2025-03-08 16:00:00,2.4166666666666665,256.3333333333333,754.0833333333334,0.9333333333333332,
2025-03-08 17:00:00,2.1833333333333336,251.16666666666666,754.0500000000001,0.20000000000000004,
2025-03-08 18:00:00,1.25,238.66666666666666,753.9166666666666,1.2333333333333334,
2025-03-08 19:00:00,1.25,226.5,753.7333333333332,1.05,
2025-03-08 20:00:00,1.0333333333333334,234.16666666666666,753.6833333333334,0.4666666666666666,
2025-03-08 21:00:00,0.6166666666666667,226.83333333333334,753.5166666666668,0.3666666666666667,
2025-03-08 22:00:00,0.6666666666666666,225.33333333333334,753.4166666666666,0.03333333333333333,
2025-03-08 23:00:00,0.13333333333333333,244.16666666666666,753.1999999999999,0.15,
2025-03-09 00:00:00,0.5,245.66666666666666,752.9166666666666,0.049999999999999996,
2025-03-09 01:00:00,0.7833333333333333,249.33333333333334,753.1166666666667,0.3,
2025-03-09 02:00:00,0.5333333333333333,243.16666666666666,753.6999999999999,-0.16666666666666666,
2025-03-09 03:00:00,0.09999999999999999,253.16666666666666,754.0666666666666,-0.43333333333333335,
2025-03-09 04:00:00,0.6,236.83333333333334,754.8833333333333,0.13333333333333333,
2025-03-09 05:00:00,1.05,235.66666666666666,755.2333333333332,0.8666666666666667,
2025-03-09 06:00:00,1.3,246.33333333333334,755.6166666666667,1.6666666666666667,100.0
2025-03-09 07:00:00,1.5333333333333332,238.83333333333334,755.75,3.35,99.16666666666667
2025-03-09 08:00:00,0.5666666666666667,213.66666666666666,755.7833333333333,2.433333333333333,100.0
2025-03-09 09:00:00,0.45,226.0,755.65,2.5,100.0
2025-03-09 10:00:00,1.0333333333333334,230.66666666666666,755.3499999999999,4.083333333333333,97.83333333333333
2025-03-09 11:00:00,0.9333333333333332,231.33333333333334,755.2833333333333,4.2,95.83333333333333
2025-03-09 12:00:00,1.8333333333333333,245.5,755.3833333333333,3.6833333333333336,94.0
2025-03-09 13:00:00,1.8833333333333335,249.66666666666666,755.5,3.283333333333333,96.33333333333333
2025-03-09 14:00:00,2.183333333333333,251.0,755.8166666666666,2.1166666666666667,98.83333333333333
2025-03-09 15:00:00,2.766666666666667,256.0,756.15,0.8666666666666667,100.0
2025-03-09 16:00:00,1.5666666666666667,245.16666666666666,756.65,0.25,100.0
2025-03-09 17:00:00,1.9333333333333333,252.0,756.8000000000001,0.6666666666666666,100.0
2025-03-09 18:00:00,1.0333333333333334,240.33333333333334,757.0166666666668,1.0999999999999999,99.91428571428571
2025-03-09 19:00:00,1.8499999999999999,230.5,756.9833333333332,1.4666666666666668,99.82857142857142
2025-03-09 20:00:00,0.8166666666666668,216.0,756.7833333333333,0.8333333333333334,
2025-03-09 21:00:00,1.0166666666666666,207.33333333333334,756.75,1.4666666666666668,
2025-03-09 22:00:00,1.2,241.66666666666666,756.5,0.4166666666666667,
2025-03-09 23:00:00,0.6,247.5,756.4666666666667,-0.049999999999999996,
2025-03-10 00:00:00,0.0,240.66666666666666,756.4,-0.03333333333333333,
2025-03-10 01:00:00,0.0,242.0,756.5500000000001,0.05000000000000001,
2025-03-10 02:00:00,0.0,244.83333333333334,756.8333333333334,0.049999999999999996,
2025-03-10 03:00:00,0.0,241.66666666666666,757.15,0.25,
2025-03-10 04:00:00,0.13333333333333333,241.33333333333334,757.7333333333332,0.6,
2025-03-10 05:00:00,0.049999999999999996,239.16666666666666,758.0333333333333,1.05,
2025-03-10 06:00:00,0.16666666666666666,229.16666666666666,758.2333333333332,2.1666666666666665,
2025-03-10 07:00:00,0.43333333333333335,223.16666666666666,758.1999999999999,4.466666666666667,98.8
2025-03-10 08:00:00,0.45,237.16666666666666,757.9833333333332,4.2,100.0
2025-03-10 09:00:00,1.75,234.83333333333334,757.5333333333333,4.6499999999999995,96.83333333333333
2025-03-10 10:00:00,4.1,203.5,757.3,2.6500000000000004,97.5
2025-03-10 11:00:00,2.5,227.0,757.5,0.9833333333333334,100.0
2025-03-10 12:00:00,3.283333333333333,252.16666666666666,757.4833333333332,0.5333333333333333,99.65
2025-03-10 13:00:00,3.683333333333333,251.16666666666666,757.5833333333334,0.8166666666666668,99.3
2025-03-10 14:00:00,1.8666666666666665,233.33333333333334,757.6333333333333,0.5833333333333334,
2025-03-10 15:00:00,1.0666666666666667,208.66666666666666,757.9333333333334,0.9166666666666666,98.6
2025-03-10 16:00:00,1.3166666666666667,243.66666666666666,758.1999999999999,1.0999999999999999,99.66666666666667
2025-03-10 17:00:00,2.1333333333333333,236.16666666666666,758.6999999999999,0.6666666666666666,98.6
2025-03-10 18:00:00,1.7833333333333334,223.33333333333334,759.0166666666668,0.9333333333333332,100.0
2025-03-10 19:00:00,0.9333333333333335,226.33333333333334,758.7166666666667,0.9166666666666666,100.0
2025-03-10 20:00:00,0.8999999999999999,221.0,758.6500000000001,1.5999999999999999,100.0
2025-03-10 21:00:00,0.6,234.16666666666666,758.4499999999999,1.1166666666666665,100.0
2025-03-10 22:00:00,0.0,230.83333333333334,758.25,0.9666666666666668,100.0
2025-03-10 23:00:00,0.45,228.66666666666666,757.9499999999999,1.0833333333333333,100.0
